cell_type,level,source,species,color,direction
Adjacent_BGn,neighborhood,HMBA_BasalGanglia,multi,#666666,Not assessed
Glut Sero Dopa_BGn,neighborhood,HMBA_BasalGanglia,multi,#91F4BB,Not assessed
Nonneuron_BGn,neighborhood,HMBA_BasalGanglia,multi,#A8AFA5,Not assessed
Subpallium GABA_BGn,neighborhood,HMBA_BasalGanglia,multi,#19613B,Not assessed
Subpallium GABA-Glut_BGn,neighborhood,HMBA_BasalGanglia,multi,#7E1D19,Not assessed
Adjacent_BGc,class,HMBA_BasalGanglia,multi,#666666,Not assessed
Astro-Epen_BGc,class,HMBA_BasalGanglia,multi,#401E66,Not assessed
CN CGE GABA_BGc,class,HMBA_BasalGanglia,multi,#26E8BB,Not assessed
CN GABA-Glut_BGc,class,HMBA_BasalGanglia,multi,#1C8D83,Not assessed
CN LGE GABA_BGc,class,HMBA_BasalGanglia,multi,#D0B83C,Not assessed
CN MGE GABA_BGc,class,HMBA_BasalGanglia,multi,#CE4C27,Not assessed
Cx GABA_BGc,class,HMBA_BasalGanglia,multi,#EBB3A7,Not assessed
F M GABA_BGc,class,HMBA_BasalGanglia,multi,#CD0F13,Not assessed
F M Glut_BGc,class,HMBA_BasalGanglia,multi,#7D0F09,Not assessed
Immune_BGc,class,HMBA_BasalGanglia,multi,#995C60,Not assessed
M Dopa_BGc,class,HMBA_BasalGanglia,multi,#0433B4,Not assessed
OPC-Oligo_BGc,class,HMBA_BasalGanglia,multi,#594A26,Not assessed
Vascular_BGc,class,HMBA_BasalGanglia,multi,#A8AFA5,Not assessed
ACx MEIS2 GABA_BGs,subclass,HMBA_BasalGanglia,multi,#3636ED,Not assessed
Adjacent_BGs,subclass,HMBA_BasalGanglia,multi,#666666,Not assessed
Astrocyte_BGs,subclass,HMBA_BasalGanglia,multi,#401E66,Not assessed
CN Cholinergic GABA_BGs,subclass,HMBA_BasalGanglia,multi,#B1F081,Not assessed
CN GABA-Glut_BGs,subclass,HMBA_BasalGanglia,multi,#D2599A,Not assessed
CN LAMP5-CXCL14 GABA_BGs,subclass,HMBA_BasalGanglia,multi,#E5B672,Not assessed
CN LAMP5-LHX6 GABA_BGs,subclass,HMBA_BasalGanglia,multi,#F48D44,Not assessed
CN LHX8 GABA_BGs,subclass,HMBA_BasalGanglia,multi,#CAF28B,Not assessed
CN MEIS2 GABA_BGs,subclass,HMBA_BasalGanglia,multi,#D8F378,Not assessed
CN ONECUT1 GABA_BGs,subclass,HMBA_BasalGanglia,multi,#967BE5,Not assessed
CN ST18 GABA_BGs,subclass,HMBA_BasalGanglia,multi,#5FD989,Not assessed
CN VIP GABA_BGs,subclass,HMBA_BasalGanglia,multi,#1BC06A,Not assessed
COP_BGs,subclass,HMBA_BasalGanglia,multi,#CCA43D,Not assessed
Endo_BGs,subclass,HMBA_BasalGanglia,multi,#66493D,Not assessed
Ependymal_BGs,subclass,HMBA_BasalGanglia,multi,#564860,Not assessed
F GABA_BGs,subclass,HMBA_BasalGanglia,multi,#7BA2DF,Not assessed
F Glut_BGs,subclass,HMBA_BasalGanglia,multi,#39E1E2,Not assessed
F M GATA3 GABA_BGs,subclass,HMBA_BasalGanglia,multi,#311A96,Not assessed
F M Glut_BGs,subclass,HMBA_BasalGanglia,multi,#66750B,Not assessed
M Dopa_BGs,subclass,HMBA_BasalGanglia,multi,#77F0CA,Not assessed
Macrophage_BGs,subclass,HMBA_BasalGanglia,multi,#CC887A,Not assessed
Microglia_BGs,subclass,HMBA_BasalGanglia,multi,#995C60,Not assessed
OPC_BGs,subclass,HMBA_BasalGanglia,multi,#F5E689,Not assessed
OT Granular GABA_BGs,subclass,HMBA_BasalGanglia,multi,#9160CB,Not assessed
Oligodendrocyte_BGs,subclass,HMBA_BasalGanglia,multi,#594A26,Not assessed
Pericyte_BGs,subclass,HMBA_BasalGanglia,multi,#B97300,Not assessed
SMC_BGs,subclass,HMBA_BasalGanglia,multi,#858881,Not assessed
SN PAX7 GABA_BGs,subclass,HMBA_BasalGanglia,multi,#720A7D,Not assessed
STR D1 MSN_BGs,subclass,HMBA_BasalGanglia,multi,#1655F2,Not assessed
STR D2 MSN_BGs,subclass,HMBA_BasalGanglia,multi,#253C8C,Not assessed
STR Hybrid MSN_BGs,subclass,HMBA_BasalGanglia,multi,#79BDF4,Not assessed
STR RSPO2 GABA_BGs,subclass,HMBA_BasalGanglia,multi,#5B0E63,Not assessed
STR SST GABA_BGs,subclass,HMBA_BasalGanglia,multi,#ED8D40,Not assessed
STR SST-CHODL GABA_BGs,subclass,HMBA_BasalGanglia,multi,#EEA495,Not assessed
VLMC_BGs,subclass,HMBA_BasalGanglia,multi,#A8AFA5,Not assessed
AMY-SLEA-BNST GABA_BGg,group,HMBA_BasalGanglia,multi,#B69E14,Not assessed
Adjacent_BGg,group,HMBA_BasalGanglia,multi,#666666,Not assessed
Astrocyte_BGg,group,HMBA_BasalGanglia,multi,#195F8D,Not assessed
BAM_BGg,group,HMBA_BasalGanglia,multi,#CC887A,Not assessed
BF SKOR1 Glut_BGg,group,HMBA_BasalGanglia,multi,#EB0077,Not assessed
COP_BGg,group,HMBA_BasalGanglia,multi,#CCA43D,Not assessed
Endo_BGg,group,HMBA_BasalGanglia,multi,#66493D,Not assessed
Ependymal_BGg,group,HMBA_BasalGanglia,multi,#564860,Not assessed
GPe MEIS2-SOX6 GABA_BGg,group,HMBA_BasalGanglia,multi,#937A2E,Not assessed
GPe SOX6-CTXND1 GABA_BGg,group,HMBA_BasalGanglia,multi,#E9DC4D,Not assessed
GPe-NDB-SI LHX6-LHX8-GBX1 GABA_BGg,group,HMBA_BasalGanglia,multi,#B2520E,Not assessed
GPi Core_BGg,group,HMBA_BasalGanglia,multi,#D3489A,Not assessed
GPi Shell_BGg,group,HMBA_BasalGanglia,multi,#642265,Not assessed
GPin-BF Cholinergic GABA_BGg,group,HMBA_BasalGanglia,multi,#6FC7B2,Not assessed
ImOligo_BGg,group,HMBA_BasalGanglia,multi,#CC915C,Not assessed
LAMP5-CXCL14 GABA_BGg,group,HMBA_BasalGanglia,multi,#F6B5D1,Not assessed
LAMP5-LHX6 GABA_BGg,group,HMBA_BasalGanglia,multi,#00AF88,Not assessed
Microglia_BGg,group,HMBA_BasalGanglia,multi,#995C60,Not assessed
OB Dopa-GABA_BGg,group,HMBA_BasalGanglia,multi,#902F6B,Not assessed
OB FRMD7 GABA_BGg,group,HMBA_BasalGanglia,multi,#CD0753,Not assessed
OPC_BGg,group,HMBA_BasalGanglia,multi,#F5E689,Not assessed
OT D1 ICj_BGg,group,HMBA_BasalGanglia,multi,#FF7F0E,Not assessed
Oligo OPALIN_BGg,group,HMBA_BasalGanglia,multi,#66391F,Not assessed
Oligo PLEKHG1_BGg,group,HMBA_BasalGanglia,multi,#594A26,Not assessed
Pericyte_BGg,group,HMBA_BasalGanglia,multi,#B97300,Not assessed
SMC_BGg,group,HMBA_BasalGanglia,multi,#858881,Not assessed
SN EBF2 GABA_BGg,group,HMBA_BasalGanglia,multi,#C8DF45,Not assessed
SN GATA3-PAX8 GABA_BGg,group,HMBA_BasalGanglia,multi,#FF7266,Not assessed
SN GATA3-PVALB GABA_BGg,group,HMBA_BasalGanglia,multi,#017D7C,Not assessed
SN SEMA5A GABA_BGg,group,HMBA_BasalGanglia,multi,#3604FB,Not assessed
SN SOX6 Dopa_BGg,group,HMBA_BasalGanglia,multi,#D7AAE4,Not assessed
SN-VTR CALB1 Dopa_BGg,group,HMBA_BasalGanglia,multi,#854098,Not assessed
SN-VTR GAD2 Dopa_BGg,group,HMBA_BasalGanglia,multi,#3EC918,Not assessed
SN-VTR-HTH GATA3-TCF7L2 GABA_BGg,group,HMBA_BasalGanglia,multi,#1DBFCF,Not assessed
STH PVALB-PITX2 Glut_BGg,group,HMBA_BasalGanglia,multi,#F57E20,Not assessed
STR Cholinergic GABA_BGg,group,HMBA_BasalGanglia,multi,#8F5FF5,Not assessed
STR D1D2 Hybrid MSN_BGg,group,HMBA_BasalGanglia,multi,#9467BD,Not assessed
STR FS PTHLH-PVALB GABA_BGg,group,HMBA_BasalGanglia,multi,#E16C95,Not assessed
STR LYPD6-RSPO2 GABA_BGg,group,HMBA_BasalGanglia,multi,#488EDC,Not assessed
STR SST-ADARB2 GABA_BGg,group,HMBA_BasalGanglia,multi,#FDE020,Not assessed
STR SST-CHODL GABA_BGg,group,HMBA_BasalGanglia,multi,#708297,Not assessed
STR SST-RSPO2 GABA_BGg,group,HMBA_BasalGanglia,multi,#F3B79B,Not assessed
STR TAC3-PLPP4 GABA_BGg,group,HMBA_BasalGanglia,multi,#21EEF1,Not assessed
STR-BF TAC3-PLPP4-LHX8 GABA_BGg,group,HMBA_BasalGanglia,multi,#9D3B4F,Not assessed
STRd Cholinergic GABA_BGg,group,HMBA_BasalGanglia,multi,#A9F266,Not assessed
STRd D1 Matrix MSN_BGg,group,HMBA_BasalGanglia,multi,#1F77B4,Not assessed
STRd D1 Striosome MSN_BGg,group,HMBA_BasalGanglia,multi,#D62728,Not assessed
STRd D2 Matrix MSN_BGg,group,HMBA_BasalGanglia,multi,#AEC7E8,Not assessed
STRd D2 StrioMat Hybrid MSN_BGg,group,HMBA_BasalGanglia,multi,#5713C3,Not assessed
STRd D2 Striosome MSN_BGg,group,HMBA_BasalGanglia,multi,#FF9896,Not assessed
STRv D1 MSN_BGg,group,HMBA_BasalGanglia,multi,#339933,Not assessed
STRv D1 NUDAP MSN_BGg,group,HMBA_BasalGanglia,multi,#E377C2,Not assessed
STRv D2 MSN_BGg,group,HMBA_BasalGanglia,multi,#98DF8A,Not assessed
VIP GABA_BGg,group,HMBA_BasalGanglia,multi,#FC2B80,Not assessed
VLMC_BGg,group,HMBA_BasalGanglia,multi,#A8AFA5,Not assessed
VTR-HTH Glut_BGg,group,HMBA_BasalGanglia,multi,#54621F,Not assessed
ZI-HTH GABA_BGg,group,HMBA_BasalGanglia,multi,#C49C94,Not assessed
Human-102,cluster,HMBA_BasalGanglia,human,#DE3BC9,Not assessed
Human-103,cluster,HMBA_BasalGanglia,human,#ECAFCE,Not assessed
Human-104,cluster,HMBA_BasalGanglia,human,#DE3EC9,Not assessed
Human-105,cluster,HMBA_BasalGanglia,human,#EBADCD,Not assessed
Human-107,cluster,HMBA_BasalGanglia,human,#DE40C8,Not assessed
Human-108,cluster,HMBA_BasalGanglia,human,#A70350,Not assessed
Human-109,cluster,HMBA_BasalGanglia,human,#F20C51,Not assessed
Human-11,cluster,HMBA_BasalGanglia,human,#F4D05D,Not assessed
Human-111,cluster,HMBA_BasalGanglia,human,#7A4350,Not assessed
Human-112,cluster,HMBA_BasalGanglia,human,#431F13,Not assessed
Human-113,cluster,HMBA_BasalGanglia,human,#3C3247,Not assessed
Human-114,cluster,HMBA_BasalGanglia,human,#715B7B,Not assessed
Human-115,cluster,HMBA_BasalGanglia,human,#40354B,Not assessed
Human-116,cluster,HMBA_BasalGanglia,human,#6E5878,Not assessed
Human-117,cluster,HMBA_BasalGanglia,human,#401545,Not assessed
Human-118,cluster,HMBA_BasalGanglia,human,#83307D,Not assessed
Human-119,cluster,HMBA_BasalGanglia,human,#BD82DB,Not assessed
Human-12,cluster,HMBA_BasalGanglia,human,#392B17,Not assessed
Human-120,cluster,HMBA_BasalGanglia,human,#E7C6EB,Not assessed
Human-121,cluster,HMBA_BasalGanglia,human,#C087DC,Not assessed
Human-122,cluster,HMBA_BasalGanglia,human,#E7C6EB,Not assessed
Human-125,cluster,HMBA_BasalGanglia,human,#43384E,Not assessed
Human-128,cluster,HMBA_BasalGanglia,human,#BA0075,Not assessed
Human-129,cluster,HMBA_BasalGanglia,human,#FB2274,Not assessed
Human-13,cluster,HMBA_BasalGanglia,human,#87582D,Not assessed
Human-130,cluster,HMBA_BasalGanglia,human,#BE0076,Not assessed
Human-134,cluster,HMBA_BasalGanglia,human,#CDD821,Not assessed
Human-135,cluster,HMBA_BasalGanglia,human,#1B00D5,Not assessed
Human-136,cluster,HMBA_BasalGanglia,human,#C6E36D,Not assessed
Human-138,cluster,HMBA_BasalGanglia,human,#6830F9,Not assessed
Human-14,cluster,HMBA_BasalGanglia,human,#0C4758,Not assessed
Human-140,cluster,HMBA_BasalGanglia,human,#CEDD25,Not assessed
Human-143,cluster,HMBA_BasalGanglia,human,#2968BF,Not assessed
Human-145,cluster,HMBA_BasalGanglia,human,#0D495A,Not assessed
Human-146,cluster,HMBA_BasalGanglia,human,#2868BD,Not assessed
Human-147,cluster,HMBA_BasalGanglia,human,#AC8581,Not assessed
Human-148,cluster,HMBA_BasalGanglia,human,#7C4451,Not assessed
Human-149,cluster,HMBA_BasalGanglia,human,#0D4A5C,Not assessed
Human-15,cluster,HMBA_BasalGanglia,human,#776B37,Not assessed
Human-150,cluster,HMBA_BasalGanglia,human,#2868BB,Not assessed
Human-151,cluster,HMBA_BasalGanglia,human,#AB837F,Not assessed
Human-152,cluster,HMBA_BasalGanglia,human,#0E4B5E,Not assessed
Human-153,cluster,HMBA_BasalGanglia,human,#7E4652,Not assessed
Human-154,cluster,HMBA_BasalGanglia,human,#29641C,Not assessed
Human-155,cluster,HMBA_BasalGanglia,human,#5ABE6C,Not assessed
Human-156,cluster,HMBA_BasalGanglia,human,#29651C,Not assessed
Human-157,cluster,HMBA_BasalGanglia,human,#58BE6A,Not assessed
Human-159,cluster,HMBA_BasalGanglia,human,#2768B9,Not assessed
Human-160,cluster,HMBA_BasalGanglia,human,#0E4C60,Not assessed
Human-161,cluster,HMBA_BasalGanglia,human,#A78525,Not assessed
Human-162,cluster,HMBA_BasalGanglia,human,#DE4F00,Not assessed
Human-163,cluster,HMBA_BasalGanglia,human,#FCAE41,Not assessed
Human-164,cluster,HMBA_BasalGanglia,human,#E35400,Not assessed
Human-165,cluster,HMBA_BasalGanglia,human,#2A671D,Not assessed
Human-166,cluster,HMBA_BasalGanglia,human,#57BE68,Not assessed
Human-167,cluster,HMBA_BasalGanglia,human,#2A681E,Not assessed
Human-168,cluster,HMBA_BasalGanglia,human,#88630C,Not assessed
Human-169,cluster,HMBA_BasalGanglia,human,#55BD66,Not assessed
Human-170,cluster,HMBA_BasalGanglia,human,#2A6A1E,Not assessed
Human-171,cluster,HMBA_BasalGanglia,human,#E0E11F,Not assessed
Human-173,cluster,HMBA_BasalGanglia,human,#F5C300,Not assessed
Human-176,cluster,HMBA_BasalGanglia,human,#53BD64,Not assessed
Human-18,cluster,HMBA_BasalGanglia,human,#7F2C45,Not assessed
Human-180,cluster,HMBA_BasalGanglia,human,#F7F5B4,Not assessed
Human-182,cluster,HMBA_BasalGanglia,human,#F4D464,Not assessed
Human-186,cluster,HMBA_BasalGanglia,human,#AA807C,Not assessed
Human-187,cluster,HMBA_BasalGanglia,human,#804753,Not assessed
Human-188,cluster,HMBA_BasalGanglia,human,#F7F3AD,Not assessed
Human-189,cluster,HMBA_BasalGanglia,human,#FF6575,Not assessed
Human-190,cluster,HMBA_BasalGanglia,human,#330C9B,Not assessed
Human-191,cluster,HMBA_BasalGanglia,human,#F4D86C,Not assessed
Human-192,cluster,HMBA_BasalGanglia,human,#8220E5,Not assessed
Human-194,cluster,HMBA_BasalGanglia,human,#370DA0,Not assessed
Human-195,cluster,HMBA_BasalGanglia,human,#7C1AE5,Not assessed
Human-196,cluster,HMBA_BasalGanglia,human,#3C0EA5,Not assessed
Human-199,cluster,HMBA_BasalGanglia,human,#7719E0,Not assessed
Human-2,cluster,HMBA_BasalGanglia,human,#7DD64E,Not assessed
Human-20,cluster,HMBA_BasalGanglia,human,#216D8E,Not assessed
Human-200,cluster,HMBA_BasalGanglia,human,#B74E59,Not assessed
Human-201,cluster,HMBA_BasalGanglia,human,#842E47,Not assessed
Human-202,cluster,HMBA_BasalGanglia,human,#B54956,Not assessed
Human-203,cluster,HMBA_BasalGanglia,human,#893149,Not assessed
Human-204,cluster,HMBA_BasalGanglia,human,#0ADCCA,Not assessed
Human-205,cluster,HMBA_BasalGanglia,human,#B04654,Not assessed
Human-206,cluster,HMBA_BasalGanglia,human,#4EDFF1,Not assessed
Human-208,cluster,HMBA_BasalGanglia,human,#8E334A,Not assessed
Human-21,cluster,HMBA_BasalGanglia,human,#0BE3D5,Not assessed
Human-210,cluster,HMBA_BasalGanglia,human,#4383C9,Not assessed
Human-211,cluster,HMBA_BasalGanglia,human,#236F93,Not assessed
Human-212,cluster,HMBA_BasalGanglia,human,#3E82C8,Not assessed
Human-213,cluster,HMBA_BasalGanglia,human,#257197,Not assessed
Human-214,cluster,HMBA_BasalGanglia,human,#3981C7,Not assessed
Human-215,cluster,HMBA_BasalGanglia,human,#2B6B1F,Not assessed
Human-216,cluster,HMBA_BasalGanglia,human,#52BD62,Not assessed
Human-217,cluster,HMBA_BasalGanglia,human,#2B6D1F,Not assessed
Human-218,cluster,HMBA_BasalGanglia,human,#FEBEB4,Not assessed
Human-219,cluster,HMBA_BasalGanglia,human,#FF6A78,Not assessed
Human-22,cluster,HMBA_BasalGanglia,human,#50BC60,Not assessed
Human-220,cluster,HMBA_BasalGanglia,human,#FEBDB4,Not assessed
Human-221,cluster,HMBA_BasalGanglia,human,#2B6E20,Not assessed
Human-222,cluster,HMBA_BasalGanglia,human,#4EBC5E,Not assessed
Human-223,cluster,HMBA_BasalGanglia,human,#146B89,Not assessed
Human-224,cluster,HMBA_BasalGanglia,human,#2C7020,Not assessed
Human-225,cluster,HMBA_BasalGanglia,human,#337AD6,Not assessed
Human-227,cluster,HMBA_BasalGanglia,human,#2668B8,Not assessed
Human-228,cluster,HMBA_BasalGanglia,human,#156C8C,Not assessed
Human-229,cluster,HMBA_BasalGanglia,human,#307AD6,Not assessed
Human-23,cluster,HMBA_BasalGanglia,human,#AF1B30,Not assessed
Human-230,cluster,HMBA_BasalGanglia,human,#0F4D62,Not assessed
Human-231,cluster,HMBA_BasalGanglia,human,#2668B6,Not assessed
Human-232,cluster,HMBA_BasalGanglia,human,#0F4E64,Not assessed
Human-233,cluster,HMBA_BasalGanglia,human,#6B44AB,Not assessed
Human-234,cluster,HMBA_BasalGanglia,human,#B68FCA,Not assessed
Human-235,cluster,HMBA_BasalGanglia,human,#EBABCD,Not assessed
Human-236,cluster,HMBA_BasalGanglia,human,#6E45AE,Not assessed
Human-237,cluster,HMBA_BasalGanglia,human,#DE43C7,Not assessed
Human-238,cluster,HMBA_BasalGanglia,human,#EAA9CC,Not assessed
Human-239,cluster,HMBA_BasalGanglia,human,#DE45C7,Not assessed
Human-24,cluster,HMBA_BasalGanglia,human,#4CBB5C,Not assessed
Human-240,cluster,HMBA_BasalGanglia,human,#EAA7CB,Not assessed
Human-241,cluster,HMBA_BasalGanglia,human,#762006,Not assessed
Human-242,cluster,HMBA_BasalGanglia,human,#E6951E,Not assessed
Human-243,cluster,HMBA_BasalGanglia,human,#DF47C6,Not assessed
Human-244,cluster,HMBA_BasalGanglia,human,#EAA4CA,Not assessed
Human-245,cluster,HMBA_BasalGanglia,human,#B48CC9,Not assessed
Human-246,cluster,HMBA_BasalGanglia,human,#E8BD1C,Not assessed
Human-247,cluster,HMBA_BasalGanglia,human,#E7EC7C,Not assessed
Human-248,cluster,HMBA_BasalGanglia,human,#E8C121,Not assessed
Human-249,cluster,HMBA_BasalGanglia,human,#E8EB77,Not assessed
Human-25,cluster,HMBA_BasalGanglia,human,#156D8F,Not assessed
Human-250,cluster,HMBA_BasalGanglia,human,#782106,Not assessed
Human-251,cluster,HMBA_BasalGanglia,human,#E6931C,Not assessed
Human-252,cluster,HMBA_BasalGanglia,human,#7A2306,Not assessed
Human-253,cluster,HMBA_BasalGanglia,human,#E8C426,Not assessed
Human-254,cluster,HMBA_BasalGanglia,human,#E6911A,Not assessed
Human-255,cluster,HMBA_BasalGanglia,human,#E9EB73,Not assessed
Human-256,cluster,HMBA_BasalGanglia,human,#7C2406,Not assessed
Human-257,cluster,HMBA_BasalGanglia,human,#E8C72B,Not assessed
Human-258,cluster,HMBA_BasalGanglia,human,#DD3D8B,Not assessed
Human-259,cluster,HMBA_BasalGanglia,human,#E799AA,Not assessed
Human-26,cluster,HMBA_BasalGanglia,human,#2C7AD6,Not assessed
Human-260,cluster,HMBA_BasalGanglia,human,#DD418B,Not assessed
Human-261,cluster,HMBA_BasalGanglia,human,#E796A8,Not assessed
Human-262,cluster,HMBA_BasalGanglia,human,#DD458C,Not assessed
Human-263,cluster,HMBA_BasalGanglia,human,#E692A6,Not assessed
Human-264,cluster,HMBA_BasalGanglia,human,#758160,Not assessed
Human-265,cluster,HMBA_BasalGanglia,human,#8B4800,Not assessed
Human-266,cluster,HMBA_BasalGanglia,human,#DD488C,Not assessed
Human-267,cluster,HMBA_BasalGanglia,human,#E3A604,Not assessed
Human-268,cluster,HMBA_BasalGanglia,human,#BE6135,Not assessed
Human-269,cluster,HMBA_BasalGanglia,human,#D6B888,Not assessed
Human-27,cluster,HMBA_BasalGanglia,human,#166E92,Not assessed
Human-270,cluster,HMBA_BasalGanglia,human,#C06436,Not assessed
Human-271,cluster,HMBA_BasalGanglia,human,#924D00,Not assessed
Human-272,cluster,HMBA_BasalGanglia,human,#DD9E03,Not assessed
Human-273,cluster,HMBA_BasalGanglia,human,#985300,Not assessed
Human-274,cluster,HMBA_BasalGanglia,human,#D79703,Not assessed
Human-275,cluster,HMBA_BasalGanglia,human,#9F5900,Not assessed
Human-276,cluster,HMBA_BasalGanglia,human,#6234F6,Not assessed
Human-277,cluster,HMBA_BasalGanglia,human,#D5B685,Not assessed
Human-278,cluster,HMBA_BasalGanglia,human,#D18F02,Not assessed
Human-279,cluster,HMBA_BasalGanglia,human,#EAEB6F,Not assessed
Human-28,cluster,HMBA_BasalGanglia,human,#2567B4,Not assessed
Human-280,cluster,HMBA_BasalGanglia,human,#C36737,Not assessed
Human-281,cluster,HMBA_BasalGanglia,human,#E8CA2F,Not assessed
Human-282,cluster,HMBA_BasalGanglia,human,#A3F23B,Not assessed
Human-283,cluster,HMBA_BasalGanglia,human,#EAEA6A,Not assessed
Human-284,cluster,HMBA_BasalGanglia,human,#E8CD34,Not assessed
Human-285,cluster,HMBA_BasalGanglia,human,#B7F490,Not assessed
Human-286,cluster,HMBA_BasalGanglia,human,#4ABE96,Not assessed
Human-287,cluster,HMBA_BasalGanglia,human,#93D1C9,Not assessed
Human-29,cluster,HMBA_BasalGanglia,human,#297AD5,Not assessed
Human-293,cluster,HMBA_BasalGanglia,human,#705220,Not assessed
Human-294,cluster,HMBA_BasalGanglia,human,#C42B94,Not assessed
Human-295,cluster,HMBA_BasalGanglia,human,#D96FA3,Not assessed
Human-296,cluster,HMBA_BasalGanglia,human,#CA2D96,Not assessed
Human-297,cluster,HMBA_BasalGanglia,human,#536D7D,Not assessed
Human-298,cluster,HMBA_BasalGanglia,human,#9199AD,Not assessed
Human-299,cluster,HMBA_BasalGanglia,human,#556E7E,Not assessed
Human-3,cluster,HMBA_BasalGanglia,human,#8FA282,Not assessed
Human-30,cluster,HMBA_BasalGanglia,human,#176F95,Not assessed
Human-300,cluster,HMBA_BasalGanglia,human,#8F98AC,Not assessed
Human-301,cluster,HMBA_BasalGanglia,human,#577080,Not assessed
Human-302,cluster,HMBA_BasalGanglia,human,#8D96AB,Not assessed
Human-303,cluster,HMBA_BasalGanglia,human,#F17864,Not assessed
Human-304,cluster,HMBA_BasalGanglia,human,#F5D8BC,Not assessed
Human-305,cluster,HMBA_BasalGanglia,human,#F17C67,Not assessed
Human-306,cluster,HMBA_BasalGanglia,human,#228BD0,Not assessed
Human-307,cluster,HMBA_BasalGanglia,human,#759AE1,Not assessed
Human-308,cluster,HMBA_BasalGanglia,human,#238BD3,Not assessed
Human-309,cluster,HMBA_BasalGanglia,human,#7199E0,Not assessed
Human-31,cluster,HMBA_BasalGanglia,human,#0F4F66,Not assessed
Human-310,cluster,HMBA_BasalGanglia,human,#F5D8BC,Not assessed
Human-311,cluster,HMBA_BasalGanglia,human,#F1806A,Not assessed
Human-312,cluster,HMBA_BasalGanglia,human,#008055,Not assessed
Human-313,cluster,HMBA_BasalGanglia,human,#258CD7,Not assessed
Human-314,cluster,HMBA_BasalGanglia,human,#B4A53E,Not assessed
Human-315,cluster,HMBA_BasalGanglia,human,#745621,Not assessed
Human-316,cluster,HMBA_BasalGanglia,human,#B1A13C,Not assessed
Human-317,cluster,HMBA_BasalGanglia,human,#775A22,Not assessed
Human-318,cluster,HMBA_BasalGanglia,human,#AE9C3B,Not assessed
Human-319,cluster,HMBA_BasalGanglia,human,#7B5E24,Not assessed
Human-32,cluster,HMBA_BasalGanglia,human,#DF4AC6,Not assessed
Human-320,cluster,HMBA_BasalGanglia,human,#AA9839,Not assessed
Human-321,cluster,HMBA_BasalGanglia,human,#472C27,Not assessed
Human-322,cluster,HMBA_BasalGanglia,human,#836955,Not assessed
Human-323,cluster,HMBA_BasalGanglia,human,#492E28,Not assessed
Human-324,cluster,HMBA_BasalGanglia,human,#816753,Not assessed
Human-328,cluster,HMBA_BasalGanglia,human,#4C302A,Not assessed
Human-329,cluster,HMBA_BasalGanglia,human,#7F6552,Not assessed
Human-33,cluster,HMBA_BasalGanglia,human,#E9A2CA,Not assessed
Human-330,cluster,HMBA_BasalGanglia,human,#4E322C,Not assessed
Human-331,cluster,HMBA_BasalGanglia,human,#7D6250,Not assessed
Human-332,cluster,HMBA_BasalGanglia,human,#C2EBC2,Not assessed
Human-333,cluster,HMBA_BasalGanglia,human,#7ED651,Not assessed
Human-334,cluster,HMBA_BasalGanglia,human,#C0EBC0,Not assessed
Human-335,cluster,HMBA_BasalGanglia,human,#7FD753,Not assessed
Human-336,cluster,HMBA_BasalGanglia,human,#BEEABE,Not assessed
Human-337,cluster,HMBA_BasalGanglia,human,#7FD755,Not assessed
Human-338,cluster,HMBA_BasalGanglia,human,#DB6655,Not assessed
Human-339,cluster,HMBA_BasalGanglia,human,#BCEABC,Not assessed
Human-34,cluster,HMBA_BasalGanglia,human,#7046B0,Not assessed
Human-340,cluster,HMBA_BasalGanglia,human,#80D757,Not assessed
Human-341,cluster,HMBA_BasalGanglia,human,#2C7121,Not assessed
Human-342,cluster,HMBA_BasalGanglia,human,#B21C30,Not assessed
Human-343,cluster,HMBA_BasalGanglia,human,#DB6151,Not assessed
Human-344,cluster,HMBA_BasalGanglia,human,#04DAC2,Not assessed
Human-345,cluster,HMBA_BasalGanglia,human,#00865B,Not assessed
Human-346,cluster,HMBA_BasalGanglia,human,#DB0080,Not assessed
Human-347,cluster,HMBA_BasalGanglia,human,#F97B97,Not assessed
Human-348,cluster,HMBA_BasalGanglia,human,#DD0080,Not assessed
Human-35,cluster,HMBA_BasalGanglia,human,#297AD2,Not assessed
Human-350,cluster,HMBA_BasalGanglia,human,#F388C3,Not assessed
Human-351,cluster,HMBA_BasalGanglia,human,#F97996,Not assessed
Human-352,cluster,HMBA_BasalGanglia,human,#DF0080,Not assessed
Human-353,cluster,HMBA_BasalGanglia,human,#F97795,Not assessed
Human-355,cluster,HMBA_BasalGanglia,human,#E10081,Not assessed
Human-356,cluster,HMBA_BasalGanglia,human,#F97494,Not assessed
Human-357,cluster,HMBA_BasalGanglia,human,#E30081,Not assessed
Human-358,cluster,HMBA_BasalGanglia,human,#F97293,Not assessed
Human-359,cluster,HMBA_BasalGanglia,human,#E50081,Not assessed
Human-36,cluster,HMBA_BasalGanglia,human,#E58E19,Not assessed
Human-360,cluster,HMBA_BasalGanglia,human,#F97093,Not assessed
Human-361,cluster,HMBA_BasalGanglia,human,#E70081,Not assessed
Human-362,cluster,HMBA_BasalGanglia,human,#F5BCCE,Not assessed
Human-363,cluster,HMBA_BasalGanglia,human,#F96E92,Not assessed
Human-364,cluster,HMBA_BasalGanglia,human,#F38EC4,Not assessed
Human-365,cluster,HMBA_BasalGanglia,human,#F6BCCF,Not assessed
Human-367,cluster,HMBA_BasalGanglia,human,#E90081,Not assessed
Human-368,cluster,HMBA_BasalGanglia,human,#F96C91,Not assessed
Human-37,cluster,HMBA_BasalGanglia,human,#7F2607,Not assessed
Human-374,cluster,HMBA_BasalGanglia,human,#B28AC8,Not assessed
Human-375,cluster,HMBA_BasalGanglia,human,#F493C5,Not assessed
Human-376,cluster,HMBA_BasalGanglia,human,#3EA511,Not assessed
Human-378,cluster,HMBA_BasalGanglia,human,#3B3D10,Not assessed
Human-379,cluster,HMBA_BasalGanglia,human,#719638,Not assessed
Human-38,cluster,HMBA_BasalGanglia,human,#EAE866,Not assessed
Human-380,cluster,HMBA_BasalGanglia,human,#46184B,Not assessed
Human-381,cluster,HMBA_BasalGanglia,human,#7EB8DF,Not assessed
Human-382,cluster,HMBA_BasalGanglia,human,#FF6F7A,Not assessed
Human-384,cluster,HMBA_BasalGanglia,human,#C5CFEC,Not assessed
Human-386,cluster,HMBA_BasalGanglia,human,#62307A,Not assessed
Human-387,cluster,HMBA_BasalGanglia,human,#A754B1,Not assessed
Human-388,cluster,HMBA_BasalGanglia,human,#41E22B,Not assessed
Human-389,cluster,HMBA_BasalGanglia,human,#3B3C10,Not assessed
Human-39,cluster,HMBA_BasalGanglia,human,#E68FA4,Not assessed
Human-390,cluster,HMBA_BasalGanglia,human,#3EAC12,Not assessed
Human-391,cluster,HMBA_BasalGanglia,human,#719537,Not assessed
Human-392,cluster,HMBA_BasalGanglia,human,#3B3C10,Not assessed
Human-393,cluster,HMBA_BasalGanglia,human,#00554D,Not assessed
Human-394,cluster,HMBA_BasalGanglia,human,#709337,Not assessed
Human-395,cluster,HMBA_BasalGanglia,human,#E04E06,Not assessed
Human-396,cluster,HMBA_BasalGanglia,human,#F4AB50,Not assessed
Human-397,cluster,HMBA_BasalGanglia,human,#E55307,Not assessed
Human-4,cluster,HMBA_BasalGanglia,human,#BCCBB9,Not assessed
Human-40,cluster,HMBA_BasalGanglia,human,#DE4C8D,Not assessed
Human-400,cluster,HMBA_BasalGanglia,human,#3A3C10,Not assessed
Human-401,cluster,HMBA_BasalGanglia,human,#6F9236,Not assessed
Human-404,cluster,HMBA_BasalGanglia,human,#F4A64A,Not assessed
Human-405,cluster,HMBA_BasalGanglia,human,#DF4CC5,Not assessed
Human-406,cluster,HMBA_BasalGanglia,human,#E9A0C9,Not assessed
Human-407,cluster,HMBA_BasalGanglia,human,#8B660C,Not assessed
Human-408,cluster,HMBA_BasalGanglia,human,#DFDE1E,Not assessed
Human-409,cluster,HMBA_BasalGanglia,human,#B20451,Not assessed
Human-41,cluster,HMBA_BasalGanglia,human,#E58BA2,Not assessed
Human-410,cluster,HMBA_BasalGanglia,human,#E80B52,Not assessed
Human-413,cluster,HMBA_BasalGanglia,human,#73235B,Not assessed
Human-417,cluster,HMBA_BasalGanglia,human,#A97D7A,Not assessed
Human-418,cluster,HMBA_BasalGanglia,human,#7E2D79,Not assessed
Human-419,cluster,HMBA_BasalGanglia,human,#4D1A51,Not assessed
Human-42,cluster,HMBA_BasalGanglia,human,#DE508E,Not assessed
Human-420,cluster,HMBA_BasalGanglia,human,#C38BDD,Not assessed
Human-421,cluster,HMBA_BasalGanglia,human,#E7C6EC,Not assessed
Human-423,cluster,HMBA_BasalGanglia,human,#FB1D74,Not assessed
Human-426,cluster,HMBA_BasalGanglia,human,#C30077,Not assessed
Human-428,cluster,HMBA_BasalGanglia,human,#FC1774,Not assessed
Human-429,cluster,HMBA_BasalGanglia,human,#C80077,Not assessed
Human-43,cluster,HMBA_BasalGanglia,human,#81916B,Not assessed
Human-430,cluster,HMBA_BasalGanglia,human,#FC1274,Not assessed
Human-433,cluster,HMBA_BasalGanglia,human,#80B9DF,Not assessed
Human-434,cluster,HMBA_BasalGanglia,human,#2502E5,Not assessed
Human-437,cluster,HMBA_BasalGanglia,human,#C6E264,Not assessed
Human-438,cluster,HMBA_BasalGanglia,human,#CCDD2E,Not assessed
Human-44,cluster,HMBA_BasalGanglia,human,#E587A0,Not assessed
Human-441,cluster,HMBA_BasalGanglia,human,#92A585,Not assessed
Human-442,cluster,HMBA_BasalGanglia,human,#B9C9B6,Not assessed
Human-446,cluster,HMBA_BasalGanglia,human,#94A788,Not assessed
Human-448,cluster,HMBA_BasalGanglia,human,#814954,Not assessed
Human-449,cluster,HMBA_BasalGanglia,human,#A87B78,Not assessed
Human-45,cluster,HMBA_BasalGanglia,human,#A55F00,Not assessed
Human-450,cluster,HMBA_BasalGanglia,human,#2467B2,Not assessed
Human-451,cluster,HMBA_BasalGanglia,human,#B7C7B3,Not assessed
Human-452,cluster,HMBA_BasalGanglia,human,#105068,Not assessed
Human-453,cluster,HMBA_BasalGanglia,human,#8F6A0D,Not assessed
Human-454,cluster,HMBA_BasalGanglia,human,#DCD91D,Not assessed
Human-455,cluster,HMBA_BasalGanglia,human,#926E0D,Not assessed
Human-456,cluster,HMBA_BasalGanglia,human,#D9D41C,Not assessed
Human-458,cluster,HMBA_BasalGanglia,human,#FCA93B,Not assessed
Human-459,cluster,HMBA_BasalGanglia,human,#E95900,Not assessed
Human-46,cluster,HMBA_BasalGanglia,human,#96A98B,Not assessed
Human-460,cluster,HMBA_BasalGanglia,human,#FCA435,Not assessed
Human-461,cluster,HMBA_BasalGanglia,human,#EE5E00,Not assessed
Human-462,cluster,HMBA_BasalGanglia,human,#FD9F2F,Not assessed
Human-463,cluster,HMBA_BasalGanglia,human,#F46400,Not assessed
Human-465,cluster,HMBA_BasalGanglia,human,#FD9929,Not assessed
Human-47,cluster,HMBA_BasalGanglia,human,#D4B382,Not assessed
Human-471,cluster,HMBA_BasalGanglia,human,#FEBCB4,Not assessed
Human-472,cluster,HMBA_BasalGanglia,human,#2467B0,Not assessed
Human-473,cluster,HMBA_BasalGanglia,human,#400EAA,Not assessed
Human-474,cluster,HMBA_BasalGanglia,human,#26739C,Not assessed
Human-475,cluster,HMBA_BasalGanglia,human,#3680C4,Not assessed
Human-476,cluster,HMBA_BasalGanglia,human,#FF747D,Not assessed
Human-477,cluster,HMBA_BasalGanglia,human,#FEBBB3,Not assessed
Human-478,cluster,HMBA_BasalGanglia,human,#4BBB5A,Not assessed
Human-479,cluster,HMBA_BasalGanglia,human,#10516A,Not assessed
Human-480,cluster,HMBA_BasalGanglia,human,#DF4EC5,Not assessed
Human-481,cluster,HMBA_BasalGanglia,human,#2C7322,Not assessed
Human-482,cluster,HMBA_BasalGanglia,human,#E89EC9,Not assessed
Human-483,cluster,HMBA_BasalGanglia,human,#DF51C4,Not assessed
Human-484,cluster,HMBA_BasalGanglia,human,#E89CC8,Not assessed
Human-485,cluster,HMBA_BasalGanglia,human,#2367AE,Not assessed
Human-486,cluster,HMBA_BasalGanglia,human,#834A54,Not assessed
Human-487,cluster,HMBA_BasalGanglia,human,#DF53C4,Not assessed
Human-488,cluster,HMBA_BasalGanglia,human,#7348B2,Not assessed
Human-49,cluster,HMBA_BasalGanglia,human,#C56A38,Not assessed
Human-490,cluster,HMBA_BasalGanglia,human,#E89AC7,Not assessed
Human-491,cluster,HMBA_BasalGanglia,human,#E38C18,Not assessed
Human-492,cluster,HMBA_BasalGanglia,human,#49BB58,Not assessed
Human-493,cluster,HMBA_BasalGanglia,human,#812707,Not assessed
Human-494,cluster,HMBA_BasalGanglia,human,#E18918,Not assessed
Human-495,cluster,HMBA_BasalGanglia,human,#832907,Not assessed
Human-496,cluster,HMBA_BasalGanglia,human,#DF8717,Not assessed
Human-497,cluster,HMBA_BasalGanglia,human,#B087C7,Not assessed
Human-498,cluster,HMBA_BasalGanglia,human,#4FBF9B,Not assessed
Human-499,cluster,HMBA_BasalGanglia,human,#A4F245,Not assessed
Human-5,cluster,HMBA_BasalGanglia,human,#A77876,Not assessed
Human-50,cluster,HMBA_BasalGanglia,human,#8ED0C6,Not assessed
Human-500,cluster,HMBA_BasalGanglia,human,#E8D038,Not assessed
Human-503,cluster,HMBA_BasalGanglia,human,#D868A1,Not assessed
Human-504,cluster,HMBA_BasalGanglia,human,#D02F98,Not assessed
Human-505,cluster,HMBA_BasalGanglia,human,#50342D,Not assessed
Human-506,cluster,HMBA_BasalGanglia,human,#6D97E0,Not assessed
Human-507,cluster,HMBA_BasalGanglia,human,#7B604E,Not assessed
Human-508,cluster,HMBA_BasalGanglia,human,#BBEABA,Not assessed
Human-509,cluster,HMBA_BasalGanglia,human,#81D759,Not assessed
Human-510,cluster,HMBA_BasalGanglia,human,#B9E9B8,Not assessed
Human-511,cluster,HMBA_BasalGanglia,human,#81D85B,Not assessed
Human-512,cluster,HMBA_BasalGanglia,human,#177098,Not assessed
Human-513,cluster,HMBA_BasalGanglia,human,#B51D2F,Not assessed
Human-514,cluster,HMBA_BasalGanglia,human,#DB5C4D,Not assessed
Human-515,cluster,HMBA_BasalGanglia,human,#B91E2F,Not assessed
Human-516,cluster,HMBA_BasalGanglia,human,#DA5749,Not assessed
Human-517,cluster,HMBA_BasalGanglia,human,#EB0081,Not assessed
Human-518,cluster,HMBA_BasalGanglia,human,#F96A90,Not assessed
Human-519,cluster,HMBA_BasalGanglia,human,#F6BCD0,Not assessed
Human-520,cluster,HMBA_BasalGanglia,human,#ED0081,Not assessed
Human-521_1,cluster,HMBA_BasalGanglia,human,#B26061,Not assessed
Human-521_2,cluster,HMBA_BasalGanglia,human,#12A094,Not assessed
Human-522,cluster,HMBA_BasalGanglia,human,#46B7E0,Not assessed
Human-523_1,cluster,HMBA_BasalGanglia,human,#13A398,Not assessed
Human-523_2,cluster,HMBA_BasalGanglia,human,#3A3C10,Not assessed
Human-524,cluster,HMBA_BasalGanglia,human,#43B8DF,Not assessed
Human-525,cluster,HMBA_BasalGanglia,human,#C5D0EC,Not assessed
Human-528,cluster,HMBA_BasalGanglia,human,#83B9E0,Not assessed
Human-529,cluster,HMBA_BasalGanglia,human,#EA5907,Not assessed
Human-53,cluster,HMBA_BasalGanglia,human,#D3B17F,Not assessed
Human-531,cluster,HMBA_BasalGanglia,human,#854B55,Not assessed
Human-532,cluster,HMBA_BasalGanglia,human,#A67573,Not assessed
Human-533,cluster,HMBA_BasalGanglia,human,#FF7980,Not assessed
Human-534,cluster,HMBA_BasalGanglia,human,#E056C4,Not assessed
Human-536,cluster,HMBA_BasalGanglia,human,#C5D0ED,Not assessed
Human-537,cluster,HMBA_BasalGanglia,human,#FEBAB3,Not assessed
Human-538,cluster,HMBA_BasalGanglia,human,#86BAE0,Not assessed
Human-539,cluster,HMBA_BasalGanglia,human,#B8E9B7,Not assessed
Human-540,cluster,HMBA_BasalGanglia,human,#874D56,Not assessed
Human-541,cluster,HMBA_BasalGanglia,human,#FF7E83,Not assessed
Human-542,cluster,HMBA_BasalGanglia,human,#852A07,Not assessed
Human-543,cluster,HMBA_BasalGanglia,human,#A57371,Not assessed
Human-544,cluster,HMBA_BasalGanglia,human,#D7619F,Not assessed
Human-547,cluster,HMBA_BasalGanglia,human,#82D85D,Not assessed
Human-548,cluster,HMBA_BasalGanglia,human,#B6E8B5,Not assessed
Human-549,cluster,HMBA_BasalGanglia,human,#F4A044,Not assessed
Human-55,cluster,HMBA_BasalGanglia,human,#587182,Not assessed
Human-553,cluster,HMBA_BasalGanglia,human,#FEB6AF,Not assessed
Human-554,cluster,HMBA_BasalGanglia,human,#13A69C,Not assessed
Human-555,cluster,HMBA_BasalGanglia,human,#83D85F,Not assessed
Human-556,cluster,HMBA_BasalGanglia,human,#6F9135,Not assessed
Human-559,cluster,HMBA_BasalGanglia,human,#C5D0ED,Not assessed
Human-56,cluster,HMBA_BasalGanglia,human,#8B95A9,Not assessed
Human-560,cluster,HMBA_BasalGanglia,human,#B5E8B3,Not assessed
Human-561,cluster,HMBA_BasalGanglia,human,#88BAE1,Not assessed
Human-562,cluster,HMBA_BasalGanglia,human,#C5D1ED,Not assessed
Human-563,cluster,HMBA_BasalGanglia,human,#8BBBE1,Not assessed
Human-564,cluster,HMBA_BasalGanglia,human,#C5D1ED,Not assessed
Human-58,cluster,HMBA_BasalGanglia,human,#5A7284,Not assessed
Human-59,cluster,HMBA_BasalGanglia,human,#8993A8,Not assessed
Human-6,cluster,HMBA_BasalGanglia,human,#894E57,Not assessed
Human-61,cluster,HMBA_BasalGanglia,human,#268CDA,Not assessed
Human-62,cluster,HMBA_BasalGanglia,human,#5C7486,Not assessed
Human-63,cluster,HMBA_BasalGanglia,human,#7E6225,Not assessed
Human-64,cluster,HMBA_BasalGanglia,human,#A79437,Not assessed
Human-65,cluster,HMBA_BasalGanglia,human,#826627,Not assessed
Human-66,cluster,HMBA_BasalGanglia,human,#B4822B,Not assessed
Human-67,cluster,HMBA_BasalGanglia,human,#D2BC61,Not assessed
Human-68,cluster,HMBA_BasalGanglia,human,#C35F57,Not assessed
Human-69,cluster,HMBA_BasalGanglia,human,#B07888,Not assessed
Human-7,cluster,HMBA_BasalGanglia,human,#11526C,Not assessed
Human-70,cluster,HMBA_BasalGanglia,human,#BC8C2E,Not assessed
Human-71,cluster,HMBA_BasalGanglia,human,#D6AB9C,Not assessed
Human-72,cluster,HMBA_BasalGanglia,human,#97535C,Not assessed
Human-73,cluster,HMBA_BasalGanglia,human,#C5685E,Not assessed
Human-74,cluster,HMBA_BasalGanglia,human,#D4A595,Not assessed
Human-75,cluster,HMBA_BasalGanglia,human,#C77065,Not assessed
Human-76,cluster,HMBA_BasalGanglia,human,#52362F,Not assessed
Human-77,cluster,HMBA_BasalGanglia,human,#795E4C,Not assessed
Human-78,cluster,HMBA_BasalGanglia,human,#553830,Not assessed
Human-79,cluster,HMBA_BasalGanglia,human,#743D4A,Not assessed
Human-8,cluster,HMBA_BasalGanglia,human,#2D7422,Not assessed
Human-80,cluster,HMBA_BasalGanglia,human,#A26267,Not assessed
Human-81,cluster,HMBA_BasalGanglia,human,#7E4450,Not assessed
Human-82,cluster,HMBA_BasalGanglia,human,#9A5960,Not assessed
Human-83,cluster,HMBA_BasalGanglia,human,#84D961,Not assessed
Human-84,cluster,HMBA_BasalGanglia,human,#8EBCE2,Not assessed
Human-85,cluster,HMBA_BasalGanglia,human,#BC1F2E,Not assessed
Human-86,cluster,HMBA_BasalGanglia,human,#DA5245,Not assessed
Human-87,cluster,HMBA_BasalGanglia,human,#BF202D,Not assessed
Human-88,cluster,HMBA_BasalGanglia,human,#D94C41,Not assessed
Human-9,cluster,HMBA_BasalGanglia,human,#47BA56,Not assessed
Human-90,cluster,HMBA_BasalGanglia,human,#C3212D,Not assessed
Human-91,cluster,HMBA_BasalGanglia,human,#03D5BB,Not assessed
Human-92,cluster,HMBA_BasalGanglia,human,#F9688F,Not assessed
Human-93,cluster,HMBA_BasalGanglia,human,#EF0081,Not assessed
Macaque-1,cluster,HMBA_BasalGanglia,macaque,#2D7523,Not assessed
Macaque-10,cluster,HMBA_BasalGanglia,macaque,#3EAD46,Not assessed
Macaque-101,cluster,HMBA_BasalGanglia,macaque,#96370A,Not assessed
Macaque-102,cluster,HMBA_BasalGanglia,macaque,#C06111,Not assessed
Macaque-103,cluster,HMBA_BasalGanglia,macaque,#9C3D0A,Not assessed
Macaque-105,cluster,HMBA_BasalGanglia,macaque,#A0400B,Not assessed
Macaque-106,cluster,HMBA_BasalGanglia,macaque,#A4440C,Not assessed
Macaque-108,cluster,HMBA_BasalGanglia,macaque,#B3E7B1,Not assessed
Macaque-109,cluster,HMBA_BasalGanglia,macaque,#55C19F,Not assessed
Macaque-11,cluster,HMBA_BasalGanglia,macaque,#2E7824,Not assessed
Macaque-110,cluster,HMBA_BasalGanglia,macaque,#5AC2A3,Not assessed
Macaque-111,cluster,HMBA_BasalGanglia,macaque,#89CEC3,Not assessed
Macaque-112,cluster,HMBA_BasalGanglia,macaque,#83CDC0,Not assessed
Macaque-113,cluster,HMBA_BasalGanglia,macaque,#6AC6AE,Not assessed
Macaque-114,cluster,HMBA_BasalGanglia,macaque,#5FC3A7,Not assessed
Macaque-115,cluster,HMBA_BasalGanglia,macaque,#7ECBBC,Not assessed
Macaque-116,cluster,HMBA_BasalGanglia,macaque,#65C4AB,Not assessed
Macaque-117,cluster,HMBA_BasalGanglia,macaque,#79CAB9,Not assessed
Macaque-118,cluster,HMBA_BasalGanglia,macaque,#93364C,Not assessed
Macaque-119,cluster,HMBA_BasalGanglia,macaque,#98384E,Not assessed
Macaque-12,cluster,HMBA_BasalGanglia,macaque,#2E7B25,Not assessed
Macaque-120,cluster,HMBA_BasalGanglia,macaque,#AB4353,Not assessed
Macaque-121,cluster,HMBA_BasalGanglia,macaque,#892D08,Not assessed
Macaque-122,cluster,HMBA_BasalGanglia,macaque,#A74052,Not assessed
Macaque-123,cluster,HMBA_BasalGanglia,macaque,#46E1F1,Not assessed
Macaque-124,cluster,HMBA_BasalGanglia,macaque,#0DF1EA,Not assessed
Macaque-125,cluster,HMBA_BasalGanglia,macaque,#3EE3F1,Not assessed
Macaque-126,cluster,HMBA_BasalGanglia,macaque,#0CEADF,Not assessed
Macaque-127,cluster,HMBA_BasalGanglia,macaque,#35E6F1,Not assessed
Macaque-13,cluster,HMBA_BasalGanglia,macaque,#3DAC45,Not assessed
Macaque-138,cluster,HMBA_BasalGanglia,macaque,#6E9035,Not assessed
Macaque-139,cluster,HMBA_BasalGanglia,macaque,#3EE123,Not assessed
Macaque-14,cluster,HMBA_BasalGanglia,macaque,#44B851,Not assessed
Macaque-141,cluster,HMBA_BasalGanglia,macaque,#3FB313,Not assessed
Macaque-142,cluster,HMBA_BasalGanglia,macaque,#3A3C10,Not assessed
Macaque-143,cluster,HMBA_BasalGanglia,macaque,#3A3C10,Not assessed
Macaque-144,cluster,HMBA_BasalGanglia,macaque,#6C8B32,Not assessed
Macaque-145,cluster,HMBA_BasalGanglia,macaque,#6B8A32,Not assessed
Macaque-146,cluster,HMBA_BasalGanglia,macaque,#6D8E33,Not assessed
Macaque-147,cluster,HMBA_BasalGanglia,macaque,#393C11,Not assessed
Macaque-148,cluster,HMBA_BasalGanglia,macaque,#6E8F34,Not assessed
Macaque-15,cluster,HMBA_BasalGanglia,macaque,#42B54E,Not assessed
Macaque-152,cluster,HMBA_BasalGanglia,macaque,#F498C7,Not assessed
Macaque-153,cluster,HMBA_BasalGanglia,macaque,#F9668E,Not assessed
Macaque-154,cluster,HMBA_BasalGanglia,macaque,#F10081,Not assessed
Macaque-155,cluster,HMBA_BasalGanglia,macaque,#F9648D,Not assessed
Macaque-156,cluster,HMBA_BasalGanglia,macaque,#F9618D,Not assessed
Macaque-157,cluster,HMBA_BasalGanglia,macaque,#F30081,Not assessed
Macaque-158,cluster,HMBA_BasalGanglia,macaque,#FA0080,Not assessed
Macaque-159,cluster,HMBA_BasalGanglia,macaque,#F50080,Not assessed
Macaque-16,cluster,HMBA_BasalGanglia,macaque,#41B44D,Not assessed
Macaque-160,cluster,HMBA_BasalGanglia,macaque,#F95D8B,Not assessed
Macaque-161,cluster,HMBA_BasalGanglia,macaque,#FC0080,Not assessed
Macaque-162,cluster,HMBA_BasalGanglia,macaque,#F95F8C,Not assessed
Macaque-163,cluster,HMBA_BasalGanglia,macaque,#F70080,Not assessed
Macaque-164,cluster,HMBA_BasalGanglia,macaque,#FA598A,Not assessed
Macaque-165,cluster,HMBA_BasalGanglia,macaque,#F6BCD0,Not assessed
Macaque-166,cluster,HMBA_BasalGanglia,macaque,#F49EC8,Not assessed
Macaque-167,cluster,HMBA_BasalGanglia,macaque,#F95B8A,Not assessed
Macaque-168,cluster,HMBA_BasalGanglia,macaque,#F6BBD1,Not assessed
Macaque-17,cluster,HMBA_BasalGanglia,macaque,#2F8228,Not assessed
Macaque-170,cluster,HMBA_BasalGanglia,macaque,#872C08,Not assessed
Macaque-171,cluster,HMBA_BasalGanglia,macaque,#DB8216,Not assessed
Macaque-172,cluster,HMBA_BasalGanglia,macaque,#8B2F08,Not assessed
Macaque-173,cluster,HMBA_BasalGanglia,macaque,#CE7113,Not assessed
Macaque-174,cluster,HMBA_BasalGanglia,macaque,#D97F16,Not assessed
Macaque-175,cluster,HMBA_BasalGanglia,macaque,#D77D15,Not assessed
Macaque-176,cluster,HMBA_BasalGanglia,macaque,#D57A15,Not assessed
Macaque-177,cluster,HMBA_BasalGanglia,macaque,#9A3B0A,Not assessed
Macaque-178,cluster,HMBA_BasalGanglia,macaque,#EAE661,Not assessed
Macaque-179,cluster,HMBA_BasalGanglia,macaque,#933609,Not assessed
Macaque-18,cluster,HMBA_BasalGanglia,macaque,#95720E,Not assessed
Macaque-180,cluster,HMBA_BasalGanglia,macaque,#E8D33D,Not assessed
Macaque-181,cluster,HMBA_BasalGanglia,macaque,#913409,Not assessed
Macaque-182,cluster,HMBA_BasalGanglia,macaque,#D07314,Not assessed
Macaque-183,cluster,HMBA_BasalGanglia,macaque,#98390A,Not assessed
Macaque-185,cluster,HMBA_BasalGanglia,macaque,#C26311,Not assessed
Macaque-186,cluster,HMBA_BasalGanglia,macaque,#CA6C13,Not assessed
Macaque-187,cluster,HMBA_BasalGanglia,macaque,#EAE45D,Not assessed
Macaque-188,cluster,HMBA_BasalGanglia,macaque,#E9D846,Not assessed
Macaque-189,cluster,HMBA_BasalGanglia,macaque,#E9D642,Not assessed
Macaque-19,cluster,HMBA_BasalGanglia,macaque,#D3CB1B,Not assessed
Macaque-190,cluster,HMBA_BasalGanglia,macaque,#A2420B,Not assessed
Macaque-191,cluster,HMBA_BasalGanglia,macaque,#C46511,Not assessed
Macaque-192,cluster,HMBA_BasalGanglia,macaque,#9E3F0B,Not assessed
Macaque-193,cluster,HMBA_BasalGanglia,macaque,#C66812,Not assessed
Macaque-194,cluster,HMBA_BasalGanglia,macaque,#E9E258,Not assessed
Macaque-195,cluster,HMBA_BasalGanglia,macaque,#736735,Not assessed
Macaque-196,cluster,HMBA_BasalGanglia,macaque,#3D2F18,Not assessed
Macaque-197,cluster,HMBA_BasalGanglia,macaque,#706333,Not assessed
Macaque-198,cluster,HMBA_BasalGanglia,macaque,#41331A,Not assessed
Macaque-2,cluster,HMBA_BasalGanglia,macaque,#46BA54,Not assessed
Macaque-20,cluster,HMBA_BasalGanglia,macaque,#9B790F,Not assessed
Macaque-200,cluster,HMBA_BasalGanglia,macaque,#482214,Not assessed
Macaque-201,cluster,HMBA_BasalGanglia,macaque,#45361C,Not assessed
Macaque-202,cluster,HMBA_BasalGanglia,macaque,#6C5F30,Not assessed
Macaque-21,cluster,HMBA_BasalGanglia,macaque,#D0C61A,Not assessed
Macaque-213,cluster,HMBA_BasalGanglia,macaque,#C5D1ED,Not assessed
Macaque-214,cluster,HMBA_BasalGanglia,macaque,#F5D7BC,Not assessed
Macaque-215,cluster,HMBA_BasalGanglia,macaque,#F1846D,Not assessed
Macaque-216,cluster,HMBA_BasalGanglia,macaque,#F5D7BC,Not assessed
Macaque-217,cluster,HMBA_BasalGanglia,macaque,#6996DF,Not assessed
Macaque-218,cluster,HMBA_BasalGanglia,macaque,#F18770,Not assessed
Macaque-219,cluster,HMBA_BasalGanglia,macaque,#2A8CDA,Not assessed
Macaque-22,cluster,HMBA_BasalGanglia,macaque,#9E7D0F,Not assessed
Macaque-226,cluster,HMBA_BasalGanglia,macaque,#F5D6BC,Not assessed
Macaque-229,cluster,HMBA_BasalGanglia,macaque,#F18B73,Not assessed
Macaque-23,cluster,HMBA_BasalGanglia,macaque,#98750E,Not assessed
Macaque-230,cluster,HMBA_BasalGanglia,macaque,#6595DF,Not assessed
Macaque-231,cluster,HMBA_BasalGanglia,macaque,#2366AC,Not assessed
Macaque-232,cluster,HMBA_BasalGanglia,macaque,#2266AB,Not assessed
Macaque-233,cluster,HMBA_BasalGanglia,macaque,#125470,Not assessed
Macaque-234,cluster,HMBA_BasalGanglia,macaque,#2166A9,Not assessed
Macaque-235,cluster,HMBA_BasalGanglia,macaque,#125572,Not assessed
Macaque-236,cluster,HMBA_BasalGanglia,macaque,#2165A7,Not assessed
Macaque-237,cluster,HMBA_BasalGanglia,macaque,#8792A6,Not assessed
Macaque-238,cluster,HMBA_BasalGanglia,macaque,#5F7689,Not assessed
Macaque-239,cluster,HMBA_BasalGanglia,macaque,#5D7587,Not assessed
Macaque-24,cluster,HMBA_BasalGanglia,macaque,#A18110,Not assessed
Macaque-240,cluster,HMBA_BasalGanglia,macaque,#838FA3,Not assessed
Macaque-241,cluster,HMBA_BasalGanglia,macaque,#8590A5,Not assessed
Macaque-242,cluster,HMBA_BasalGanglia,macaque,#667B90,Not assessed
Macaque-243,cluster,HMBA_BasalGanglia,macaque,#61778B,Not assessed
Macaque-244,cluster,HMBA_BasalGanglia,macaque,#818DA2,Not assessed
Macaque-245,cluster,HMBA_BasalGanglia,macaque,#7D8A9F,Not assessed
Macaque-246,cluster,HMBA_BasalGanglia,macaque,#62798C,Not assessed
Macaque-247,cluster,HMBA_BasalGanglia,macaque,#7F8CA0,Not assessed
Macaque-249,cluster,HMBA_BasalGanglia,macaque,#647A8E,Not assessed
Macaque-25,cluster,HMBA_BasalGanglia,macaque,#CDC119,Not assessed
Macaque-250,cluster,HMBA_BasalGanglia,macaque,#7B899D,Not assessed
Macaque-251,cluster,HMBA_BasalGanglia,macaque,#DE548E,Not assessed
Macaque-252,cluster,HMBA_BasalGanglia,macaque,#E4849F,Not assessed
Macaque-253,cluster,HMBA_BasalGanglia,macaque,#DF588F,Not assessed
Macaque-254,cluster,HMBA_BasalGanglia,macaque,#E4809D,Not assessed
Macaque-255,cluster,HMBA_BasalGanglia,macaque,#DF5B90,Not assessed
Macaque-256,cluster,HMBA_BasalGanglia,macaque,#E37C9B,Not assessed
Macaque-257,cluster,HMBA_BasalGanglia,macaque,#11536E,Not assessed
Macaque-258,cluster,HMBA_BasalGanglia,macaque,#287ACF,Not assessed
Macaque-259,cluster,HMBA_BasalGanglia,macaque,#18719A,Not assessed
Macaque-26,cluster,HMBA_BasalGanglia,macaque,#CBBD19,Not assessed
Macaque-260,cluster,HMBA_BasalGanglia,macaque,#7649B5,Not assessed
Macaque-261,cluster,HMBA_BasalGanglia,macaque,#AD84C6,Not assessed
Macaque-262,cluster,HMBA_BasalGanglia,macaque,#E161C2,Not assessed
Macaque-263,cluster,HMBA_BasalGanglia,macaque,#794CB6,Not assessed
Macaque-264,cluster,HMBA_BasalGanglia,macaque,#8052B7,Not assessed
Macaque-265,cluster,HMBA_BasalGanglia,macaque,#AB81C5,Not assessed
Macaque-266,cluster,HMBA_BasalGanglia,macaque,#7D4FB7,Not assessed
Macaque-267,cluster,HMBA_BasalGanglia,macaque,#A67BC3,Not assessed
Macaque-268,cluster,HMBA_BasalGanglia,macaque,#A97EC4,Not assessed
Macaque-269,cluster,HMBA_BasalGanglia,macaque,#B589F6,Not assessed
Macaque-27,cluster,HMBA_BasalGanglia,macaque,#A48510,Not assessed
Macaque-270,cluster,HMBA_BasalGanglia,macaque,#6F40F5,Not assessed
Macaque-271,cluster,HMBA_BasalGanglia,macaque,#AB7DF5,Not assessed
Macaque-272,cluster,HMBA_BasalGanglia,macaque,#7D4DF5,Not assessed
Macaque-273,cluster,HMBA_BasalGanglia,macaque,#B3F387,Not assessed
Macaque-274,cluster,HMBA_BasalGanglia,macaque,#ADF274,Not assessed
Macaque-275,cluster,HMBA_BasalGanglia,macaque,#A5F24E,Not assessed
Macaque-276,cluster,HMBA_BasalGanglia,macaque,#B0F37D,Not assessed
Macaque-277,cluster,HMBA_BasalGanglia,macaque,#A6F258,Not assessed
Macaque-278,cluster,HMBA_BasalGanglia,macaque,#A8F261,Not assessed
Macaque-279,cluster,HMBA_BasalGanglia,macaque,#4C2516,Not assessed
Macaque-28,cluster,HMBA_BasalGanglia,macaque,#A78911,Not assessed
Macaque-280,cluster,HMBA_BasalGanglia,macaque,#83542B,Not assessed
Macaque-283,cluster,HMBA_BasalGanglia,macaque,#512817,Not assessed
Macaque-284,cluster,HMBA_BasalGanglia,macaque,#7F5029,Not assessed
Macaque-285,cluster,HMBA_BasalGanglia,macaque,#008C61,Not assessed
Macaque-286,cluster,HMBA_BasalGanglia,macaque,#A48F36,Not assessed
Macaque-287,cluster,HMBA_BasalGanglia,macaque,#856A28,Not assessed
Macaque-288,cluster,HMBA_BasalGanglia,macaque,#A08B34,Not assessed
Macaque-289,cluster,HMBA_BasalGanglia,macaque,#896E2A,Not assessed
Macaque-29,cluster,HMBA_BasalGanglia,macaque,#C5B417,Not assessed
Macaque-290,cluster,HMBA_BasalGanglia,macaque,#8C722B,Not assessed
Macaque-291,cluster,HMBA_BasalGanglia,macaque,#9A8231,Not assessed
Macaque-292,cluster,HMBA_BasalGanglia,macaque,#9D8733,Not assessed
Macaque-293,cluster,HMBA_BasalGanglia,macaque,#40B8DF,Not assessed
Macaque-294,cluster,HMBA_BasalGanglia,macaque,#B26262,Not assessed
Macaque-295,cluster,HMBA_BasalGanglia,macaque,#D7C6BE,Not assessed
Macaque-296,cluster,HMBA_BasalGanglia,macaque,#B56C6A,Not assessed
Macaque-297,cluster,HMBA_BasalGanglia,macaque,#B46867,Not assessed
Macaque-298,cluster,HMBA_BasalGanglia,macaque,#B56E6C,Not assessed
Macaque-299,cluster,HMBA_BasalGanglia,macaque,#15B0AB,Not assessed
Macaque-3,cluster,HMBA_BasalGanglia,macaque,#41B34B,Not assessed
Macaque-30,cluster,HMBA_BasalGanglia,macaque,#D6CF1C,Not assessed
Macaque-300,cluster,HMBA_BasalGanglia,macaque,#FF383D,Not assessed
Macaque-302,cluster,HMBA_BasalGanglia,macaque,#D5C2BA,Not assessed
Macaque-303,cluster,HMBA_BasalGanglia,macaque,#14A8A0,Not assessed
Macaque-305,cluster,HMBA_BasalGanglia,macaque,#DACAC3,Not assessed
Macaque-306,cluster,HMBA_BasalGanglia,macaque,#B36364,Not assessed
Macaque-309,cluster,HMBA_BasalGanglia,macaque,#D6C5BD,Not assessed
Macaque-31,cluster,HMBA_BasalGanglia,macaque,#E058C3,Not assessed
Macaque-310,cluster,HMBA_BasalGanglia,macaque,#D9C9C1,Not assessed
Macaque-311,cluster,HMBA_BasalGanglia,macaque,#D6C3BB,Not assessed
Macaque-312,cluster,HMBA_BasalGanglia,macaque,#D8C8C0,Not assessed
Macaque-313,cluster,HMBA_BasalGanglia,macaque,#B36565,Not assessed
Macaque-314,cluster,HMBA_BasalGanglia,macaque,#B6706E,Not assessed
Macaque-315,cluster,HMBA_BasalGanglia,macaque,#B46A69,Not assessed
Macaque-318,cluster,HMBA_BasalGanglia,macaque,#FF4444,Not assessed
Macaque-319,cluster,HMBA_BasalGanglia,macaque,#FE9C89,Not assessed
Macaque-32,cluster,HMBA_BasalGanglia,macaque,#E793C6,Not assessed
Macaque-320,cluster,HMBA_BasalGanglia,macaque,#FDA996,Not assessed
Macaque-321,cluster,HMBA_BasalGanglia,macaque,#FDA390,Not assessed
Macaque-322,cluster,HMBA_BasalGanglia,macaque,#3DB9DF,Not assessed
Macaque-323,cluster,HMBA_BasalGanglia,macaque,#37BADF,Not assessed
Macaque-324,cluster,HMBA_BasalGanglia,macaque,#15ADA8,Not assessed
Macaque-325,cluster,HMBA_BasalGanglia,macaque,#14ABA4,Not assessed
Macaque-326,cluster,HMBA_BasalGanglia,macaque,#3ABADF,Not assessed
Macaque-327,cluster,HMBA_BasalGanglia,macaque,#FF3E41,Not assessed
Macaque-329,cluster,HMBA_BasalGanglia,macaque,#6115CD,Not assessed
Macaque-33,cluster,HMBA_BasalGanglia,macaque,#E795C6,Not assessed
Macaque-330,cluster,HMBA_BasalGanglia,macaque,#7118DB,Not assessed
Macaque-331,cluster,HMBA_BasalGanglia,macaque,#440FAF,Not assessed
Macaque-332,cluster,HMBA_BasalGanglia,macaque,#4D11B9,Not assessed
Macaque-333,cluster,HMBA_BasalGanglia,macaque,#4910B4,Not assessed
Macaque-334,cluster,HMBA_BasalGanglia,macaque,#6C17D6,Not assessed
Macaque-335,cluster,HMBA_BasalGanglia,macaque,#6616D2,Not assessed
Macaque-336,cluster,HMBA_BasalGanglia,macaque,#775B4B,Not assessed
Macaque-337,cluster,HMBA_BasalGanglia,macaque,#573A32,Not assessed
Macaque-338,cluster,HMBA_BasalGanglia,macaque,#5D4036,Not assessed
Macaque-339,cluster,HMBA_BasalGanglia,macaque,#755949,Not assessed
Macaque-34,cluster,HMBA_BasalGanglia,macaque,#E691C5,Not assessed
Macaque-340,cluster,HMBA_BasalGanglia,macaque,#735747,Not assessed
Macaque-341,cluster,HMBA_BasalGanglia,macaque,#593C33,Not assessed
Macaque-342,cluster,HMBA_BasalGanglia,macaque,#5B3E35,Not assessed
Macaque-343,cluster,HMBA_BasalGanglia,macaque,#715445,Not assessed
Macaque-344,cluster,HMBA_BasalGanglia,macaque,#6E5244,Not assessed
Macaque-345,cluster,HMBA_BasalGanglia,macaque,#604238,Not assessed
Macaque-346,cluster,HMBA_BasalGanglia,macaque,#B4C4B0,Not assessed
Macaque-347,cluster,HMBA_BasalGanglia,macaque,#B2C2AD,Not assessed
Macaque-348,cluster,HMBA_BasalGanglia,macaque,#99AB8E,Not assessed
Macaque-349,cluster,HMBA_BasalGanglia,macaque,#9BAE91,Not assessed
Macaque-35,cluster,HMBA_BasalGanglia,macaque,#E797C7,Not assessed
Macaque-350,cluster,HMBA_BasalGanglia,macaque,#AFC0AA,Not assessed
Macaque-351,cluster,HMBA_BasalGanglia,macaque,#9EB094,Not assessed
Macaque-36,cluster,HMBA_BasalGanglia,macaque,#E68FC5,Not assessed
Macaque-362,cluster,HMBA_BasalGanglia,macaque,#BD0552,Not assessed
Macaque-363,cluster,HMBA_BasalGanglia,macaque,#DD0953,Not assessed
Macaque-364,cluster,HMBA_BasalGanglia,macaque,#C80653,Not assessed
Macaque-365,cluster,HMBA_BasalGanglia,macaque,#AC3C79,Not assessed
Macaque-366,cluster,HMBA_BasalGanglia,macaque,#822963,Not assessed
Macaque-367,cluster,HMBA_BasalGanglia,macaque,#9E3572,Not assessed
Macaque-368,cluster,HMBA_BasalGanglia,macaque,#2E7A25,Not assessed
Macaque-369,cluster,HMBA_BasalGanglia,macaque,#43B64F,Not assessed
Macaque-37,cluster,HMBA_BasalGanglia,macaque,#E164C2,Not assessed
Macaque-370,cluster,HMBA_BasalGanglia,macaque,#40B14A,Not assessed
Macaque-371,cluster,HMBA_BasalGanglia,macaque,#3FB049,Not assessed
Macaque-372,cluster,HMBA_BasalGanglia,macaque,#2E7D26,Not assessed
Macaque-373,cluster,HMBA_BasalGanglia,macaque,#2F8027,Not assessed
Macaque-374,cluster,HMBA_BasalGanglia,macaque,#2F8128,Not assessed
Macaque-375,cluster,HMBA_BasalGanglia,macaque,#2F7E27,Not assessed
Macaque-376,cluster,HMBA_BasalGanglia,macaque,#3EAF47,Not assessed
Macaque-378,cluster,HMBA_BasalGanglia,macaque,#A4706F,Not assessed
Macaque-379,cluster,HMBA_BasalGanglia,macaque,#A36D6C,Not assessed
Macaque-38,cluster,HMBA_BasalGanglia,macaque,#E05DC3,Not assessed
Macaque-380,cluster,HMBA_BasalGanglia,macaque,#A06566,Not assessed
Macaque-381,cluster,HMBA_BasalGanglia,macaque,#8B5058,Not assessed
Macaque-382,cluster,HMBA_BasalGanglia,macaque,#8E535A,Not assessed
Macaque-383,cluster,HMBA_BasalGanglia,macaque,#C66E3B,Not assessed
Macaque-384,cluster,HMBA_BasalGanglia,macaque,#D3AE7C,Not assessed
Macaque-385,cluster,HMBA_BasalGanglia,macaque,#C7713E,Not assessed
Macaque-386,cluster,HMBA_BasalGanglia,macaque,#D2AC79,Not assessed
Macaque-387,cluster,HMBA_BasalGanglia,macaque,#C77541,Not assessed
Macaque-388,cluster,HMBA_BasalGanglia,macaque,#D1A976,Not assessed
Macaque-389,cluster,HMBA_BasalGanglia,macaque,#D0B657,Not assessed
Macaque-39,cluster,HMBA_BasalGanglia,macaque,#E05FC2,Not assessed
Macaque-390,cluster,HMBA_BasalGanglia,macaque,#C59732,Not assessed
Macaque-391,cluster,HMBA_BasalGanglia,macaque,#F6F0A6,Not assessed
Macaque-392,cluster,HMBA_BasalGanglia,macaque,#F4DC73,Not assessed
Macaque-393,cluster,HMBA_BasalGanglia,macaque,#A86A6E,Not assessed
Macaque-394,cluster,HMBA_BasalGanglia,macaque,#91525B,Not assessed
Macaque-395,cluster,HMBA_BasalGanglia,macaque,#B48686,Not assessed
Macaque-396,cluster,HMBA_BasalGanglia,macaque,#874A55,Not assessed
Macaque-397,cluster,HMBA_BasalGanglia,macaque,#D9473D,Not assessed
Macaque-398,cluster,HMBA_BasalGanglia,macaque,#CC242B,Not assessed
Macaque-399,cluster,HMBA_BasalGanglia,macaque,#C6222C,Not assessed
Macaque-4,cluster,HMBA_BasalGanglia,macaque,#30852A,Not assessed
Macaque-40,cluster,HMBA_BasalGanglia,macaque,#E68CC4,Not assessed
Macaque-400,cluster,HMBA_BasalGanglia,macaque,#D94139,Not assessed
Macaque-401,cluster,HMBA_BasalGanglia,macaque,#C9232B,Not assessed
Macaque-402,cluster,HMBA_BasalGanglia,macaque,#D93C35,Not assessed
Macaque-403,cluster,HMBA_BasalGanglia,macaque,#85D963,Not assessed
Macaque-404,cluster,HMBA_BasalGanglia,macaque,#AFE6AB,Not assessed
Macaque-405,cluster,HMBA_BasalGanglia,macaque,#86D968,Not assessed
Macaque-406,cluster,HMBA_BasalGanglia,macaque,#B2E7AF,Not assessed
Macaque-407,cluster,HMBA_BasalGanglia,macaque,#89DA6E,Not assessed
Macaque-408,cluster,HMBA_BasalGanglia,macaque,#85D965,Not assessed
Macaque-409,cluster,HMBA_BasalGanglia,macaque,#B0E6AD,Not assessed
Macaque-41,cluster,HMBA_BasalGanglia,macaque,#E05AC3,Not assessed
Macaque-410,cluster,HMBA_BasalGanglia,macaque,#90BCE2,Not assessed
Macaque-411,cluster,HMBA_BasalGanglia,macaque,#87DA6A,Not assessed
Macaque-412,cluster,HMBA_BasalGanglia,macaque,#ACE5A7,Not assessed
Macaque-413,cluster,HMBA_BasalGanglia,macaque,#88DA6C,Not assessed
Macaque-414,cluster,HMBA_BasalGanglia,macaque,#ADE5A9,Not assessed
Macaque-424,cluster,HMBA_BasalGanglia,macaque,#FF8286,Not assessed
Macaque-425,cluster,HMBA_BasalGanglia,macaque,#FF8789,Not assessed
Macaque-426,cluster,HMBA_BasalGanglia,macaque,#FFAAA5,Not assessed
Macaque-427,cluster,HMBA_BasalGanglia,macaque,#FEB0AA,Not assessed
Macaque-428,cluster,HMBA_BasalGanglia,macaque,#FF8C8D,Not assessed
Macaque-429,cluster,HMBA_BasalGanglia,macaque,#FFA4A0,Not assessed
Macaque-432,cluster,HMBA_BasalGanglia,macaque,#8D5159,Not assessed
Macaque-434,cluster,HMBA_BasalGanglia,macaque,#A16868,Not assessed
Macaque-435,cluster,HMBA_BasalGanglia,macaque,#90545B,Not assessed
Macaque-436,cluster,HMBA_BasalGanglia,macaque,#92565C,Not assessed
Macaque-437,cluster,HMBA_BasalGanglia,macaque,#A26A6A,Not assessed
Macaque-440,cluster,HMBA_BasalGanglia,macaque,#D29E8E,Not assessed
Macaque-441,cluster,HMBA_BasalGanglia,macaque,#C8786C,Not assessed
Macaque-442,cluster,HMBA_BasalGanglia,macaque,#D09788,Not assessed
Macaque-443,cluster,HMBA_BasalGanglia,macaque,#CA8073,Not assessed
Macaque-444,cluster,HMBA_BasalGanglia,macaque,#C4D2ED,Not assessed
Macaque-445,cluster,HMBA_BasalGanglia,macaque,#93BDE2,Not assessed
Macaque-446,cluster,HMBA_BasalGanglia,macaque,#95BEE3,Not assessed
Macaque-447,cluster,HMBA_BasalGanglia,macaque,#2874A0,Not assessed
Macaque-448,cluster,HMBA_BasalGanglia,macaque,#2A76A5,Not assessed
Macaque-449,cluster,HMBA_BasalGanglia,macaque,#317CB7,Not assessed
Macaque-450,cluster,HMBA_BasalGanglia,macaque,#347FBF,Not assessed
Macaque-451,cluster,HMBA_BasalGanglia,macaque,#2B78A9,Not assessed
Macaque-452,cluster,HMBA_BasalGanglia,macaque,#2D79AE,Not assessed
Macaque-453,cluster,HMBA_BasalGanglia,macaque,#337DBB,Not assessed
Macaque-454,cluster,HMBA_BasalGanglia,macaque,#2F7BB2,Not assessed
Macaque-455,cluster,HMBA_BasalGanglia,macaque,#F96900,Not assessed
Macaque-456,cluster,HMBA_BasalGanglia,macaque,#FD9423,Not assessed
Macaque-457,cluster,HMBA_BasalGanglia,macaque,#FF6F00,Not assessed
Macaque-458,cluster,HMBA_BasalGanglia,macaque,#FE8E1D,Not assessed
Macaque-459,cluster,HMBA_BasalGanglia,macaque,#6A5674,Not assessed
Macaque-460,cluster,HMBA_BasalGanglia,macaque,#463B51,Not assessed
Macaque-461,cluster,HMBA_BasalGanglia,macaque,#665371,Not assessed
Macaque-462,cluster,HMBA_BasalGanglia,macaque,#63516D,Not assessed
Macaque-463,cluster,HMBA_BasalGanglia,macaque,#4A3E55,Not assessed
Macaque-465,cluster,HMBA_BasalGanglia,macaque,#C4D2ED,Not assessed
Macaque-466,cluster,HMBA_BasalGanglia,macaque,#277ACD,Not assessed
Macaque-467,cluster,HMBA_BasalGanglia,macaque,#19729D,Not assessed
Macaque-470,cluster,HMBA_BasalGanglia,macaque,#F05E08,Not assessed
Macaque-471,cluster,HMBA_BasalGanglia,macaque,#F49B3E,Not assessed
Macaque-472,cluster,HMBA_BasalGanglia,macaque,#F56409,Not assessed
Macaque-473,cluster,HMBA_BasalGanglia,macaque,#F49638,Not assessed
Macaque-474,cluster,HMBA_BasalGanglia,macaque,#F66A0E,Not assessed
Macaque-475,cluster,HMBA_BasalGanglia,macaque,#C68FDE,Not assessed
Macaque-476,cluster,HMBA_BasalGanglia,macaque,#C993DF,Not assessed
Macaque-477,cluster,HMBA_BasalGanglia,macaque,#E6C4EB,Not assessed
Macaque-478,cluster,HMBA_BasalGanglia,macaque,#DFB8E8,Not assessed
Macaque-480,cluster,HMBA_BasalGanglia,macaque,#67327F,Not assessed
Macaque-481,cluster,HMBA_BasalGanglia,macaque,#A44FB0,Not assessed
Macaque-482,cluster,HMBA_BasalGanglia,macaque,#CB97E0,Not assessed
Macaque-483,cluster,HMBA_BasalGanglia,macaque,#E1BCE9,Not assessed
Macaque-484,cluster,HMBA_BasalGanglia,macaque,#E3C0EA,Not assessed
Macaque-485,cluster,HMBA_BasalGanglia,macaque,#CE9CE1,Not assessed
Macaque-486,cluster,HMBA_BasalGanglia,macaque,#D1A0E2,Not assessed
Macaque-488,cluster,HMBA_BasalGanglia,macaque,#792B75,Not assessed
Macaque-489,cluster,HMBA_BasalGanglia,macaque,#531C57,Not assessed
Macaque-490,cluster,HMBA_BasalGanglia,macaque,#6D266D,Not assessed
Macaque-491,cluster,HMBA_BasalGanglia,macaque,#732871,Not assessed
Macaque-492,cluster,HMBA_BasalGanglia,macaque,#5A1E5C,Not assessed
Macaque-493,cluster,HMBA_BasalGanglia,macaque,#0498A4,Not assessed
Macaque-494,cluster,HMBA_BasalGanglia,macaque,#006560,Not assessed
Macaque-495,cluster,HMBA_BasalGanglia,macaque,#D13698,Not assessed
Macaque-496,cluster,HMBA_BasalGanglia,macaque,#CB8801,Not assessed
Macaque-497,cluster,HMBA_BasalGanglia,macaque,#C58101,Not assessed
Macaque-498,cluster,HMBA_BasalGanglia,macaque,#AC6600,Not assessed
Macaque-499,cluster,HMBA_BasalGanglia,macaque,#8D9D7A,Not assessed
Macaque-5,cluster,HMBA_BasalGanglia,macaque,#2D7723,Not assessed
Macaque-500,cluster,HMBA_BasalGanglia,macaque,#D55A9D,Not assessed
Macaque-501,cluster,HMBA_BasalGanglia,macaque,#D23D99,Not assessed
Macaque-502,cluster,HMBA_BasalGanglia,macaque,#D4539C,Not assessed
Macaque-52,cluster,HMBA_BasalGanglia,macaque,#DACCC4,Not assessed
Macaque-53,cluster,HMBA_BasalGanglia,macaque,#393C10,Not assessed
Macaque-54,cluster,HMBA_BasalGanglia,macaque,#3A3C10,Not assessed
Macaque-55,cluster,HMBA_BasalGanglia,macaque,#C8B818,Not assessed
Macaque-6,cluster,HMBA_BasalGanglia,macaque,#45B952,Not assessed
Macaque-63,cluster,HMBA_BasalGanglia,macaque,#393C11,Not assessed
Macaque-65,cluster,HMBA_BasalGanglia,macaque,#6D8C33,Not assessed
Macaque-66,cluster,HMBA_BasalGanglia,macaque,#393C10,Not assessed
Macaque-7,cluster,HMBA_BasalGanglia,macaque,#C4A830,Not assessed
Macaque-8,cluster,HMBA_BasalGanglia,macaque,#D0C04C,Not assessed
Macaque-80,cluster,HMBA_BasalGanglia,macaque,#CC0077,Not assessed
Macaque-81,cluster,HMBA_BasalGanglia,macaque,#FD0874,Not assessed
Macaque-82,cluster,HMBA_BasalGanglia,macaque,#FC0D74,Not assessed
Macaque-83,cluster,HMBA_BasalGanglia,macaque,#D10078,Not assessed
Macaque-84,cluster,HMBA_BasalGanglia,macaque,#FD0374,Not assessed
Macaque-85,cluster,HMBA_BasalGanglia,macaque,#DB0078,Not assessed
Macaque-86,cluster,HMBA_BasalGanglia,macaque,#D60078,Not assessed
Macaque-87,cluster,HMBA_BasalGanglia,macaque,#FED912,Not assessed
Macaque-88,cluster,HMBA_BasalGanglia,macaque,#DD8417,Not assessed
Macaque-89,cluster,HMBA_BasalGanglia,macaque,#8D3108,Not assessed
Macaque-9,cluster,HMBA_BasalGanglia,macaque,#308429,Not assessed
Macaque-90,cluster,HMBA_BasalGanglia,macaque,#D27514,Not assessed
Macaque-91,cluster,HMBA_BasalGanglia,macaque,#CC6E13,Not assessed
Macaque-94,cluster,HMBA_BasalGanglia,macaque,#8F3209,Not assessed
Macaque-95,cluster,HMBA_BasalGanglia,macaque,#D37815,Not assessed
Macaque-96,cluster,HMBA_BasalGanglia,macaque,#C86A12,Not assessed
Marmoset-1,cluster,HMBA_BasalGanglia,marmoset,#7B4C28,Not assessed
Marmoset-10,cluster,HMBA_BasalGanglia,marmoset,#5D4E28,Not assessed
Marmoset-100,cluster,HMBA_BasalGanglia,marmoset,#D1A773,Not assessed
Marmoset-1000,cluster,HMBA_BasalGanglia,marmoset,#9CE090,Not assessed
Marmoset-1002,cluster,HMBA_BasalGanglia,marmoset,#8FDC7A,Not assessed
Marmoset-1003,cluster,HMBA_BasalGanglia,marmoset,#8DDC76,Not assessed
Marmoset-1004,cluster,HMBA_BasalGanglia,marmoset,#93DE82,Not assessed
Marmoset-1005,cluster,HMBA_BasalGanglia,marmoset,#97DF88,Not assessed
Marmoset-1006,cluster,HMBA_BasalGanglia,marmoset,#8EDC78,Not assessed
Marmoset-1007,cluster,HMBA_BasalGanglia,marmoset,#9FE196,Not assessed
Marmoset-1008,cluster,HMBA_BasalGanglia,marmoset,#A2E29A,Not assessed
Marmoset-1009,cluster,HMBA_BasalGanglia,marmoset,#94DE84,Not assessed
Marmoset-101,cluster,HMBA_BasalGanglia,marmoset,#C87C48,Not assessed
Marmoset-1010,cluster,HMBA_BasalGanglia,marmoset,#96DE86,Not assessed
Marmoset-1012,cluster,HMBA_BasalGanglia,marmoset,#91DD7E,Not assessed
Marmoset-1019,cluster,HMBA_BasalGanglia,marmoset,#90DD7C,Not assessed
Marmoset-102,cluster,HMBA_BasalGanglia,marmoset,#CC935E,Not assessed
Marmoset-1022,cluster,HMBA_BasalGanglia,marmoset,#92DD80,Not assessed
Marmoset-1023,cluster,HMBA_BasalGanglia,marmoset,#9DE092,Not assessed
Marmoset-1024,cluster,HMBA_BasalGanglia,marmoset,#A1E298,Not assessed
Marmoset-1025,cluster,HMBA_BasalGanglia,marmoset,#A3E29C,Not assessed
Marmoset-1026,cluster,HMBA_BasalGanglia,marmoset,#99DF8C,Not assessed
Marmoset-103,cluster,HMBA_BasalGanglia,marmoset,#C97F4B,Not assessed
Marmoset-104,cluster,HMBA_BasalGanglia,marmoset,#CD9964,Not assessed
Marmoset-105,cluster,HMBA_BasalGanglia,marmoset,#CFA16D,Not assessed
Marmoset-107,cluster,HMBA_BasalGanglia,marmoset,#CB8954,Not assessed
Marmoset-108,cluster,HMBA_BasalGanglia,marmoset,#CF9E6A,Not assessed
Marmoset-109,cluster,HMBA_BasalGanglia,marmoset,#CD9661,Not assessed
Marmoset-11,cluster,HMBA_BasalGanglia,marmoset,#493A1E,Not assessed
Marmoset-110,cluster,HMBA_BasalGanglia,marmoset,#CC8F5A,Not assessed
Marmoset-111,cluster,HMBA_BasalGanglia,marmoset,#CA8651,Not assessed
Marmoset-112,cluster,HMBA_BasalGanglia,marmoset,#B26C00,Not assessed
Marmoset-113,cluster,HMBA_BasalGanglia,marmoset,#684B3F,Not assessed
Marmoset-114,cluster,HMBA_BasalGanglia,marmoset,#A7B9A0,Not assessed
Marmoset-115,cluster,HMBA_BasalGanglia,marmoset,#A5B79D,Not assessed
Marmoset-1155,cluster,HMBA_BasalGanglia,marmoset,#CB8C57,Not assessed
Marmoset-118,cluster,HMBA_BasalGanglia,marmoset,#30872A,Not assessed
Marmoset-119,cluster,HMBA_BasalGanglia,marmoset,#339933,Not assessed
Marmoset-12,cluster,HMBA_BasalGanglia,marmoset,#685A2E,Not assessed
Marmoset-120,cluster,HMBA_BasalGanglia,marmoset,#3CAB43,Not assessed
Marmoset-121,cluster,HMBA_BasalGanglia,marmoset,#2077B7,Not assessed
Marmoset-122,cluster,HMBA_BasalGanglia,marmoset,#2579C7,Not assessed
Marmoset-1220,cluster,HMBA_BasalGanglia,marmoset,#FF7606,Not assessed
Marmoset-1221,cluster,HMBA_BasalGanglia,marmoset,#FE8817,Not assessed
Marmoset-1222,cluster,HMBA_BasalGanglia,marmoset,#39A43D,Not assessed
Marmoset-1226,cluster,HMBA_BasalGanglia,marmoset,#359D37,Not assessed
Marmoset-1228,cluster,HMBA_BasalGanglia,marmoset,#339632,Not assessed
Marmoset-1229,cluster,HMBA_BasalGanglia,marmoset,#FF7C0B,Not assessed
Marmoset-123,cluster,HMBA_BasalGanglia,marmoset,#318B2C,Not assessed
Marmoset-1230,cluster,HMBA_BasalGanglia,marmoset,#349C35,Not assessed
Marmoset-1231,cluster,HMBA_BasalGanglia,marmoset,#349A34,Not assessed
Marmoset-1232,cluster,HMBA_BasalGanglia,marmoset,#FF8211,Not assessed
Marmoset-1234,cluster,HMBA_BasalGanglia,marmoset,#AA8D12,Not assessed
Marmoset-1235,cluster,HMBA_BasalGanglia,marmoset,#BFAB16,Not assessed
Marmoset-1236,cluster,HMBA_BasalGanglia,marmoset,#C2AF17,Not assessed
Marmoset-1238,cluster,HMBA_BasalGanglia,marmoset,#AD9112,Not assessed
Marmoset-1239,cluster,HMBA_BasalGanglia,marmoset,#B09613,Not assessed
Marmoset-124,cluster,HMBA_BasalGanglia,marmoset,#37A13A,Not assessed
Marmoset-1240,cluster,HMBA_BasalGanglia,marmoset,#BCA715,Not assessed
Marmoset-1241,cluster,HMBA_BasalGanglia,marmoset,#B39A13,Not assessed
Marmoset-1242,cluster,HMBA_BasalGanglia,marmoset,#B9A215,Not assessed
Marmoset-1243,cluster,HMBA_BasalGanglia,marmoset,#B69E14,Not assessed
Marmoset-125,cluster,HMBA_BasalGanglia,marmoset,#369E38,Not assessed
Marmoset-126,cluster,HMBA_BasalGanglia,marmoset,#32912F,Not assessed
Marmoset-127,cluster,HMBA_BasalGanglia,marmoset,#36A039,Not assessed
Marmoset-128,cluster,HMBA_BasalGanglia,marmoset,#318C2D,Not assessed
Marmoset-129,cluster,HMBA_BasalGanglia,marmoset,#318E2E,Not assessed
Marmoset-13,cluster,HMBA_BasalGanglia,marmoset,#61522A,Not assessed
Marmoset-130,cluster,HMBA_BasalGanglia,marmoset,#3AA73F,Not assessed
Marmoset-131,cluster,HMBA_BasalGanglia,marmoset,#3BA841,Not assessed
Marmoset-132,cluster,HMBA_BasalGanglia,marmoset,#39A53E,Not assessed
Marmoset-133,cluster,HMBA_BasalGanglia,marmoset,#318A2C,Not assessed
Marmoset-134,cluster,HMBA_BasalGanglia,marmoset,#3CA942,Not assessed
Marmoset-1344,cluster,HMBA_BasalGanglia,marmoset,#B97A76,Not assessed
Marmoset-1345,cluster,HMBA_BasalGanglia,marmoset,#404614,Not assessed
Marmoset-1346,cluster,HMBA_BasalGanglia,marmoset,#586821,Not assessed
Marmoset-1347,cluster,HMBA_BasalGanglia,marmoset,#54631F,Not assessed
Marmoset-1348,cluster,HMBA_BasalGanglia,marmoset,#6B8931,Not assessed
Marmoset-1349,cluster,HMBA_BasalGanglia,marmoset,#CCB0A7,Not assessed
Marmoset-135,cluster,HMBA_BasalGanglia,marmoset,#30882B,Not assessed
Marmoset-1350,cluster,HMBA_BasalGanglia,marmoset,#CAABA2,Not assessed
Marmoset-1351,cluster,HMBA_BasalGanglia,marmoset,#D4C0B8,Not assessed
Marmoset-1352,cluster,HMBA_BasalGanglia,marmoset,#C59E96,Not assessed
Marmoset-1353,cluster,HMBA_BasalGanglia,marmoset,#B77471,Not assessed
Marmoset-1354,cluster,HMBA_BasalGanglia,marmoset,#CDB1A9,Not assessed
Marmoset-1355,cluster,HMBA_BasalGanglia,marmoset,#B87875,Not assessed
Marmoset-1356,cluster,HMBA_BasalGanglia,marmoset,#BB807B,Not assessed
Marmoset-1357,cluster,HMBA_BasalGanglia,marmoset,#19BBC1,Not assessed
Marmoset-1358,cluster,HMBA_BasalGanglia,marmoset,#C2978F,Not assessed
Marmoset-136,cluster,HMBA_BasalGanglia,marmoset,#2178BC,Not assessed
Marmoset-1362,cluster,HMBA_BasalGanglia,marmoset,#D0B9B0,Not assessed
Marmoset-1363,cluster,HMBA_BasalGanglia,marmoset,#B97C78,Not assessed
Marmoset-1364,cluster,HMBA_BasalGanglia,marmoset,#D0B8AF,Not assessed
Marmoset-1365,cluster,HMBA_BasalGanglia,marmoset,#BC847F,Not assessed
Marmoset-1366,cluster,HMBA_BasalGanglia,marmoset,#BF8E87,Not assessed
Marmoset-1367,cluster,HMBA_BasalGanglia,marmoset,#BD8882,Not assessed
Marmoset-1368,cluster,HMBA_BasalGanglia,marmoset,#2BBEDE,Not assessed
Marmoset-1369,cluster,HMBA_BasalGanglia,marmoset,#18B9BC,Not assessed
Marmoset-137,cluster,HMBA_BasalGanglia,marmoset,#38A33C,Not assessed
Marmoset-1370,cluster,HMBA_BasalGanglia,marmoset,#25C0DE,Not assessed
Marmoset-1371,cluster,HMBA_BasalGanglia,marmoset,#FF5E57,Not assessed
Marmoset-1372,cluster,HMBA_BasalGanglia,marmoset,#FF7E70,Not assessed
Marmoset-1373,cluster,HMBA_BasalGanglia,marmoset,#FF6E63,Not assessed
Marmoset-1374,cluster,HMBA_BasalGanglia,marmoset,#FE9583,Not assessed
Marmoset-1375,cluster,HMBA_BasalGanglia,marmoset,#FF7669,Not assessed
Marmoset-1376,cluster,HMBA_BasalGanglia,marmoset,#FF4D4A,Not assessed
Marmoset-1377,cluster,HMBA_BasalGanglia,marmoset,#FF665D,Not assessed
Marmoset-1379,cluster,HMBA_BasalGanglia,marmoset,#B7726F,Not assessed
Marmoset-138,cluster,HMBA_BasalGanglia,marmoset,#329230,Not assessed
Marmoset-1380,cluster,HMBA_BasalGanglia,marmoset,#CEB3AA,Not assessed
Marmoset-1381,cluster,HMBA_BasalGanglia,marmoset,#BB827D,Not assessed
Marmoset-1382,cluster,HMBA_BasalGanglia,marmoset,#BE8A84,Not assessed
Marmoset-1383,cluster,HMBA_BasalGanglia,marmoset,#BA7E7A,Not assessed
Marmoset-1384,cluster,HMBA_BasalGanglia,marmoset,#B87673,Not assessed
Marmoset-1385,cluster,HMBA_BasalGanglia,marmoset,#FE8D7D,Not assessed
Marmoset-1386,cluster,HMBA_BasalGanglia,marmoset,#FF5550,Not assessed
Marmoset-1387,cluster,HMBA_BasalGanglia,marmoset,#FE8676,Not assessed
Marmoset-1388,cluster,HMBA_BasalGanglia,marmoset,#28BFDE,Not assessed
Marmoset-1394,cluster,HMBA_BasalGanglia,marmoset,#22C2DE,Not assessed
Marmoset-1395,cluster,HMBA_BasalGanglia,marmoset,#20C1DA,Not assessed
Marmoset-1398,cluster,HMBA_BasalGanglia,marmoset,#21C2DC,Not assessed
Marmoset-1399,cluster,HMBA_BasalGanglia,marmoset,#19BABF,Not assessed
Marmoset-14,cluster,HMBA_BasalGanglia,marmoset,#594A26,Not assessed
Marmoset-140,cluster,HMBA_BasalGanglia,marmoset,#E05F91,Not assessed
Marmoset-1400,cluster,HMBA_BasalGanglia,marmoset,#1FC0D5,Not assessed
Marmoset-1401,cluster,HMBA_BasalGanglia,marmoset,#1BBDC9,Not assessed
Marmoset-1402,cluster,HMBA_BasalGanglia,marmoset,#1CBECB,Not assessed
Marmoset-1403,cluster,HMBA_BasalGanglia,marmoset,#16B2AF,Not assessed
Marmoset-1404,cluster,HMBA_BasalGanglia,marmoset,#18B8BA,Not assessed
Marmoset-1405,cluster,HMBA_BasalGanglia,marmoset,#1EC0D3,Not assessed
Marmoset-1406,cluster,HMBA_BasalGanglia,marmoset,#1DBFCE,Not assessed
Marmoset-1408,cluster,HMBA_BasalGanglia,marmoset,#1ABCC4,Not assessed
Marmoset-1409,cluster,HMBA_BasalGanglia,marmoset,#31BCDE,Not assessed
Marmoset-141,cluster,HMBA_BasalGanglia,marmoset,#E3799A,Not assessed
Marmoset-1410,cluster,HMBA_BasalGanglia,marmoset,#34BBDF,Not assessed
Marmoset-1411,cluster,HMBA_BasalGanglia,marmoset,#2EBDDE,Not assessed
Marmoset-1412,cluster,HMBA_BasalGanglia,marmoset,#1DBFD0,Not assessed
Marmoset-1413,cluster,HMBA_BasalGanglia,marmoset,#17B7B7,Not assessed
Marmoset-1414,cluster,HMBA_BasalGanglia,marmoset,#16B5B3,Not assessed
Marmoset-1415,cluster,HMBA_BasalGanglia,marmoset,#1BBDC6,Not assessed
Marmoset-1416,cluster,HMBA_BasalGanglia,marmoset,#1FC1D8,Not assessed
Marmoset-1419,cluster,HMBA_BasalGanglia,marmoset,#C6E15B,Not assessed
Marmoset-142,cluster,HMBA_BasalGanglia,marmoset,#E06693,Not assessed
Marmoset-1420,cluster,HMBA_BasalGanglia,marmoset,#CADE38,Not assessed
Marmoset-1421,cluster,HMBA_BasalGanglia,marmoset,#C7E052,Not assessed
Marmoset-1422,cluster,HMBA_BasalGanglia,marmoset,#C9DF41,Not assessed
Marmoset-1423,cluster,HMBA_BasalGanglia,marmoset,#410DFA,Not assessed
Marmoset-1424,cluster,HMBA_BasalGanglia,marmoset,#C7DF49,Not assessed
Marmoset-1425,cluster,HMBA_BasalGanglia,marmoset,#551EF9,Not assessed
Marmoset-1426,cluster,HMBA_BasalGanglia,marmoset,#3003F4,Not assessed
Marmoset-143,cluster,HMBA_BasalGanglia,marmoset,#E06392,Not assessed
Marmoset-1436,cluster,HMBA_BasalGanglia,marmoset,#6C3483,Not assessed
Marmoset-1437,cluster,HMBA_BasalGanglia,marmoset,#7B3B90,Not assessed
Marmoset-1438,cluster,HMBA_BasalGanglia,marmoset,#854098,Not assessed
Marmoset-1439,cluster,HMBA_BasalGanglia,marmoset,#DBB0E6,Not assessed
Marmoset-144,cluster,HMBA_BasalGanglia,marmoset,#E16A94,Not assessed
Marmoset-1440,cluster,HMBA_BasalGanglia,marmoset,#9447A4,Not assessed
Marmoset-1441,cluster,HMBA_BasalGanglia,marmoset,#DDB4E7,Not assessed
Marmoset-1442,cluster,HMBA_BasalGanglia,marmoset,#D6A8E3,Not assessed
Marmoset-1443,cluster,HMBA_BasalGanglia,marmoset,#9F4DAC,Not assessed
Marmoset-1444,cluster,HMBA_BasalGanglia,marmoset,#8A429C,Not assessed
Marmoset-1445,cluster,HMBA_BasalGanglia,marmoset,#713687,Not assessed
Marmoset-1446,cluster,HMBA_BasalGanglia,marmoset,#D3A4E2,Not assessed
Marmoset-1447,cluster,HMBA_BasalGanglia,marmoset,#D8ACE5,Not assessed
Marmoset-1448,cluster,HMBA_BasalGanglia,marmoset,#9A4AA8,Not assessed
Marmoset-1449,cluster,HMBA_BasalGanglia,marmoset,#76398C,Not assessed
Marmoset-145,cluster,HMBA_BasalGanglia,marmoset,#E27598,Not assessed
Marmoset-1450,cluster,HMBA_BasalGanglia,marmoset,#803E94,Not assessed
Marmoset-1451,cluster,HMBA_BasalGanglia,marmoset,#3CDE1D,Not assessed
Marmoset-1452,cluster,HMBA_BasalGanglia,marmoset,#3DD01A,Not assessed
Marmoset-1453,cluster,HMBA_BasalGanglia,marmoset,#3FBB15,Not assessed
Marmoset-1454,cluster,HMBA_BasalGanglia,marmoset,#3DD71B,Not assessed
Marmoset-1455,cluster,HMBA_BasalGanglia,marmoset,#3EC918,Not assessed
Marmoset-1456,cluster,HMBA_BasalGanglia,marmoset,#3EC216,Not assessed
Marmoset-1457,cluster,HMBA_BasalGanglia,marmoset,#8F45A0,Not assessed
Marmoset-1458,cluster,HMBA_BasalGanglia,marmoset,#383C11,Not assessed
Marmoset-1459,cluster,HMBA_BasalGanglia,marmoset,#F49032,Not assessed
Marmoset-1460,cluster,HMBA_BasalGanglia,marmoset,#69852F,Not assessed
Marmoset-1461,cluster,HMBA_BasalGanglia,marmoset,#67822D,Not assessed
Marmoset-1462,cluster,HMBA_BasalGanglia,marmoset,#627929,Not assessed
Marmoset-1463,cluster,HMBA_BasalGanglia,marmoset,#454D17,Not assessed
Marmoset-1464,cluster,HMBA_BasalGanglia,marmoset,#68842F,Not assessed
Marmoset-1465,cluster,HMBA_BasalGanglia,marmoset,#4D571B,Not assessed
Marmoset-1466,cluster,HMBA_BasalGanglia,marmoset,#3C4112,Not assessed
Marmoset-1467,cluster,HMBA_BasalGanglia,marmoset,#464E17,Not assessed
Marmoset-1468,cluster,HMBA_BasalGanglia,marmoset,#5B6D24,Not assessed
Marmoset-1469,cluster,HMBA_BasalGanglia,marmoset,#F67114,Not assessed
Marmoset-1470,cluster,HMBA_BasalGanglia,marmoset,#F5781A,Not assessed
Marmoset-1471,cluster,HMBA_BasalGanglia,marmoset,#414715,Not assessed
Marmoset-1472,cluster,HMBA_BasalGanglia,marmoset,#576621,Not assessed
Marmoset-1473,cluster,HMBA_BasalGanglia,marmoset,#607527,Not assessed
Marmoset-1474,cluster,HMBA_BasalGanglia,marmoset,#5E7226,Not assessed
Marmoset-1475,cluster,HMBA_BasalGanglia,marmoset,#647C2A,Not assessed
Marmoset-1476,cluster,HMBA_BasalGanglia,marmoset,#424915,Not assessed
Marmoset-1477,cluster,HMBA_BasalGanglia,marmoset,#F58A2C,Not assessed
Marmoset-1478,cluster,HMBA_BasalGanglia,marmoset,#434A16,Not assessed
Marmoset-1479,cluster,HMBA_BasalGanglia,marmoset,#F58426,Not assessed
Marmoset-1480,cluster,HMBA_BasalGanglia,marmoset,#586922,Not assessed
Marmoset-1481,cluster,HMBA_BasalGanglia,marmoset,#F57E20,Not assessed
Marmoset-1482,cluster,HMBA_BasalGanglia,marmoset,#515E1D,Not assessed
Marmoset-1483,cluster,HMBA_BasalGanglia,marmoset,#028F94,Not assessed
Marmoset-1484,cluster,HMBA_BasalGanglia,marmoset,#017572,Not assessed
Marmoset-1485,cluster,HMBA_BasalGanglia,marmoset,#018485,Not assessed
Marmoset-1488,cluster,HMBA_BasalGanglia,marmoset,#D3449A,Not assessed
Marmoset-149,cluster,HMBA_BasalGanglia,marmoset,#E27297,Not assessed
Marmoset-1493,cluster,HMBA_BasalGanglia,marmoset,#D34C9B,Not assessed
Marmoset-1499,cluster,HMBA_BasalGanglia,marmoset,#D3BFB7,Not assessed
Marmoset-15,cluster,HMBA_BasalGanglia,marmoset,#554624,Not assessed
Marmoset-150,cluster,HMBA_BasalGanglia,marmoset,#E16E96,Not assessed
Marmoset-1500,cluster,HMBA_BasalGanglia,marmoset,#D3BEB5,Not assessed
Marmoset-1501,cluster,HMBA_BasalGanglia,marmoset,#BC8680,Not assessed
Marmoset-1502,cluster,HMBA_BasalGanglia,marmoset,#D1BBB2,Not assessed
Marmoset-1503,cluster,HMBA_BasalGanglia,marmoset,#CBAEA6,Not assessed
Marmoset-1504,cluster,HMBA_BasalGanglia,marmoset,#BE8C85,Not assessed
Marmoset-1505,cluster,HMBA_BasalGanglia,marmoset,#C59F97,Not assessed
Marmoset-1506,cluster,HMBA_BasalGanglia,marmoset,#D2BCB3,Not assessed
Marmoset-1507,cluster,HMBA_BasalGanglia,marmoset,#CBADA4,Not assessed
Marmoset-1508,cluster,HMBA_BasalGanglia,marmoset,#C9A89F,Not assessed
Marmoset-1509,cluster,HMBA_BasalGanglia,marmoset,#C9A9A1,Not assessed
Marmoset-151,cluster,HMBA_BasalGanglia,marmoset,#C3D2ED,Not assessed
Marmoset-1510,cluster,HMBA_BasalGanglia,marmoset,#C49C94,Not assessed
Marmoset-1511,cluster,HMBA_BasalGanglia,marmoset,#C7A49C,Not assessed
Marmoset-1512,cluster,HMBA_BasalGanglia,marmoset,#C09089,Not assessed
Marmoset-1513,cluster,HMBA_BasalGanglia,marmoset,#C0918A,Not assessed
Marmoset-1514,cluster,HMBA_BasalGanglia,marmoset,#C1958E,Not assessed
Marmoset-1515,cluster,HMBA_BasalGanglia,marmoset,#C8A69E,Not assessed
Marmoset-1516,cluster,HMBA_BasalGanglia,marmoset,#C1938C,Not assessed
Marmoset-1517,cluster,HMBA_BasalGanglia,marmoset,#C6A199,Not assessed
Marmoset-1518,cluster,HMBA_BasalGanglia,marmoset,#C39991,Not assessed
Marmoset-1519,cluster,HMBA_BasalGanglia,marmoset,#C39A92,Not assessed
Marmoset-152,cluster,HMBA_BasalGanglia,marmoset,#BECFEC,Not assessed
Marmoset-1520,cluster,HMBA_BasalGanglia,marmoset,#C7A39A,Not assessed
Marmoset-1521,cluster,HMBA_BasalGanglia,marmoset,#393D11,Not assessed
Marmoset-1522,cluster,HMBA_BasalGanglia,marmoset,#6A8830,Not assessed
Marmoset-1523,cluster,HMBA_BasalGanglia,marmoset,#617829,Not assessed
Marmoset-1524,cluster,HMBA_BasalGanglia,marmoset,#596A22,Not assessed
Marmoset-1525,cluster,HMBA_BasalGanglia,marmoset,#3F4514,Not assessed
Marmoset-1526,cluster,HMBA_BasalGanglia,marmoset,#647D2B,Not assessed
Marmoset-1527,cluster,HMBA_BasalGanglia,marmoset,#383C11,Not assessed
Marmoset-1528,cluster,HMBA_BasalGanglia,marmoset,#617728,Not assessed
Marmoset-1529,cluster,HMBA_BasalGanglia,marmoset,#4C561A,Not assessed
Marmoset-153,cluster,HMBA_BasalGanglia,marmoset,#FF9E9B,Not assessed
Marmoset-1530,cluster,HMBA_BasalGanglia,marmoset,#698630,Not assessed
Marmoset-1531,cluster,HMBA_BasalGanglia,marmoset,#3B3F12,Not assessed
Marmoset-1532,cluster,HMBA_BasalGanglia,marmoset,#525F1E,Not assessed
Marmoset-1533,cluster,HMBA_BasalGanglia,marmoset,#3A3E11,Not assessed
Marmoset-1534,cluster,HMBA_BasalGanglia,marmoset,#3D4213,Not assessed
Marmoset-1535,cluster,HMBA_BasalGanglia,marmoset,#68832E,Not assessed
Marmoset-1536,cluster,HMBA_BasalGanglia,marmoset,#5C6F25,Not assessed
Marmoset-1537,cluster,HMBA_BasalGanglia,marmoset,#66802D,Not assessed
Marmoset-1538,cluster,HMBA_BasalGanglia,marmoset,#5A6B23,Not assessed
Marmoset-1539,cluster,HMBA_BasalGanglia,marmoset,#4E5A1C,Not assessed
Marmoset-154,cluster,HMBA_BasalGanglia,marmoset,#9AE08E,Not assessed
Marmoset-1540,cluster,HMBA_BasalGanglia,marmoset,#637A2A,Not assessed
Marmoset-1541,cluster,HMBA_BasalGanglia,marmoset,#3E4313,Not assessed
Marmoset-1542,cluster,HMBA_BasalGanglia,marmoset,#4F5B1C,Not assessed
Marmoset-1543,cluster,HMBA_BasalGanglia,marmoset,#53601E,Not assessed
Marmoset-1544,cluster,HMBA_BasalGanglia,marmoset,#667F2C,Not assessed
Marmoset-1545,cluster,HMBA_BasalGanglia,marmoset,#657E2C,Not assessed
Marmoset-1546,cluster,HMBA_BasalGanglia,marmoset,#474F18,Not assessed
Marmoset-1547,cluster,HMBA_BasalGanglia,marmoset,#444B16,Not assessed
Marmoset-1548,cluster,HMBA_BasalGanglia,marmoset,#5D7025,Not assessed
Marmoset-1549,cluster,HMBA_BasalGanglia,marmoset,#5F7427,Not assessed
Marmoset-155,cluster,HMBA_BasalGanglia,marmoset,#C1D1EC,Not assessed
Marmoset-1550,cluster,HMBA_BasalGanglia,marmoset,#5F7326,Not assessed
Marmoset-1551,cluster,HMBA_BasalGanglia,marmoset,#4B541A,Not assessed
Marmoset-1552,cluster,HMBA_BasalGanglia,marmoset,#485118,Not assessed
Marmoset-1553,cluster,HMBA_BasalGanglia,marmoset,#495219,Not assessed
Marmoset-1554,cluster,HMBA_BasalGanglia,marmoset,#4A5319,Not assessed
Marmoset-1555,cluster,HMBA_BasalGanglia,marmoset,#5C6E24,Not assessed
Marmoset-1556,cluster,HMBA_BasalGanglia,marmoset,#4E581B,Not assessed
Marmoset-1557,cluster,HMBA_BasalGanglia,marmoset,#505C1D,Not assessed
Marmoset-1558,cluster,HMBA_BasalGanglia,marmoset,#54611F,Not assessed
Marmoset-1559,cluster,HMBA_BasalGanglia,marmoset,#566520,Not assessed
Marmoset-1560,cluster,HMBA_BasalGanglia,marmoset,#556420,Not assessed
Marmoset-16,cluster,HMBA_BasalGanglia,marmoset,#592F1A,Not assessed
Marmoset-17,cluster,HMBA_BasalGanglia,marmoset,#514222,Not assessed
Marmoset-18,cluster,HMBA_BasalGanglia,marmoset,#5E321C,Not assessed
Marmoset-19,cluster,HMBA_BasalGanglia,marmoset,#62351D,Not assessed
Marmoset-195,cluster,HMBA_BasalGanglia,marmoset,#D83632,Not assessed
Marmoset-196,cluster,HMBA_BasalGanglia,marmoset,#D0252A,Not assessed
Marmoset-197,cluster,HMBA_BasalGanglia,marmoset,#D32629,Not assessed
Marmoset-198,cluster,HMBA_BasalGanglia,marmoset,#2479C5,Not assessed
Marmoset-199,cluster,HMBA_BasalGanglia,marmoset,#D8302E,Not assessed
Marmoset-2,cluster,HMBA_BasalGanglia,marmoset,#552B19,Not assessed
Marmoset-20,cluster,HMBA_BasalGanglia,marmoset,#6A3D21,Not assessed
Marmoset-200,cluster,HMBA_BasalGanglia,marmoset,#D62728,Not assessed
Marmoset-201,cluster,HMBA_BasalGanglia,marmoset,#D82B2A,Not assessed
Marmoset-202,cluster,HMBA_BasalGanglia,marmoset,#1C75A9,Not assessed
Marmoset-203,cluster,HMBA_BasalGanglia,marmoset,#329531,Not assessed
Marmoset-204,cluster,HMBA_BasalGanglia,marmoset,#9164BC,Not assessed
Marmoset-205,cluster,HMBA_BasalGanglia,marmoset,#8E61BB,Not assessed
Marmoset-206,cluster,HMBA_BasalGanglia,marmoset,#8355B8,Not assessed
Marmoset-207,cluster,HMBA_BasalGanglia,marmoset,#996DBF,Not assessed
Marmoset-208,cluster,HMBA_BasalGanglia,marmoset,#A479C2,Not assessed
Marmoset-209,cluster,HMBA_BasalGanglia,marmoset,#8658B9,Not assessed
Marmoset-210,cluster,HMBA_BasalGanglia,marmoset,#A176C1,Not assessed
Marmoset-211,cluster,HMBA_BasalGanglia,marmoset,#895BBA,Not assessed
Marmoset-212,cluster,HMBA_BasalGanglia,marmoset,#9F73C0,Not assessed
Marmoset-213,cluster,HMBA_BasalGanglia,marmoset,#E583C3,Not assessed
Marmoset-214,cluster,HMBA_BasalGanglia,marmoset,#E378C2,Not assessed
Marmoset-215,cluster,HMBA_BasalGanglia,marmoset,#E58AC4,Not assessed
Marmoset-216,cluster,HMBA_BasalGanglia,marmoset,#E166C2,Not assessed
Marmoset-217,cluster,HMBA_BasalGanglia,marmoset,#E586C3,Not assessed
Marmoset-218,cluster,HMBA_BasalGanglia,marmoset,#E588C4,Not assessed
Marmoset-219,cluster,HMBA_BasalGanglia,marmoset,#E168C2,Not assessed
Marmoset-220,cluster,HMBA_BasalGanglia,marmoset,#E47FC3,Not assessed
Marmoset-221,cluster,HMBA_BasalGanglia,marmoset,#8C5EBB,Not assessed
Marmoset-222,cluster,HMBA_BasalGanglia,marmoset,#9C70C0,Not assessed
Marmoset-223,cluster,HMBA_BasalGanglia,marmoset,#976ABE,Not assessed
Marmoset-224,cluster,HMBA_BasalGanglia,marmoset,#E26AC2,Not assessed
Marmoset-225,cluster,HMBA_BasalGanglia,marmoset,#E26DC2,Not assessed
Marmoset-226,cluster,HMBA_BasalGanglia,marmoset,#E481C3,Not assessed
Marmoset-227,cluster,HMBA_BasalGanglia,marmoset,#E47DC2,Not assessed
Marmoset-228,cluster,HMBA_BasalGanglia,marmoset,#E37AC2,Not assessed
Marmoset-230,cluster,HMBA_BasalGanglia,marmoset,#E26FC2,Not assessed
Marmoset-231,cluster,HMBA_BasalGanglia,marmoset,#E271C2,Not assessed
Marmoset-232,cluster,HMBA_BasalGanglia,marmoset,#E374C2,Not assessed
Marmoset-233,cluster,HMBA_BasalGanglia,marmoset,#E376C2,Not assessed
Marmoset-234,cluster,HMBA_BasalGanglia,marmoset,#9467BD,Not assessed
Marmoset-235,cluster,HMBA_BasalGanglia,marmoset,#F6EC97,Not assessed
Marmoset-236,cluster,HMBA_BasalGanglia,marmoset,#F6EE9F,Not assessed
Marmoset-237,cluster,HMBA_BasalGanglia,marmoset,#CEAF4D,Not assessed
Marmoset-238,cluster,HMBA_BasalGanglia,marmoset,#CBA038,Not assessed
Marmoset-239,cluster,HMBA_BasalGanglia,marmoset,#5212BE,Not assessed
Marmoset-240,cluster,HMBA_BasalGanglia,marmoset,#5C14C8,Not assessed
Marmoset-241,cluster,HMBA_BasalGanglia,marmoset,#5713C3,Not assessed
Marmoset-245,cluster,HMBA_BasalGanglia,marmoset,#D20853,Not assessed
Marmoset-246,cluster,HMBA_BasalGanglia,marmoset,#902F6B,Not assessed
Marmoset-278,cluster,HMBA_BasalGanglia,marmoset,#15F1EF,Not assessed
Marmoset-279,cluster,HMBA_BasalGanglia,marmoset,#2DE9F1,Not assessed
Marmoset-280,cluster,HMBA_BasalGanglia,marmoset,#1DF0F1,Not assessed
Marmoset-281,cluster,HMBA_BasalGanglia,marmoset,#A23E50,Not assessed
Marmoset-282,cluster,HMBA_BasalGanglia,marmoset,#25ECF1,Not assessed
Marmoset-283,cluster,HMBA_BasalGanglia,marmoset,#9D3B4F,Not assessed
Marmoset-297,cluster,HMBA_BasalGanglia,marmoset,#FE0080,Not assessed
Marmoset-298,cluster,HMBA_BasalGanglia,marmoset,#FA4C86,Not assessed
Marmoset-299,cluster,HMBA_BasalGanglia,marmoset,#FA5789,Not assessed
Marmoset-3,cluster,HMBA_BasalGanglia,marmoset,#774826,Not assessed
Marmoset-300,cluster,HMBA_BasalGanglia,marmoset,#FC2780,Not assessed
Marmoset-301,cluster,HMBA_BasalGanglia,marmoset,#FB4183,Not assessed
Marmoset-302,cluster,HMBA_BasalGanglia,marmoset,#FF0180,Not assessed
Marmoset-303,cluster,HMBA_BasalGanglia,marmoset,#FB3481,Not assessed
Marmoset-304,cluster,HMBA_BasalGanglia,marmoset,#FA5588,Not assessed
Marmoset-305,cluster,HMBA_BasalGanglia,marmoset,#FF037F,Not assessed
Marmoset-306,cluster,HMBA_BasalGanglia,marmoset,#FF077F,Not assessed
Marmoset-307,cluster,HMBA_BasalGanglia,marmoset,#FD207F,Not assessed
Marmoset-308,cluster,HMBA_BasalGanglia,marmoset,#FE177F,Not assessed
Marmoset-310,cluster,HMBA_BasalGanglia,marmoset,#FA5288,Not assessed
Marmoset-311,cluster,HMBA_BasalGanglia,marmoset,#FD1B7F,Not assessed
Marmoset-312,cluster,HMBA_BasalGanglia,marmoset,#FD197F,Not assessed
Marmoset-313,cluster,HMBA_BasalGanglia,marmoset,#FC3281,Not assessed
Marmoset-314,cluster,HMBA_BasalGanglia,marmoset,#FC2D80,Not assessed
Marmoset-315,cluster,HMBA_BasalGanglia,marmoset,#FF057F,Not assessed
Marmoset-316,cluster,HMBA_BasalGanglia,marmoset,#FA5087,Not assessed
Marmoset-318,cluster,HMBA_BasalGanglia,marmoset,#FB3D83,Not assessed
Marmoset-319,cluster,HMBA_BasalGanglia,marmoset,#FB3A82,Not assessed
Marmoset-320,cluster,HMBA_BasalGanglia,marmoset,#FB3681,Not assessed
Marmoset-321,cluster,HMBA_BasalGanglia,marmoset,#FA4584,Not assessed
Marmoset-322,cluster,HMBA_BasalGanglia,marmoset,#FA4E87,Not assessed
Marmoset-323,cluster,HMBA_BasalGanglia,marmoset,#FF097F,Not assessed
Marmoset-324,cluster,HMBA_BasalGanglia,marmoset,#FD227F,Not assessed
Marmoset-325,cluster,HMBA_BasalGanglia,marmoset,#FA4885,Not assessed
Marmoset-326,cluster,HMBA_BasalGanglia,marmoset,#FE0C7F,Not assessed
Marmoset-327,cluster,HMBA_BasalGanglia,marmoset,#FB3F83,Not assessed
Marmoset-328,cluster,HMBA_BasalGanglia,marmoset,#FA4A85,Not assessed
Marmoset-329,cluster,HMBA_BasalGanglia,marmoset,#FE127F,Not assessed
Marmoset-330,cluster,HMBA_BasalGanglia,marmoset,#FC247F,Not assessed
Marmoset-331,cluster,HMBA_BasalGanglia,marmoset,#FC2980,Not assessed
Marmoset-335,cluster,HMBA_BasalGanglia,marmoset,#FE157F,Not assessed
Marmoset-336,cluster,HMBA_BasalGanglia,marmoset,#FD1E7F,Not assessed
Marmoset-337,cluster,HMBA_BasalGanglia,marmoset,#FE0E7F,Not assessed
Marmoset-338,cluster,HMBA_BasalGanglia,marmoset,#FC2B80,Not assessed
Marmoset-339,cluster,HMBA_BasalGanglia,marmoset,#FE107F,Not assessed
Marmoset-340,cluster,HMBA_BasalGanglia,marmoset,#FB3882,Not assessed
Marmoset-341,cluster,HMBA_BasalGanglia,marmoset,#FB4384,Not assessed
Marmoset-352,cluster,HMBA_BasalGanglia,marmoset,#FC2F81,Not assessed
Marmoset-353,cluster,HMBA_BasalGanglia,marmoset,#03D0B3,Not assessed
Marmoset-354,cluster,HMBA_BasalGanglia,marmoset,#009267,Not assessed
Marmoset-355,cluster,HMBA_BasalGanglia,marmoset,#02CAAB,Not assessed
Marmoset-358,cluster,HMBA_BasalGanglia,marmoset,#00A981,Not assessed
Marmoset-359,cluster,HMBA_BasalGanglia,marmoset,#01BF9D,Not assessed
Marmoset-361,cluster,HMBA_BasalGanglia,marmoset,#00986D,Not assessed
Marmoset-362,cluster,HMBA_BasalGanglia,marmoset,#02C5A4,Not assessed
Marmoset-363,cluster,HMBA_BasalGanglia,marmoset,#009D74,Not assessed
Marmoset-364,cluster,HMBA_BasalGanglia,marmoset,#00A37A,Not assessed
Marmoset-366,cluster,HMBA_BasalGanglia,marmoset,#01BA96,Not assessed
Marmoset-368,cluster,HMBA_BasalGanglia,marmoset,#00B48F,Not assessed
Marmoset-369,cluster,HMBA_BasalGanglia,marmoset,#00AF88,Not assessed
Marmoset-396,cluster,HMBA_BasalGanglia,marmoset,#CFB6AD,Not assessed
Marmoset-397,cluster,HMBA_BasalGanglia,marmoset,#CEB5AC,Not assessed
Marmoset-4,cluster,HMBA_BasalGanglia,marmoset,#6E4022,Not assessed
Marmoset-427,cluster,HMBA_BasalGanglia,marmoset,#F5A3CA,Not assessed
Marmoset-428,cluster,HMBA_BasalGanglia,marmoset,#F6BBD3,Not assessed
Marmoset-429,cluster,HMBA_BasalGanglia,marmoset,#F6B2D0,Not assessed
Marmoset-430,cluster,HMBA_BasalGanglia,marmoset,#F6BBD3,Not assessed
Marmoset-431,cluster,HMBA_BasalGanglia,marmoset,#F6BBD2,Not assessed
Marmoset-432,cluster,HMBA_BasalGanglia,marmoset,#F6B8D2,Not assessed
Marmoset-433,cluster,HMBA_BasalGanglia,marmoset,#F5ADCE,Not assessed
Marmoset-434,cluster,HMBA_BasalGanglia,marmoset,#F5A8CC,Not assessed
Marmoset-5,cluster,HMBA_BasalGanglia,marmoset,#66391F,Not assessed
Marmoset-507,cluster,HMBA_BasalGanglia,marmoset,#2065A5,Not assessed
Marmoset-508,cluster,HMBA_BasalGanglia,marmoset,#145878,Not assessed
Marmoset-509,cluster,HMBA_BasalGanglia,marmoset,#185E8A,Not assessed
Marmoset-510,cluster,HMBA_BasalGanglia,marmoset,#135776,Not assessed
Marmoset-511,cluster,HMBA_BasalGanglia,marmoset,#135674,Not assessed
Marmoset-512,cluster,HMBA_BasalGanglia,marmoset,#1F65A3,Not assessed
Marmoset-513,cluster,HMBA_BasalGanglia,marmoset,#195F8E,Not assessed
Marmoset-514,cluster,HMBA_BasalGanglia,marmoset,#1A6092,Not assessed
Marmoset-515,cluster,HMBA_BasalGanglia,marmoset,#14587A,Not assessed
Marmoset-516,cluster,HMBA_BasalGanglia,marmoset,#1D629A,Not assessed
Marmoset-517,cluster,HMBA_BasalGanglia,marmoset,#1E639D,Not assessed
Marmoset-518,cluster,HMBA_BasalGanglia,marmoset,#155A7E,Not assessed
Marmoset-519,cluster,HMBA_BasalGanglia,marmoset,#1A6090,Not assessed
Marmoset-520,cluster,HMBA_BasalGanglia,marmoset,#15597C,Not assessed
Marmoset-521,cluster,HMBA_BasalGanglia,marmoset,#1B6196,Not assessed
Marmoset-522,cluster,HMBA_BasalGanglia,marmoset,#175C84,Not assessed
Marmoset-523,cluster,HMBA_BasalGanglia,marmoset,#165B80,Not assessed
Marmoset-524,cluster,HMBA_BasalGanglia,marmoset,#165B82,Not assessed
Marmoset-525,cluster,HMBA_BasalGanglia,marmoset,#1C6298,Not assessed
Marmoset-526,cluster,HMBA_BasalGanglia,marmoset,#1B6194,Not assessed
Marmoset-527,cluster,HMBA_BasalGanglia,marmoset,#185D88,Not assessed
Marmoset-541,cluster,HMBA_BasalGanglia,marmoset,#90762C,Not assessed
Marmoset-542,cluster,HMBA_BasalGanglia,marmoset,#967E30,Not assessed
Marmoset-543,cluster,HMBA_BasalGanglia,marmoset,#937A2E,Not assessed
Marmoset-6,cluster,HMBA_BasalGanglia,marmoset,#CDA842,Not assessed
Marmoset-60,cluster,HMBA_BasalGanglia,marmoset,#FF9291,Not assessed
Marmoset-61,cluster,HMBA_BasalGanglia,marmoset,#98BFE3,Not assessed
Marmoset-62,cluster,HMBA_BasalGanglia,marmoset,#B4CAE9,Not assessed
Marmoset-625,cluster,HMBA_BasalGanglia,marmoset,#F5E07A,Not assessed
Marmoset-626,cluster,HMBA_BasalGanglia,marmoset,#F5E382,Not assessed
Marmoset-627,cluster,HMBA_BasalGanglia,marmoset,#F5E990,Not assessed
Marmoset-628,cluster,HMBA_BasalGanglia,marmoset,#F5E689,Not assessed
Marmoset-63,cluster,HMBA_BasalGanglia,marmoset,#A8C4E7,Not assessed
Marmoset-64,cluster,HMBA_BasalGanglia,marmoset,#A9E4A4,Not assessed
Marmoset-65,cluster,HMBA_BasalGanglia,marmoset,#9DC0E4,Not assessed
Marmoset-66,cluster,HMBA_BasalGanglia,marmoset,#A2C2E6,Not assessed
Marmoset-662,cluster,HMBA_BasalGanglia,marmoset,#4D4158,Not assessed
Marmoset-663,cluster,HMBA_BasalGanglia,marmoset,#51435B,Not assessed
Marmoset-664,cluster,HMBA_BasalGanglia,marmoset,#5F4E69,Not assessed
Marmoset-665,cluster,HMBA_BasalGanglia,marmoset,#54465F,Not assessed
Marmoset-666,cluster,HMBA_BasalGanglia,marmoset,#5B4B66,Not assessed
Marmoset-669,cluster,HMBA_BasalGanglia,marmoset,#1F64A1,Not assessed
Marmoset-67,cluster,HMBA_BasalGanglia,marmoset,#ADC6E8,Not assessed
Marmoset-670,cluster,HMBA_BasalGanglia,marmoset,#1E649F,Not assessed
Marmoset-671,cluster,HMBA_BasalGanglia,marmoset,#584962,Not assessed
Marmoset-672,cluster,HMBA_BasalGanglia,marmoset,#1D639B,Not assessed
Marmoset-673,cluster,HMBA_BasalGanglia,marmoset,#175D86,Not assessed
Marmoset-674,cluster,HMBA_BasalGanglia,marmoset,#195F8C,Not assessed
Marmoset-68,cluster,HMBA_BasalGanglia,marmoset,#B7CBEA,Not assessed
Marmoset-685,cluster,HMBA_BasalGanglia,marmoset,#6C5042,Not assessed
Marmoset-688,cluster,HMBA_BasalGanglia,marmoset,#B97300,Not assessed
Marmoset-689,cluster,HMBA_BasalGanglia,marmoset,#62453A,Not assessed
Marmoset-69,cluster,HMBA_BasalGanglia,marmoset,#AFC8E8,Not assessed
Marmoset-690,cluster,HMBA_BasalGanglia,marmoset,#64473B,Not assessed
Marmoset-692,cluster,HMBA_BasalGanglia,marmoset,#ACBEA6,Not assessed
Marmoset-694,cluster,HMBA_BasalGanglia,marmoset,#6A4D40,Not assessed
Marmoset-696,cluster,HMBA_BasalGanglia,marmoset,#A0B297,Not assessed
Marmoset-7,cluster,HMBA_BasalGanglia,marmoset,#734424,Not assessed
Marmoset-70,cluster,HMBA_BasalGanglia,marmoset,#B2C9E9,Not assessed
Marmoset-700,cluster,HMBA_BasalGanglia,marmoset,#AABBA3,Not assessed
Marmoset-703,cluster,HMBA_BasalGanglia,marmoset,#A2B49A,Not assessed
Marmoset-704,cluster,HMBA_BasalGanglia,marmoset,#BF7A00,Not assessed
Marmoset-705,cluster,HMBA_BasalGanglia,marmoset,#66493D,Not assessed
Marmoset-706,cluster,HMBA_BasalGanglia,marmoset,#99A889,Not assessed
Marmoset-708,cluster,HMBA_BasalGanglia,marmoset,#9F6365,Not assessed
Marmoset-709,cluster,HMBA_BasalGanglia,marmoset,#94575D,Not assessed
Marmoset-71,cluster,HMBA_BasalGanglia,marmoset,#2178BA,Not assessed
Marmoset-711,cluster,HMBA_BasalGanglia,marmoset,#995C60,Not assessed
Marmoset-712,cluster,HMBA_BasalGanglia,marmoset,#9E6163,Not assessed
Marmoset-715,cluster,HMBA_BasalGanglia,marmoset,#9C5F62,Not assessed
Marmoset-716,cluster,HMBA_BasalGanglia,marmoset,#975A5F,Not assessed
Marmoset-717,cluster,HMBA_BasalGanglia,marmoset,#9B5E61,Not assessed
Marmoset-718,cluster,HMBA_BasalGanglia,marmoset,#95595E,Not assessed
Marmoset-72,cluster,HMBA_BasalGanglia,marmoset,#9BBFE4,Not assessed
Marmoset-720,cluster,HMBA_BasalGanglia,marmoset,#AAF26B,Not assessed
Marmoset-721,cluster,HMBA_BasalGanglia,marmoset,#74C8B6,Not assessed
Marmoset-722,cluster,HMBA_BasalGanglia,marmoset,#6FC7B2,Not assessed
Marmoset-723,cluster,HMBA_BasalGanglia,marmoset,#A071F5,Not assessed
Marmoset-724,cluster,HMBA_BasalGanglia,marmoset,#8959F5,Not assessed
Marmoset-725,cluster,HMBA_BasalGanglia,marmoset,#9565F5,Not assessed
Marmoset-726,cluster,HMBA_BasalGanglia,marmoset,#687D92,Not assessed
Marmoset-727,cluster,HMBA_BasalGanglia,marmoset,#79889C,Not assessed
Marmoset-728,cluster,HMBA_BasalGanglia,marmoset,#697E93,Not assessed
Marmoset-729,cluster,HMBA_BasalGanglia,marmoset,#77869A,Not assessed
Marmoset-73,cluster,HMBA_BasalGanglia,marmoset,#A0C1E5,Not assessed
Marmoset-730,cluster,HMBA_BasalGanglia,marmoset,#6B7F95,Not assessed
Marmoset-731,cluster,HMBA_BasalGanglia,marmoset,#708297,Not assessed
Marmoset-732,cluster,HMBA_BasalGanglia,marmoset,#758599,Not assessed
Marmoset-733,cluster,HMBA_BasalGanglia,marmoset,#6E8196,Not assessed
Marmoset-734,cluster,HMBA_BasalGanglia,marmoset,#728398,Not assessed
Marmoset-739,cluster,HMBA_BasalGanglia,marmoset,#FCE62E,Not assessed
Marmoset-74,cluster,HMBA_BasalGanglia,marmoset,#A8E4A2,Not assessed
Marmoset-740,cluster,HMBA_BasalGanglia,marmoset,#FBF04A,Not assessed
Marmoset-75,cluster,HMBA_BasalGanglia,marmoset,#AAE5A5,Not assessed
Marmoset-76,cluster,HMBA_BasalGanglia,marmoset,#9EE194,Not assessed
Marmoset-77,cluster,HMBA_BasalGanglia,marmoset,#AAC5E7,Not assessed
Marmoset-775,cluster,HMBA_BasalGanglia,marmoset,#E9E054,Not assessed
Marmoset-776,cluster,HMBA_BasalGanglia,marmoset,#E9DD4F,Not assessed
Marmoset-777,cluster,HMBA_BasalGanglia,marmoset,#A6460C,Not assessed
Marmoset-778,cluster,HMBA_BasalGanglia,marmoset,#BE5F10,Not assessed
Marmoset-779,cluster,HMBA_BasalGanglia,marmoset,#BA5A0F,Not assessed
Marmoset-78,cluster,HMBA_BasalGanglia,marmoset,#FF9896,Not assessed
Marmoset-780,cluster,HMBA_BasalGanglia,marmoset,#A8480C,Not assessed
Marmoset-781,cluster,HMBA_BasalGanglia,marmoset,#AC4C0D,Not assessed
Marmoset-782,cluster,HMBA_BasalGanglia,marmoset,#E9DB4B,Not assessed
Marmoset-784,cluster,HMBA_BasalGanglia,marmoset,#BC5D10,Not assessed
Marmoset-785,cluster,HMBA_BasalGanglia,marmoset,#AA4A0D,Not assessed
Marmoset-786,cluster,HMBA_BasalGanglia,marmoset,#B8580F,Not assessed
Marmoset-787,cluster,HMBA_BasalGanglia,marmoset,#B4540E,Not assessed
Marmoset-789,cluster,HMBA_BasalGanglia,marmoset,#AE4E0D,Not assessed
Marmoset-79,cluster,HMBA_BasalGanglia,marmoset,#B9CDEB,Not assessed
Marmoset-790,cluster,HMBA_BasalGanglia,marmoset,#B6560F,Not assessed
Marmoset-791,cluster,HMBA_BasalGanglia,marmoset,#B2520E,Not assessed
Marmoset-792,cluster,HMBA_BasalGanglia,marmoset,#B0500E,Not assessed
Marmoset-8,cluster,HMBA_BasalGanglia,marmoset,#64562C,Not assessed
Marmoset-80,cluster,HMBA_BasalGanglia,marmoset,#BCCEEB,Not assessed
Marmoset-81,cluster,HMBA_BasalGanglia,marmoset,#A5C3E6,Not assessed
Marmoset-82,cluster,HMBA_BasalGanglia,marmoset,#C4D2ED,Not assessed
Marmoset-825,cluster,HMBA_BasalGanglia,marmoset,#DF0078,Not assessed
Marmoset-826,cluster,HMBA_BasalGanglia,marmoset,#F60176,Not assessed
Marmoset-827,cluster,HMBA_BasalGanglia,marmoset,#E40078,Not assessed
Marmoset-828,cluster,HMBA_BasalGanglia,marmoset,#FA0275,Not assessed
Marmoset-829,cluster,HMBA_BasalGanglia,marmoset,#F10176,Not assessed
Marmoset-83,cluster,HMBA_BasalGanglia,marmoset,#2679CA,Not assessed
Marmoset-830,cluster,HMBA_BasalGanglia,marmoset,#E90077,Not assessed
Marmoset-831,cluster,HMBA_BasalGanglia,marmoset,#ED0077,Not assessed
Marmoset-84,cluster,HMBA_BasalGanglia,marmoset,#1F77B4,Not assessed
Marmoset-85,cluster,HMBA_BasalGanglia,marmoset,#1A73A3,Not assessed
Marmoset-859,cluster,HMBA_BasalGanglia,marmoset,#612162,Not assessed
Marmoset-86,cluster,HMBA_BasalGanglia,marmoset,#1A73A0,Not assessed
Marmoset-861,cluster,HMBA_BasalGanglia,marmoset,#672368,Not assessed
Marmoset-87,cluster,HMBA_BasalGanglia,marmoset,#2279BF,Not assessed
Marmoset-88,cluster,HMBA_BasalGanglia,marmoset,#2379C2,Not assessed
Marmoset-89,cluster,HMBA_BasalGanglia,marmoset,#1E77B1,Not assessed
Marmoset-9,cluster,HMBA_BasalGanglia,marmoset,#4D3E20,Not assessed
Marmoset-90,cluster,HMBA_BasalGanglia,marmoset,#1B74A6,Not assessed
Marmoset-91,cluster,HMBA_BasalGanglia,marmoset,#1D75AC,Not assessed
Marmoset-911,cluster,HMBA_BasalGanglia,marmoset,#F6D6BC,Not assessed
Marmoset-912,cluster,HMBA_BasalGanglia,marmoset,#2F8CDA,Not assessed
Marmoset-913,cluster,HMBA_BasalGanglia,marmoset,#6193DE,Not assessed
Marmoset-915,cluster,HMBA_BasalGanglia,marmoset,#448DDC,Not assessed
Marmoset-916,cluster,HMBA_BasalGanglia,marmoset,#338CDA,Not assessed
Marmoset-917,cluster,HMBA_BasalGanglia,marmoset,#F18F76,Not assessed
Marmoset-918,cluster,HMBA_BasalGanglia,marmoset,#F3B094,Not assessed
Marmoset-919,cluster,HMBA_BasalGanglia,marmoset,#F6D5BC,Not assessed
Marmoset-92,cluster,HMBA_BasalGanglia,marmoset,#328F2E,Not assessed
Marmoset-921,cluster,HMBA_BasalGanglia,marmoset,#F19279,Not assessed
Marmoset-923,cluster,HMBA_BasalGanglia,marmoset,#F6D4BC,Not assessed
Marmoset-924,cluster,HMBA_BasalGanglia,marmoset,#F4C1A5,Not assessed
Marmoset-925,cluster,HMBA_BasalGanglia,marmoset,#F5CEB4,Not assessed
Marmoset-926,cluster,HMBA_BasalGanglia,marmoset,#F2A085,Not assessed
Marmoset-927,cluster,HMBA_BasalGanglia,marmoset,#F1967C,Not assessed
Marmoset-928,cluster,HMBA_BasalGanglia,marmoset,#F4C6AB,Not assessed
Marmoset-929,cluster,HMBA_BasalGanglia,marmoset,#F4BEA2,Not assessed
Marmoset-93,cluster,HMBA_BasalGanglia,marmoset,#329330,Not assessed
Marmoset-930,cluster,HMBA_BasalGanglia,marmoset,#F3BB9F,Not assessed
Marmoset-931,cluster,HMBA_BasalGanglia,marmoset,#5D92DE,Not assessed
Marmoset-932,cluster,HMBA_BasalGanglia,marmoset,#F1997F,Not assessed
Marmoset-933,cluster,HMBA_BasalGanglia,marmoset,#F6D2B9,Not assessed
Marmoset-934,cluster,HMBA_BasalGanglia,marmoset,#378CDB,Not assessed
Marmoset-935,cluster,HMBA_BasalGanglia,marmoset,#5991DE,Not assessed
Marmoset-936,cluster,HMBA_BasalGanglia,marmoset,#3B8CDB,Not assessed
Marmoset-937,cluster,HMBA_BasalGanglia,marmoset,#F5D0B6,Not assessed
Marmoset-938,cluster,HMBA_BasalGanglia,marmoset,#F29D82,Not assessed
Marmoset-939,cluster,HMBA_BasalGanglia,marmoset,#F2AD91,Not assessed
Marmoset-94,cluster,HMBA_BasalGanglia,marmoset,#1D76AE,Not assessed
Marmoset-941,cluster,HMBA_BasalGanglia,marmoset,#F5CBB1,Not assessed
Marmoset-942,cluster,HMBA_BasalGanglia,marmoset,#F2A388,Not assessed
Marmoset-943,cluster,HMBA_BasalGanglia,marmoset,#F3B89C,Not assessed
Marmoset-944,cluster,HMBA_BasalGanglia,marmoset,#5490DD,Not assessed
Marmoset-945,cluster,HMBA_BasalGanglia,marmoset,#508FDD,Not assessed
Marmoset-946,cluster,HMBA_BasalGanglia,marmoset,#488EDC,Not assessed
Marmoset-947,cluster,HMBA_BasalGanglia,marmoset,#F4C9AE,Not assessed
Marmoset-948,cluster,HMBA_BasalGanglia,marmoset,#F3B69A,Not assessed
Marmoset-949,cluster,HMBA_BasalGanglia,marmoset,#408DDB,Not assessed
Marmoset-95,cluster,HMBA_BasalGanglia,marmoset,#339832,Not assessed
Marmoset-950,cluster,HMBA_BasalGanglia,marmoset,#F2A68B,Not assessed
Marmoset-951,cluster,HMBA_BasalGanglia,marmoset,#F4C3A8,Not assessed
Marmoset-952,cluster,HMBA_BasalGanglia,marmoset,#F2A98E,Not assessed
Marmoset-953,cluster,HMBA_BasalGanglia,marmoset,#4C8FDC,Not assessed
Marmoset-954,cluster,HMBA_BasalGanglia,marmoset,#F3B397,Not assessed
Marmoset-96,cluster,HMBA_BasalGanglia,marmoset,#C87844,Not assessed
Marmoset-97,cluster,HMBA_BasalGanglia,marmoset,#CE9B67,Not assessed
Marmoset-98,cluster,HMBA_BasalGanglia,marmoset,#D0A470,Not assessed
Marmoset-99,cluster,HMBA_BasalGanglia,marmoset,#C9834E,Not assessed
Marmoset-992,cluster,HMBA_BasalGanglia,marmoset,#CC887A,Not assessed
Marmoset-993,cluster,HMBA_BasalGanglia,marmoset,#CE8F81,Not assessed
Marmoset-994,cluster,HMBA_BasalGanglia,marmoset,#8ADB70,Not assessed
Marmoset-995,cluster,HMBA_BasalGanglia,marmoset,#98DF8A,Not assessed
Marmoset-996,cluster,HMBA_BasalGanglia,marmoset,#8BDB72,Not assessed
Marmoset-997,cluster,HMBA_BasalGanglia,marmoset,#A6E3A0,Not assessed
Marmoset-998,cluster,HMBA_BasalGanglia,marmoset,#8CDB74,Not assessed
Marmoset-999,cluster,HMBA_BasalGanglia,marmoset,#A5E39E,Not assessed
Chol,neurotransmitter,Marmoset_Subcortex,marmoset,#86C87F,Not assessed
Dopa,neurotransmitter,Marmoset_Subcortex,marmoset,#FAEE4F,Not assessed
GABA,neurotransmitter,Marmoset_Subcortex,marmoset,#EF3A5B,Not assessed
GABA-Glyc,neurotransmitter,Marmoset_Subcortex,marmoset,#821C59,Not assessed
Glut,neurotransmitter,Marmoset_Subcortex,marmoset,#3C91CE,Not assessed
Glut-GABA,neurotransmitter,Marmoset_Subcortex,marmoset,#0E9965,Not assessed
Hist,neurotransmitter,Marmoset_Subcortex,marmoset,#F47628,Not assessed
,neurotransmitter,Marmoset_Subcortex,marmoset,#7F7F7F,Not assessed
Nora,neurotransmitter,Marmoset_Subcortex,marmoset,#66CBE4,Not assessed
Sero,neurotransmitter,Marmoset_Subcortex,marmoset,#543791,Not assessed
BG_subc,class,Marmoset_Subcortex,marmoset,#CBC3E3,Not assessed
CNU-HTH GABA_subc,class,Marmoset_Subcortex,marmoset,#E69F00,Not assessed
CNU-HTH Glut_subc,class,Marmoset_Subcortex,marmoset,#56B4E9,Not assessed
HTH GABA_subc,class,Marmoset_Subcortex,marmoset,#F0E442,Not assessed
HTH Glut_subc,class,Marmoset_Subcortex,marmoset,#0072B2,Not assessed
HTH Hist_subc,class,Marmoset_Subcortex,marmoset,#D55E00,Not assessed
MB-HB GABA_subc,class,Marmoset_Subcortex,marmoset,#CC79A7,Not assessed
MB-HB Glut_subc,class,Marmoset_Subcortex,marmoset,#44AA99,Not assessed
MB-HTH-HB Sero_subc,class,Marmoset_Subcortex,marmoset,#AA4499,Not assessed
NA_subc,class,Marmoset_Subcortex,marmoset,#7F7F7F,Not assessed
Nonneuron_subc,class,Marmoset_Subcortex,marmoset,#999999,Not assessed
Pineal Gland_subc,class,Marmoset_Subcortex,marmoset,#B3C65C,Not assessed
SEP GABA_subc,class,Marmoset_Subcortex,marmoset,#882255,Not assessed
TEL Glut_subc,class,Marmoset_Subcortex,marmoset,#88CCEE,Not assessed
THM GABA_subc,class,Marmoset_Subcortex,marmoset,#DDCC77,Not assessed
THM Glut_subc,class,Marmoset_Subcortex,marmoset,#332288,Not assessed
AAA-Me-BST Glut_subg,group,Marmoset_Subcortex,marmoset,#E67A00,Not assessed
ABC_subg,group,Marmoset_Subcortex,marmoset,#BE63BC,Not assessed
ACEN SST GABA_subg,group,Marmoset_Subcortex,marmoset,#D2DCB2,Not assessed
AD Glut_subg,group,Marmoset_Subcortex,marmoset,#FF7383,Not assessed
AHA Glut_subg,group,Marmoset_Subcortex,marmoset,#637939,Not assessed
AHN OTP-FEZF1-ITGA8 Glut_subg,group,Marmoset_Subcortex,marmoset,#4C3C86,Not assessed
AMY Glut_subg,group,Marmoset_Subcortex,marmoset,#999A98,Not assessed
AMY-SLEA-BNST D1 GABA_subg,group,Marmoset_Subcortex,marmoset,#9E86DE,Not assessed
AMY-SLEA-BNST GABA_subg,group,Marmoset_Subcortex,marmoset,#B69E14,Not assessed
AMY-STR ITC-NUDAP MSN_subg,group,Marmoset_Subcortex,marmoset,#E377C2,Not assessed
AV-AM-IAM Glut_subg,group,Marmoset_Subcortex,marmoset,#06AEB1,Not assessed
ArH TBX3 GABA_subg,group,Marmoset_Subcortex,marmoset,#C3A64C,Not assessed
ArH-PeV GHRH GABA_subg,group,Marmoset_Subcortex,marmoset,#7B4173,Not assessed
ArH-PeV-SCN STK32A GABA_subg,group,Marmoset_Subcortex,marmoset,#2D29FA,Not assessed
Astro-NT NN_subg,group,Marmoset_Subcortex,marmoset,#A260C6,Not assessed
Astro-TE NN_subg,group,Marmoset_Subcortex,marmoset,#6BC9B2,Not assessed
Astro-WM NN_subg,group,Marmoset_Subcortex,marmoset,#E09E50,Not assessed
BAM_subg,group,Marmoset_Subcortex,marmoset,#CC887A,Not assessed
BF SKOR1 Glut_subg,group,Marmoset_Subcortex,marmoset,#EB0077,Not assessed
BF-HTH LHX6-CHST9 GABA_subg,group,Marmoset_Subcortex,marmoset,#7A74B4,Not assessed
BF-HTH-MB SALL3 PAX6 GABA_subg,group,Marmoset_Subcortex,marmoset,#78DCDD,Not assessed
BF-HTH-MB SALL3-PAX6 GABA_subg,group,Marmoset_Subcortex,marmoset,#9599C6,Not assessed
BL Glut_subg,group,Marmoset_Subcortex,marmoset,#FCB945,Not assessed
BM-Co Glut_subg,group,Marmoset_Subcortex,marmoset,#C43636,Not assessed
BST EBF2 Glut_subg,group,Marmoset_Subcortex,marmoset,#C63631,Not assessed
BST LHX6-NFIB GABA_subg,group,Marmoset_Subcortex,marmoset,#3D864A,Not assessed
BST-EA-HTH SAMD3-TP73 Glut_subg,group,Marmoset_Subcortex,marmoset,#3B2DFB,Not assessed
BST-MPA GABA_subg,group,Marmoset_Subcortex,marmoset,#16C1E3,Not assessed
CA1-ProS Glut_subg,group,Marmoset_Subcortex,marmoset,#284C83,Not assessed
CA2-CA3-IG Glut_subg,group,Marmoset_Subcortex,marmoset,#E27891,Not assessed
CA3 Glut_subg,group,Marmoset_Subcortex,marmoset,#C63631,Not assessed
CEN-SLEA-BST GABA_subg,group,Marmoset_Subcortex,marmoset,#B69E14,Not assessed
COP_subg,group,Marmoset_Subcortex,marmoset,#CCA43D,Not assessed
CR Glut_subg,group,Marmoset_Subcortex,marmoset,#B49574,Not assessed
Cla-En GNB4 Glut_subg,group,Marmoset_Subcortex,marmoset,#B6D8D7,Not assessed
Co-ACTA-Pir-La Glut_subg,group,Marmoset_Subcortex,marmoset,#967940,Not assessed
DG Glut_subg,group,Marmoset_Subcortex,marmoset,#C9772B,Not assessed
DG MC Glut_subg,group,Marmoset_Subcortex,marmoset,#56949F,Not assessed
DHA-DMH-LHtu-PeVtu LHX9-VGLL2 Glut_subg,group,Marmoset_Subcortex,marmoset,#9F5677,Not assessed
DR-EW-3N UCN Glut_subg,group,Marmoset_Subcortex,marmoset,#969696,Not assessed
Endo_subg,group,Marmoset_Subcortex,marmoset,#66493D,Not assessed
Ependymal_subg,group,Marmoset_Subcortex,marmoset,#564860,Not assessed
Ex IMN_subg,group,Marmoset_Subcortex,marmoset,#A96C4C,Not assessed
GP MEIS2-SOX6 GABA_subg,group,Marmoset_Subcortex,marmoset,#937A2E,Not assessed
GPe SOX6-CTXND1 GABA_subg,group,Marmoset_Subcortex,marmoset,#E9DC4D,Not assessed
GPe-NDB-SI LHX6-LHX8-GBX1 GABA_subg,group,Marmoset_Subcortex,marmoset,#B2520E,Not assessed
GPi Core_subg,group,Marmoset_Subcortex,marmoset,#D3489A,Not assessed
GPi Shell_subg,group,Marmoset_Subcortex,marmoset,#642265,Not assessed
GPin-BF Cholinergic GABA_subg,group,Marmoset_Subcortex,marmoset,#6FC7B2,Not assessed
HB FAT2 Glut_subg,group,Marmoset_Subcortex,marmoset,#CBB6D8,Not assessed
HB Glut_subg,group,Marmoset_Subcortex,marmoset,#8B6C30,Not assessed
HB VSX2-NKX6-1 Glut_subg,group,Marmoset_Subcortex,marmoset,#DCB2B4,Not assessed
HTH OTP-TRH-FEZF1 Glut_subg,group,Marmoset_Subcortex,marmoset,#BD6BA1,Not assessed
HTH PMFBP1-ONECUT1 GABA_subg,group,Marmoset_Subcortex,marmoset,#68E497,Not assessed
HTH-ZI-MeR GABA_subg,group,Marmoset_Subcortex,marmoset,#8CA252,Not assessed
HTHpo GABA_subg,group,Marmoset_Subcortex,marmoset,#992E38,Not assessed
HTHpo SIX3-OTX2 GABA_subg,group,Marmoset_Subcortex,marmoset,#8EAF31,Not assessed
HTHtu-HTHpo NTS-SEMA3C GABA_subg,group,Marmoset_Subcortex,marmoset,#EBC400,Not assessed
HTHtu-MPA-MeR FEZF1-ESR1 Glut_subg,group,Marmoset_Subcortex,marmoset,#5CC8FA,Not assessed
HTHtu-MPA-MeR FEZF1-NR5A1 Glut_subg,group,Marmoset_Subcortex,marmoset,#46AB21,Not assessed
ILN Glut_subg,group,Marmoset_Subcortex,marmoset,#088000,Not assessed
ImOligo_subg,group,Marmoset_Subcortex,marmoset,#CC915C,Not assessed
L2 IT PArCx-ArCx Glut_subg,group,Marmoset_Subcortex,marmoset,#B4B474,Not assessed
L2-3 IT CTX Glut_subg,group,Marmoset_Subcortex,marmoset,#C46474,Not assessed
L2-3 IT ERC-Pir Glut_subg,group,Marmoset_Subcortex,marmoset,#569F92,Not assessed
L2-3 IT PArCx-ArCx Glut_subg,group,Marmoset_Subcortex,marmoset,#613BBA,Not assessed
L2-3 IT RSC Glut_subg,group,Marmoset_Subcortex,marmoset,#6BB9BD,Not assessed
L2-3 Pir-ERC Glut_subg,group,Marmoset_Subcortex,marmoset,#863F3C,Not assessed
L4-5 IT CTX-PArCx Glut_subg,group,Marmoset_Subcortex,marmoset,#44647E,Not assessed
L5 ET CTX-PArCx Glut_subg,group,Marmoset_Subcortex,marmoset,#A94C93,Not assessed
L5 PrS Glut_subg,group,Marmoset_Subcortex,marmoset,#D14A9A,Not assessed
L5-6 IT CTX-PArCx Glut_subg,group,Marmoset_Subcortex,marmoset,#C183D8,Not assessed
L5-6 IT PArCx-ArCx-CTX Glut_subg,group,Marmoset_Subcortex,marmoset,#BA893B,Not assessed
L5-6 NP CTX-PArCx Glut_subg,group,Marmoset_Subcortex,marmoset,#B14373,Not assessed
L5-6 PArCx-ArCx Glut_subg,group,Marmoset_Subcortex,marmoset,#7E6944,Not assessed
L6 CT CTX-PArCx Glut_subg,group,Marmoset_Subcortex,marmoset,#BA723B,Not assessed
L6b CT ERC Glut_subg,group,Marmoset_Subcortex,marmoset,#AA43B1,Not assessed
L6b CTX-PArCx Glut_subg,group,Marmoset_Subcortex,marmoset,#BABA3B,Not assessed
LAMP5-CXCL14 GABA_subg,group,Marmoset_Subcortex,marmoset,#F6B5D1,Not assessed
LAMP5-LHX6 GABA_subg,group,Marmoset_Subcortex,marmoset,#00AF88,Not assessed
LD Glut_subg,group,Marmoset_Subcortex,marmoset,#7E5244,Not assessed
LGko Glut_subg,group,Marmoset_Subcortex,marmoset,#09B372,Not assessed
LGko-IPul Glut_subg,group,Marmoset_Subcortex,marmoset,#DB5ADD,Not assessed
LGmc-LGpc Glut_subg,group,Marmoset_Subcortex,marmoset,#7B4173,Not assessed
LH OTP-SIM1-EBF3 Glut_subg,group,Marmoset_Subcortex,marmoset,#642F93,Not assessed
LH PMCH Glut_subg,group,Marmoset_Subcortex,marmoset,#BDD289,Not assessed
LH-AHN-PaH-MPA OTP-TRH-CBLN2 Glut_subg,group,Marmoset_Subcortex,marmoset,#9F74B4,Not assessed
LH-EXA OTP-FEZF1-EBF2 Glut_subg,group,Marmoset_Subcortex,marmoset,#1E4B85,Not assessed
LH-PHN LMX1A Glut_subg,group,Marmoset_Subcortex,marmoset,#447E6C,Not assessed
LH-PHN-SUM-TM PITX2-LMX1A-ZEB2 Glut_subg,group,Marmoset_Subcortex,marmoset,#AAE4D2,Not assessed
LH-PHN-SUM-TM SIM1 Glut_subg,group,Marmoset_Subcortex,marmoset,#7E4457,Not assessed
LHN GAP43 Glut_subg,group,Marmoset_Subcortex,marmoset,#C1809C,Not assessed
LP-LD Glut_subg,group,Marmoset_Subcortex,marmoset,#2D29FA,Not assessed
LSX MET-ETV1 GABA_subg,group,Marmoset_Subcortex,marmoset,#76FD44,Not assessed
LSX NKX2-1-CHAT GABA_subg,group,Marmoset_Subcortex,marmoset,#EA7BD2,Not assessed
LSX NKX2-1-OTX2 GABA_subg,group,Marmoset_Subcortex,marmoset,#E62D99,Not assessed
LSX OTX2 GABA_subg,group,Marmoset_Subcortex,marmoset,#A155D3,Not assessed
LSX PRDM12-NTS GABA_subg,group,Marmoset_Subcortex,marmoset,#3B2DFB,Not assessed
LSX PRDM12-SLIT2 GABA_subg,group,Marmoset_Subcortex,marmoset,#FFCB0F,Not assessed
LSX SALL3-MET GABA_subg,group,Marmoset_Subcortex,marmoset,#6CC185,Not assessed
LSd PRDM12 ZEB2 GABA_subg,group,Marmoset_Subcortex,marmoset,#407743,Not assessed
La Glut_subg,group,Marmoset_Subcortex,marmoset,#9158CA,Not assessed
La-PL-ACTA-Pir Glut_subg,group,Marmoset_Subcortex,marmoset,#006CFA,Not assessed
MB Glut_subg,group,Marmoset_Subcortex,marmoset,#84C5E6,Not assessed
MB-HB OTP-PAX3 GABA_subg,group,Marmoset_Subcortex,marmoset,#3604FB,Not assessed
MB-HB PAX5 GABA_subg,group,Marmoset_Subcortex,marmoset,#FD8D3C,Not assessed
MB-THM GABA_subg,group,Marmoset_Subcortex,marmoset,#E10909,Not assessed
MCN FOXB1 Glut_subg,group,Marmoset_Subcortex,marmoset,#F9A85D,Not assessed
MD-IMD-VL-MG-PO-PLi Glut_subg,group,Marmoset_Subcortex,marmoset,#68E497,Not assessed
MG Glut_subg,group,Marmoset_Subcortex,marmoset,#992E38,Not assessed
MGC-BIC Glut_subg,group,Marmoset_Subcortex,marmoset,#8EAF31,Not assessed
MHN TAC3 Glut_subg,group,Marmoset_Subcortex,marmoset,#4F8AC8,Not assessed
MM FOXB1 Glut_subg,group,Marmoset_Subcortex,marmoset,#A0D496,Not assessed
MPA HMX2-CALB1 Glut_subg,group,Marmoset_Subcortex,marmoset,#566C9F,Not assessed
MS BSX Glut_subg,group,Marmoset_Subcortex,marmoset,#B05A45,Not assessed
MTg FOXD2-NKX6-1 Glut_subg,group,Marmoset_Subcortex,marmoset,#7275DA,Not assessed
MTg-HTHtu SLC6A4 TPH2 Sero_subg,group,Marmoset_Subcortex,marmoset,#C46C64,Not assessed
Me-BST-AAA GABA_subg,group,Marmoset_Subcortex,marmoset,#3D4985,Not assessed
MiN Glut_subg,group,Marmoset_Subcortex,marmoset,#EBC400,Not assessed
Microglia_subg,group,Marmoset_Subcortex,marmoset,#995C60,Not assessed
NDB-MPA-PeVTu TBR1 Glut_subg,group,Marmoset_Subcortex,marmoset,#C973FF,Not assessed
NDB-SI LHX6-LHX8 GABA_subg,group,Marmoset_Subcortex,marmoset,#BE63BC,Not assessed
NDB-SI-MPA-LPA LHX6-LHX8-GBX1 GABA_subg,group,Marmoset_Subcortex,marmoset,#EA409E,Not assessed
NDNF GABA_subg,group,Marmoset_Subcortex,marmoset,#FF7383,Not assessed
OB Dopa-GABA_subg,group,Marmoset_Subcortex,marmoset,#902F6B,Not assessed
OB FRMD7 GABA_subg,group,Marmoset_Subcortex,marmoset,#CD0753,Not assessed
OPC_subg,group,Marmoset_Subcortex,marmoset,#F5E689,Not assessed
OT D1 ICj_subg,group,Marmoset_Subcortex,marmoset,#FF7F0E,Not assessed
Oligo OPALIN_subg,group,Marmoset_Subcortex,marmoset,#66391F,Not assessed
Oligo PLEKHG1_subg,group,Marmoset_Subcortex,marmoset,#594A26,Not assessed
PAG Glut_subg,group,Marmoset_Subcortex,marmoset,#FEB2A9,Not assessed
PAG-IC-SC TFAP2D-MAF Glut_subg,group,Marmoset_Subcortex,marmoset,#6B94BD,Not assessed
PAX6 GABA_subg,group,Marmoset_Subcortex,marmoset,#06AEB1,Not assessed
PG NKX2-2-TCF7L2 GABA_subg,group,Marmoset_Subcortex,marmoset,#00AD54,Not assessed
PHN-SUM-TM-LH PITX2-LMX1A Glut_subg,group,Marmoset_Subcortex,marmoset,#6B4CA9,Not assessed
PL-ACTA Glut_subg,group,Marmoset_Subcortex,marmoset,#00BECC,Not assessed
PL-Pir-ACTA Glut_subg,group,Marmoset_Subcortex,marmoset,#00BECC,Not assessed
PMN PITX2 Glut_subg,group,Marmoset_Subcortex,marmoset,#A9994C,Not assessed
PTN PAX6 Glut_subg,group,Marmoset_Subcortex,marmoset,#C095D0,Not assessed
PTR-OT FOXB1 Glut_subg,group,Marmoset_Subcortex,marmoset,#56589F,Not assessed
PaH CRH Glut_subg,group,Marmoset_Subcortex,marmoset,#8D355A,Not assessed
PaH OTP-FEZF1 Glut_subg,group,Marmoset_Subcortex,marmoset,#7E7B44,Not assessed
PaH-SO AVP Glut_subg,group,Marmoset_Subcortex,marmoset,#7AC9B2,Not assessed
PaH-SO OXT Glut_subg,group,Marmoset_Subcortex,marmoset,#047B9F,Not assessed
PeAV-MnPO UCN3 Glut_subg,group,Marmoset_Subcortex,marmoset,#B2C035,Not assessed
PeV SIX6-SATB2 GABA_subg,group,Marmoset_Subcortex,marmoset,#1C0099,Not assessed
PeV-ArH PPP1R17 Glut_subg,group,Marmoset_Subcortex,marmoset,#D28991,Not assessed
PeV-PHN HMX2-LEF1 Glut-GABA_subg,group,Marmoset_Subcortex,marmoset,#FBA94B,Not assessed
PeV-PaH-PHN SIM1-PITX2 Glut_subg,group,Marmoset_Subcortex,marmoset,#64447E,Not assessed
Pericyte_subg,group,Marmoset_Subcortex,marmoset,#B97300,Not assessed
Pf-CM-SPf FZD5 Glut_subg,group,Marmoset_Subcortex,marmoset,#1C0099,Not assessed
Pin_subg,group,Marmoset_Subcortex,marmoset,#8FC95F,Not assessed
PnRa Glut_subg,group,Marmoset_Subcortex,marmoset,#C6BD95,Not assessed
Pul Glut_subg,group,Marmoset_Subcortex,marmoset,#FBA94B,Not assessed
RT GABA_subg,group,Marmoset_Subcortex,marmoset,#CCB65C,Not assessed
SC DMBX1 GABA_subg,group,Marmoset_Subcortex,marmoset,#ABABAB,Not assessed
SC GLI3-EBF1 GABA_subg,group,Marmoset_Subcortex,marmoset,#6695E1,Not assessed
SC PDE5A Glut_subg,group,Marmoset_Subcortex,marmoset,#4E4BF1,Not assessed
SC-PAG LEF1-EMX2 GABA_subg,group,Marmoset_Subcortex,marmoset,#F4D50B,Not assessed
SC-PAG PAX7-CDH23 GABA_subg,group,Marmoset_Subcortex,marmoset,#8246DD,Not assessed
SCN-ArH-PeV SIX6 GABA_subg,group,Marmoset_Subcortex,marmoset,#B5AAE4,Not assessed
SCde GLI3-PAX7-SGCG GABA_subg,group,Marmoset_Subcortex,marmoset,#55D3A9,Not assessed
SCdp PITX2 Glut_subg,group,Marmoset_Subcortex,marmoset,#038134,Not assessed
SCdp-PAG FOXB1 Glut_subg,group,Marmoset_Subcortex,marmoset,#6FB832,Not assessed
SCin Glut_subg,group,Marmoset_Subcortex,marmoset,#EC46B2,Not assessed
SCsu PAX7-COL5A2 GABA_subg,group,Marmoset_Subcortex,marmoset,#6CBCF9,Not assessed
SCsu PAX7-CXCL14 GABA_subg,group,Marmoset_Subcortex,marmoset,#F17E7E,Not assessed
SCzo GABRR2 GABA_subg,group,Marmoset_Subcortex,marmoset,#E1943D,Not assessed
SEPc Glut_subg,group,Marmoset_Subcortex,marmoset,#491562,Not assessed
SMC_subg,group,Marmoset_Subcortex,marmoset,#858881,Not assessed
SN EBF2 GABA_subg,group,Marmoset_Subcortex,marmoset,#C8DF45,Not assessed
SN GATA3-PAX8 GABA_subg,group,Marmoset_Subcortex,marmoset,#FF7266,Not assessed
SN GATA3-PVALB GABA_subg,group,Marmoset_Subcortex,marmoset,#017D7C,Not assessed
SN SEMA5A GABA_subg,group,Marmoset_Subcortex,marmoset,#3604FB,Not assessed
SN SOX6 Dopa_subg,group,Marmoset_Subcortex,marmoset,#D7AAE4,Not assessed
SN-VTR CALB1 Dopa_subg,group,Marmoset_Subcortex,marmoset,#854098,Not assessed
SN-VTR GAD2 Dopa_subg,group,Marmoset_Subcortex,marmoset,#3EC918,Not assessed
SN-VTR-HTH GATA3-TCF7L2 GABA_subg,group,Marmoset_Subcortex,marmoset,#1DBFCF,Not assessed
SPAR-MEN Glut_subg,group,Marmoset_Subcortex,marmoset,#D289CB,Not assessed
STH PVALB-PITX2 Glut_subg,group,Marmoset_Subcortex,marmoset,#F57E20,Not assessed
STR Cholinergic GABA_subg,group,Marmoset_Subcortex,marmoset,#8F5FF5,Not assessed
STR D1D2 Hybrid MSN_subg,group,Marmoset_Subcortex,marmoset,#9467BD,Not assessed
STR FS PTHLH-PVALB GABA_subg,group,Marmoset_Subcortex,marmoset,#E16C95,Not assessed
STR LYPD6-RSPO2 GABA_subg,group,Marmoset_Subcortex,marmoset,#488EDC,Not assessed
STR SST-ADARB2 GABA_subg,group,Marmoset_Subcortex,marmoset,#FDE020,Not assessed
STR SST-CHODL GABA_subg,group,Marmoset_Subcortex,marmoset,#708297,Not assessed
STR SST-RSPO2 GABA_subg,group,Marmoset_Subcortex,marmoset,#F3B79B,Not assessed
STR TAC3-PLPP4 GABA_subg,group,Marmoset_Subcortex,marmoset,#21EEF1,Not assessed
STR-BF TAC3-PLPP4-LHX8 GABA_subg,group,Marmoset_Subcortex,marmoset,#9D3B4F,Not assessed
STRd Cholinergic GABA_subg,group,Marmoset_Subcortex,marmoset,#A9F266,Not assessed
STRd D1 Matrix MSN_subg,group,Marmoset_Subcortex,marmoset,#1F77B4,Not assessed
STRd D1 Striosome MSN_subg,group,Marmoset_Subcortex,marmoset,#D62728,Not assessed
STRd D2 Matrix MSN_subg,group,Marmoset_Subcortex,marmoset,#AEC7E8,Not assessed
STRd D2 StrioMat Hybrid MSN_subg,group,Marmoset_Subcortex,marmoset,#5713C3,Not assessed
STRd D2 Striosome MSN_subg,group,Marmoset_Subcortex,marmoset,#FF9896,Not assessed
STRv D1 MSN_subg,group,Marmoset_Subcortex,marmoset,#339933,Not assessed
STRv D1 NUDAP MSN_subg,group,Marmoset_Subcortex,marmoset,#E377C2,Not assessed
STRv D2 MSN_subg,group,Marmoset_Subcortex,marmoset,#98DF8A,Not assessed
SUB-ProS Glut_subg,group,Marmoset_Subcortex,marmoset,#705AA1,Not assessed
THM GABA_subg,group,Marmoset_Subcortex,marmoset,#73B7F7,Not assessed
THM Glut_subg,group,Marmoset_Subcortex,marmoset,#808080,Not assessed
THM-MB GABA_subg,group,Marmoset_Subcortex,marmoset,#964F9A,Not assessed
TM FOXB1 Glut_subg,group,Marmoset_Subcortex,marmoset,#C6A495,Not assessed
TM HDC Hist-GABA_subg,group,Marmoset_Subcortex,marmoset,#EA9EFF,Not assessed
TM-LH OTP GABA_subg,group,Marmoset_Subcortex,marmoset,#C4A164,Not assessed
Tanycyte_subg,group,Marmoset_Subcortex,marmoset,#EA409E,Not assessed
VIP GABA_subg,group,Marmoset_Subcortex,marmoset,#FC2B80,Not assessed
VLMC_subg,group,Marmoset_Subcortex,marmoset,#A8AFA5,Not assessed
VLN Glut_subg,group,Marmoset_Subcortex,marmoset,#9553CA,Not assessed
VP-MG Glut_subg,group,Marmoset_Subcortex,marmoset,#8AC3DB,Not assessed
VTR-HTH Glut_subg,group,Marmoset_Subcortex,marmoset,#54621F,Not assessed
ZI Glut_subg,group,Marmoset_Subcortex,marmoset,#EC5FD9,Not assessed
ZI-HTH GABA_subg,group,Marmoset_Subcortex,marmoset,#C49C94,Not assessed
ZI-HTH PAX6 GABA_subg,group,Marmoset_Subcortex,marmoset,#56D7AC,Not assessed
ZI-PrG-RT OTX2 GABA_subg,group,Marmoset_Subcortex,marmoset,#4347B1,Not assessed
HY-EA-Glut-GABA_mWBn,neighborhood,Mouse_WB,mouse,#FF6600,Not assessed
MB-GABA_mWBn,neighborhood,Mouse_WB,mouse,#9EF01A,Not assessed
MB-Glut-Dopa-Sero_mWBn,neighborhood,Mouse_WB,mouse,#006200,Not assessed
NN-IMN_mWBn,neighborhood,Mouse_WB,mouse,#03045E,Not assessed
P-MY-CB-GABA_mWBn,neighborhood,Mouse_WB,mouse,#0096C7,Not assessed
P-MY-CB-Glut_mWBn,neighborhood,Mouse_WB,mouse,#F0A0FF,Not assessed
Pallium-Glut_mWBn,neighborhood,Mouse_WB,mouse,#FA0087,Not assessed
Subpallium-GABA_mWBn,neighborhood,Mouse_WB,mouse,#B199FF,Not assessed
TH-EPI-Glut_mWBn,neighborhood,Mouse_WB,mouse,#1283FF,Not assessed
001 IT-ET Glut_mWBc,class,Mouse_WB,mouse,#FA0087,Not assessed
002 NP-CT-L6b Glut_mWBc,class,Mouse_WB,mouse,#61E2A4,Not assessed
003 OB-CR Glut_mWBc,class,Mouse_WB,mouse,#D00000,Not assessed
004 DG-IMN Glut_mWBc,class,Mouse_WB,mouse,#16F2F2,Not assessed
005 OB-IMN GABA_mWBc,class,Mouse_WB,mouse,#1B4332,Not assessed
006 CTX-CGE GABA_mWBc,class,Mouse_WB,mouse,#CCFF33,Not assessed
007 CTX-MGE GABA_mWBc,class,Mouse_WB,mouse,#F954EE,Not assessed
008 CNU-MGE GABA_mWBc,class,Mouse_WB,mouse,#70E000,Not assessed
009 CNU-LGE GABA_mWBc,class,Mouse_WB,mouse,#B199FF,Not assessed
010 LSX GABA_mWBc,class,Mouse_WB,mouse,#3283FE,Not assessed
011 CNU-HYa GABA_mWBc,class,Mouse_WB,mouse,#450099,Not assessed
012 HY GABA_mWBc,class,Mouse_WB,mouse,#FF6600,Not assessed
013 HY GABA Glut_mWBc,class,Mouse_WB,mouse,#CC3300,Not assessed
014 CNU-HYa Glut_mWBc,class,Mouse_WB,mouse,#90E0EF,Not assessed
015 HYp-MBav Glut_mWBc,class,Mouse_WB,mouse,#AA0DFE,Not assessed
016 HY Gnrh1 Glut_mWBc,class,Mouse_WB,mouse,#F28266,Not assessed
017 HY MM Glut_mWBc,class,Mouse_WB,mouse,#01D669,Not assessed
018 MH-LH Glut_mWBc,class,Mouse_WB,mouse,#FAA307,Not assessed
019 TH Glut_mWBc,class,Mouse_WB,mouse,#0D47A1,Not assessed
020 MB Glut_mWBc,class,Mouse_WB,mouse,#006200,Not assessed
021 MB-TH-P GABA_mWBc,class,Mouse_WB,mouse,#9EF01A,Not assessed
022 MB Dopa_mWBc,class,Mouse_WB,mouse,#389000,Not assessed
023 MB-HB Sero_mWBc,class,Mouse_WB,mouse,#6CB067,Not assessed
024 P-MB Glut_mWBc,class,Mouse_WB,mouse,#6B5CA5,Not assessed
025 MY-P sen Glut_mWBc,class,Mouse_WB,mouse,#F0A0FF,Not assessed
026 MY-P mot Glut_mWBc,class,Mouse_WB,mouse,#C070FF,Not assessed
027 PG-TRN-LRN Glut_mWBc,class,Mouse_WB,mouse,#9B7ACC,Not assessed
028 IO Glut_mWBc,class,Mouse_WB,mouse,#9040FF,Not assessed
029 DMX Chol_mWBc,class,Mouse_WB,mouse,#6010FF,Not assessed
030 HB Calcb Chol_mWBc,class,Mouse_WB,mouse,#3000FF,Not assessed
031 P-MB GABA_mWBc,class,Mouse_WB,mouse,#72195A,Not assessed
032 MY-P sen GABA_mWBc,class,Mouse_WB,mouse,#00B8C8,Not assessed
033 MY-P mot GABA_mWBc,class,Mouse_WB,mouse,#0096C7,Not assessed
034 CB-DCO GABA_mWBc,class,Mouse_WB,mouse,#FFFB46,Not assessed
035 CB-CN Glut_mWBc,class,Mouse_WB,mouse,#9D0208,Not assessed
036 Pineal Glut_mWBc,class,Mouse_WB,mouse,#086375,Not assessed
037 Astro-Epen_mWBc,class,Mouse_WB,mouse,#594A26,Not assessed
038 CHOR_mWBc,class,Mouse_WB,mouse,#806A28,Not assessed
039 OPC-Oligo_mWBc,class,Mouse_WB,mouse,#03045E,Not assessed
040 OEC_mWBc,class,Mouse_WB,mouse,#996B2E,Not assessed
041 Vascular_mWBc,class,Mouse_WB,mouse,#858881,Not assessed
042 Immune_mWBc,class,Mouse_WB,mouse,#825F45,Not assessed
043 Pituitary_mWBc,class,Mouse_WB,mouse,#5080C2,Not assessed
001 L2/3-IT-RSP_Glut_mWBs,subclass,Mouse_WB,mouse,#999145,Not assessed
002 L2/3-IT-CTX_Glut_mWBs,subclass,Mouse_WB,mouse,#E9530F,Not assessed
003 L4/5-IT-CTX_Glut_mWBs,subclass,Mouse_WB,mouse,#3DCCB7,Not assessed
004 L5-IT-CTX_Glut_mWBs,subclass,Mouse_WB,mouse,#660F38,Not assessed
005 L6-IT-CTX_Glut_mWBs,subclass,Mouse_WB,mouse,#C0FF4D,Not assessed
006 L5/6-IT-TPE-ENT_Glut_mWBs,subclass,Mouse_WB,mouse,#C400FF,Not assessed
007 CLA-EPd-CTX_Car3_Glut_mWBs,subclass,Mouse_WB,mouse,#64C2FC,Not assessed
008 IT-EP-CLA_Osr1_Glut_mWBs,subclass,Mouse_WB,mouse,#1F665D,Not assessed
009 IT-AON-TT-DP_Glut_mWBs,subclass,Mouse_WB,mouse,#FF004B,Not assessed
010 IT-AON-an_Glut_mWBs,subclass,Mouse_WB,mouse,#F85C00,Not assessed
011 L2-IT-PIR-ENTl_Glut_mWBs,subclass,Mouse_WB,mouse,#940099,Not assessed
012 L2-IT-ENT-po_Glut_mWBs,subclass,Mouse_WB,mouse,#00FFC4,Not assessed
013 L2-IT-ENTm_Glut_mWBs,subclass,Mouse_WB,mouse,#7C5E99,Not assessed
014 L3-IT-ENT_Glut_mWBs,subclass,Mouse_WB,mouse,#1F46CC,Not assessed
015 ENTmv-HATA_Glut_mWBs,subclass,Mouse_WB,mouse,#B6CC7A,Not assessed
016 LA-BLA-BMA-PA_Glut_mWBs,subclass,Mouse_WB,mouse,#BBFF73,Not assessed
017 MEA_Zic5:Krt2_Glut_mWBs,subclass,Mouse_WB,mouse,#456C99,Not assessed
018 COAp_Grxcr2_Glut_mWBs,subclass,Mouse_WB,mouse,#61CC5C,Not assessed
019 L2-IT-PPP-APr_Glut_mWBs,subclass,Mouse_WB,mouse,#0F6632,Not assessed
020 L2/3-IT-PPP-an_Glut_mWBs,subclass,Mouse_WB,mouse,#925C99,Not assessed
021 L2/3-IT-PPP-po_Glut_mWBs,subclass,Mouse_WB,mouse,#602599,Not assessed
022 L4-RSP-ACA_Glut_mWBs,subclass,Mouse_WB,mouse,#FFF226,Not assessed
023 L5-ET-CTX_Glut_mWBs,subclass,Mouse_WB,mouse,#99A2FF,Not assessed
024 L5-ET-CTX_Chrna6_Glut_mWBs,subclass,Mouse_WB,mouse,#B285EA,Not assessed
025 L5-PPP_Glut_mWBs,subclass,Mouse_WB,mouse,#6B995C,Not assessed
026 SUB-ProS_Glut_mWBs,subclass,Mouse_WB,mouse,#FF9999,Not assessed
027 CA1-ProS_Glut_mWBs,subclass,Mouse_WB,mouse,#0F3466,Not assessed
028 CA2-FC-IG_Glut_mWBs,subclass,Mouse_WB,mouse,#FF7391,Not assessed
029 CA3_Glut_mWBs,subclass,Mouse_WB,mouse,#C973FF,Not assessed
030 DG-po_Mossy_Glut_mWBs,subclass,Mouse_WB,mouse,#DE5BE4,Not assessed
031 NLOT_Sim1_Glut_mWBs,subclass,Mouse_WB,mouse,#FFD573,Not assessed
032 L6b-EPd_Glut_mWBs,subclass,Mouse_WB,mouse,#CC827A,Not assessed
033 L6b/CT-ENT_Glut_mWBs,subclass,Mouse_WB,mouse,#CC0098,Not assessed
034 L6b-CTX_Glut_mWBs,subclass,Mouse_WB,mouse,#9EFF99,Not assessed
035 L6-CT-CTX_Glut_mWBs,subclass,Mouse_WB,mouse,#34661F,Not assessed
036 CT-SUB_Glut_mWBs,subclass,Mouse_WB,mouse,#440066,Not assessed
037 L5-NP-CTX_Glut_mWBs,subclass,Mouse_WB,mouse,#7B7ACC,Not assessed
038 NP-SUB_Glut_mWBs,subclass,Mouse_WB,mouse,#99CAFF,Not assessed
039 NP-PPP_Glut_mWBs,subclass,Mouse_WB,mouse,#B8FF26,Not assessed
040 OB_Eomes:Sall1_Glut_mWBs,subclass,Mouse_WB,mouse,#7F1FCC,Not assessed
041 OB_Eomes:Lhx1_Glut_mWBs,subclass,Mouse_WB,mouse,#AF0DC6,Not assessed
042 HPF_CR_Glut_mWBs,subclass,Mouse_WB,mouse,#919900,Not assessed
043 DG_Glut_mWBs,subclass,Mouse_WB,mouse,#CC2400,Not assessed
044 DG_Glut-IMN_mWBs,subclass,Mouse_WB,mouse,#3D53CC,Not assessed
045 PIR_Glut-IMN_mWBs,subclass,Mouse_WB,mouse,#7E25C6,Not assessed
046 OB_Meis2:Thsd7b_Gaba_mWBs,subclass,Mouse_WB,mouse,#FF99F7,Not assessed
047 OB-in_Trdn_Gaba_mWBs,subclass,Mouse_WB,mouse,#684599,Not assessed
048 OB-in_Frmd7:Cpa6_Gaba_mWBs,subclass,Mouse_WB,mouse,#FF0073,Not assessed
049 OB-out_Frmd7:Apold1_Gaba_mWBs,subclass,Mouse_WB,mouse,#CC6D3D,Not assessed
050 OB-out_Creb5:Ror1_Gaba_mWBs,subclass,Mouse_WB,mouse,#AD4600,Not assessed
051 OB-mi_Frmd7:Vip_Gaba_mWBs,subclass,Mouse_WB,mouse,#FF99A7,Not assessed
052 OB-out_Trh_Dopa-Gaba_mWBs,subclass,Mouse_WB,mouse,#96CC7A,Not assessed
053 OB-STR-CTX_Mex3a_Gaba-IMN_mWBs,subclass,Mouse_WB,mouse,#819945,Not assessed
054 Vip_Gaba_mWBs,subclass,Mouse_WB,mouse,#663D47,Not assessed
055 Sncg_Gaba_mWBs,subclass,Mouse_WB,mouse,#FFE999,Not assessed
056 RHP-COA_Ndnf_Gaba_mWBs,subclass,Mouse_WB,mouse,#0003FF,Not assessed
057 Lamp5_Gaba_mWBs,subclass,Mouse_WB,mouse,#FF764D,Not assessed
058 Lamp5-Lhx6_Gaba_mWBs,subclass,Mouse_WB,mouse,#26FF3E,Not assessed
059 Pvalb-chandelier_Gaba_mWBs,subclass,Mouse_WB,mouse,#2F992E,Not assessed
060 Pvalb_Gaba_mWBs,subclass,Mouse_WB,mouse,#661F3B,Not assessed
061 Sst_Gaba_mWBs,subclass,Mouse_WB,mouse,#99F2FF,Not assessed
062 Sst:Chodl_Gaba_mWBs,subclass,Mouse_WB,mouse,#EDA32D,Not assessed
063 NDB-SI-MA-STRv_Lhx8_Gaba_mWBs,subclass,Mouse_WB,mouse,#199900,Not assessed
064 STR_Prox1:Lhx6_Gaba_mWBs,subclass,Mouse_WB,mouse,#C60F3A,Not assessed
065 STR_Lhx8_Gaba_mWBs,subclass,Mouse_WB,mouse,#CC3DC9,Not assessed
066 PAL-STR_Lhx8_Gaba-Chol_mWBs,subclass,Mouse_WB,mouse,#4DFFFA,Not assessed
067 CEA-BST_Pgm5:Pde11a_Gaba_mWBs,subclass,Mouse_WB,mouse,#CC5E5C,Not assessed
068 CEA-BST_Gal:Avp_Gaba_mWBs,subclass,Mouse_WB,mouse,#2E6637,Not assessed
069 CEA-BST_Ebf1:Pdyn_Gaba_mWBs,subclass,Mouse_WB,mouse,#CC885C,Not assessed
070 BST-SI-AAA_Six3:Slc22a3_Gaba_mWBs,subclass,Mouse_WB,mouse,#881FCC,Not assessed
071 CEA-AAA-BST_Six3:Pax6_Gaba_mWBs,subclass,Mouse_WB,mouse,#990091,Not assessed
072 CEA-BST_Six3:Cyp26b1_Gaba_mWBs,subclass,Mouse_WB,mouse,#73C1FF,Not assessed
073 STR_D2_Gaba_mWBs,subclass,Mouse_WB,mouse,#FF7800,Not assessed
074 STR_D1_Gaba_mWBs,subclass,Mouse_WB,mouse,#005B66,Not assessed
075 OT_D3:Folh1_Gaba_mWBs,subclass,Mouse_WB,mouse,#66580F,Not assessed
076 ACB-BST-FS_D1_Gaba_mWBs,subclass,Mouse_WB,mouse,#FF4026,Not assessed
077 STR_D1:Sema5a_Gaba_mWBs,subclass,Mouse_WB,mouse,#663A2D,Not assessed
078 STR-PAL_Chst9_Gaba_mWBs,subclass,Mouse_WB,mouse,#967B09,Not assessed
079 IA_Mgp_Gaba_mWBs,subclass,Mouse_WB,mouse,#00995F,Not assessed
080 GPe-SI_Sox6:Cyp26b1_Gaba_mWBs,subclass,Mouse_WB,mouse,#5CCC85,Not assessed
081 NDB-SI-ant_Pax6_Gaba_mWBs,subclass,Mouse_WB,mouse,#5CBCCC,Not assessed
082 LSX_Prdm12:Slit2_Gaba_mWBs,subclass,Mouse_WB,mouse,#0067FF,Not assessed
083 LSX_Prdm12:Zeb2_Gaba_mWBs,subclass,Mouse_WB,mouse,#1F6625,Not assessed
084 LSX_Atf5_Gaba_mWBs,subclass,Mouse_WB,mouse,#CCA43D,Not assessed
085 LSX_Sall3:Lmo1_Gaba_mWBs,subclass,Mouse_WB,mouse,#00FFD0,Not assessed
086 LSX_Sall3:Pax6_Gaba_mWBs,subclass,Mouse_WB,mouse,#006649,Not assessed
087 LSX_Otx2_Gaba_mWBs,subclass,Mouse_WB,mouse,#229917,Not assessed
088 LSX_Spp1_Gaba_mWBs,subclass,Mouse_WB,mouse,#9244F1,Not assessed
089 LSX_Nkx2-1_Gaba_mWBs,subclass,Mouse_WB,mouse,#BBB144,Not assessed
090 MEA-BST_Lhx6:Nfib_Gaba_mWBs,subclass,Mouse_WB,mouse,#990063,Not assessed
091 MEA-BST_Lhx6:Nr2e1:Tox3_Gaba_mWBs,subclass,Mouse_WB,mouse,#995C70,Not assessed
092 MEA-BST_Lhx6:Nr2e1:Sp9_Gaba_mWBs,subclass,Mouse_WB,mouse,#FCFF4D,Not assessed
093 MEA-BST_Sox6_Gaba_mWBs,subclass,Mouse_WB,mouse,#66360F,Not assessed
094 SI-MPO-LPO_Lhx8:Gbx2_Gaba_mWBs,subclass,Mouse_WB,mouse,#26FFAD,Not assessed
095 MPO-ADP_Lhx8:Isl1_Gaba_mWBs,subclass,Mouse_WB,mouse,#FF004F,Not assessed
096 LHA-BST-AHN-MPN_Lhx6:Zfhx3_Gaba_mWBs,subclass,Mouse_WB,mouse,#26C2FF,Not assessed
097 MPN-BST_Satb2_Gaba_mWBs,subclass,Mouse_WB,mouse,#C6FC3F,Not assessed
098 BST-LHA_Tac2_Gaba_mWBs,subclass,Mouse_WB,mouse,#71FF4D,Not assessed
099 BST-MPN-AHN_Six3:Cmbl_Gaba_mWBs,subclass,Mouse_WB,mouse,#996600,Not assessed
100 ADP-BST_Six3:Sp8_Gaba_mWBs,subclass,Mouse_WB,mouse,#969A00,Not assessed
101 PVR_Six3:Sox3_Gaba_mWBs,subclass,Mouse_WB,mouse,#4DFFB4,Not assessed
102 MEPO-AVPV-SFO_Hmx2:Nfib_Gaba_mWBs,subclass,Mouse_WB,mouse,#2AFFF1,Not assessed
103 SCH_Six6:Cdc14a_Gaba_mWBs,subclass,Mouse_WB,mouse,#FFBC4D,Not assessed
104 SBPV-PVa_Six6:Satb2_Gaba_mWBs,subclass,Mouse_WB,mouse,#99FF4D,Not assessed
105 ARH_Six6:Satb2_Dopa-Gaba_mWBs,subclass,Mouse_WB,mouse,#6000FF,Not assessed
106 PVi_Onecut3:Nr4a2_Dopa-Gaba_mWBs,subclass,Mouse_WB,mouse,#B600FD,Not assessed
107 AHN_Onecut3_Gaba_mWBs,subclass,Mouse_WB,mouse,#553D66,Not assessed
108 AHN-SBPV-PVHd_Pdrm12_Gaba_mWBs,subclass,Mouse_WB,mouse,#BB7ACC,Not assessed
109 PVHd-SBPV_Sp8:Prox1_Gaba_mWBs,subclass,Mouse_WB,mouse,#2E3D66,Not assessed
110 PVHd_Gsc_Gaba_mWBs,subclass,Mouse_WB,mouse,#3B1FCC,Not assessed
111 ZI_Pax6:Pou6f2:Dlk1_Gaba_mWBs,subclass,Mouse_WB,mouse,#90EEAE,Not assessed
112 ZI_Pax6:Pou6f2:Meis2_Gaba_mWBs,subclass,Mouse_WB,mouse,#73CFCF,Not assessed
113 ZI_Pax6:Dscaml1_Gaba_mWBs,subclass,Mouse_WB,mouse,#54AFF3,Not assessed
114 LGv-ZI_Otx2_Gaba_mWBs,subclass,Mouse_WB,mouse,#664DFF,Not assessed
115 RT-ZI_Creb5_Gaba_mWBs,subclass,Mouse_WB,mouse,#CCB65C,Not assessed
116 PVHd-DMH_Lhx6_Gaba_mWBs,subclass,Mouse_WB,mouse,#73F8FF,Not assessed
117 DMH-LHA_Gsx1_Gaba_mWBs,subclass,Mouse_WB,mouse,#992A00,Not assessed
118 TU-ARH_Otp:Prox1_Gaba_mWBs,subclass,Mouse_WB,mouse,#2E0F66,Not assessed
119 TU-ARH_Otp:Bsx_Gaba_mWBs,subclass,Mouse_WB,mouse,#4E0053,Not assessed
120 ARH-PVp_Tbx3:Crapb1_Gaba_mWBs,subclass,Mouse_WB,mouse,#CC3D76,Not assessed
121 DMH_Hmx2:Gal_Gaba_mWBs,subclass,Mouse_WB,mouse,#FFB473,Not assessed
122 TMd-DMH_Bsx:Foxd2_Gaba_mWBs,subclass,Mouse_WB,mouse,#3DCC9E,Not assessed
123 DMH_Prdm13_Gaba_mWBs,subclass,Mouse_WB,mouse,#179972,Not assessed
124 TMv-PMv_Tbx3_Hist-Gaba_mWBs,subclass,Mouse_WB,mouse,#2E664D,Not assessed
125 PVpo-VMPO-MPN_Hmx2:Foxg1_Gaba_mWBs,subclass,Mouse_WB,mouse,#3D4566,Not assessed
126 MPN-MPO-PVpo_Hmx2:Lhx9_Glut_mWBs,subclass,Mouse_WB,mouse,#CC1F92,Not assessed
127 MPN-MPO-PVpo_Skor2_Glut_mWBs,subclass,Mouse_WB,mouse,#FF447C,Not assessed
128 ARH-PVp_Tbx3_Glut_mWBs,subclass,Mouse_WB,mouse,#CC4B1F,Not assessed
129 DMH_Hmx2:Onecut3_Glut_mWBs,subclass,Mouse_WB,mouse,#2F6600,Not assessed
130 DMH_Nkx2-4:Nr2e1_Glut_mWBs,subclass,Mouse_WB,mouse,#FF73C8,Not assessed
131 DMH-LHA_Rfx4:Vgll2_Glut_mWBs,subclass,Mouse_WB,mouse,#391799,Not assessed
132 VMH_Fezf1_Glut_mWBs,subclass,Mouse_WB,mouse,#00CBFF,Not assessed
133 VMH_Nr5a1_Glut_mWBs,subclass,Mouse_WB,mouse,#5CCCB1,Not assessed
134 TU_Nr5a1:Prdm13_Glut_mWBs,subclass,Mouse_WB,mouse,#76E1D9,Not assessed
135 LHA_Pmch_Glut_mWBs,subclass,Mouse_WB,mouse,#B100CC,Not assessed
136 MS-SF_Bsx:Onecut2_Glut_mWBs,subclass,Mouse_WB,mouse,#1F6641,Not assessed
137 AHN-RCH-LHA_Otp:Fezf1_Glut_mWBs,subclass,Mouse_WB,mouse,#2E9957,Not assessed
138 LHA-AHN-PVH_Otp:Trh_Glut_mWBs,subclass,Mouse_WB,mouse,#7ABACC,Not assessed
139 LHA-MEA_Otp:Sim1:Lhx2_Glut_mWBs,subclass,Mouse_WB,mouse,#1FCCCA,Not assessed
140 MEA-BST_Otp:Sim1:Zic2_Glut_mWBs,subclass,Mouse_WB,mouse,#6100CC,Not assessed
141 MEA_Otp:Foxp2_Glut_mWBs,subclass,Mouse_WB,mouse,#894599,Not assessed
142 MEA-COA-BMA_Ccdc42_Glut_mWBs,subclass,Mouse_WB,mouse,#660F5A,Not assessed
143 COAa-PAA-MEA_Barhl2:Egr3_Glut_mWBs,subclass,Mouse_WB,mouse,#EDFF99,Not assessed
144 AVPV-MEPO-SFO_Gng8_Glut_mWBs,subclass,Mouse_WB,mouse,#1100CC,Not assessed
145 GPi_Tbr1:Cngb3_Gaba-Glut_mWBs,subclass,Mouse_WB,mouse,#008ECC,Not assessed
146 LHA_Barhl2_Glut_mWBs,subclass,Mouse_WB,mouse,#5C9995,Not assessed
147 ADP-MPO_Trp73_Glut_mWBs,subclass,Mouse_WB,mouse,#00CC6A,Not assessed
148 SI-MA-LPO-LHA_Skor1_Glut_mWBs,subclass,Mouse_WB,mouse,#352E66,Not assessed
149 BST-po_Ebf2:Iigp1_Glut_mWBs,subclass,Mouse_WB,mouse,#973DCC,Not assessed
150 TRS-BAC_Sln_Glut_mWBs,subclass,Mouse_WB,mouse,#500F66,Not assessed
151 PH-ant-LHA_Otp:Bsx_Glut_mWBs,subclass,Mouse_WB,mouse,#660010,Not assessed
152 PVH-SO-PVa_Otp:Fezf2_Glut_mWBs,subclass,Mouse_WB,mouse,#0059CA,Not assessed
153 PVH-SO-PVa_Otp:Nkx2-2_Glut_mWBs,subclass,Mouse_WB,mouse,#603DCC,Not assessed
154 PH-an_Pitx2:Nkx2-4_Glut_mWBs,subclass,Mouse_WB,mouse,#66441F,Not assessed
155 PMd-LHA_Foxb1:Emx2_Glut_mWBs,subclass,Mouse_WB,mouse,#5C9965,Not assessed
156 PH-LHA_Foxb1:Onecut2_Glut_mWBs,subclass,Mouse_WB,mouse,#583F96,Not assessed
157 PH-LHA_Foxb1:E2f7_Glut_mWBs,subclass,Mouse_WB,mouse,#7C2E99,Not assessed
158 PHd-ZI_Nkx2-2_Glut_mWBs,subclass,Mouse_WB,mouse,#912C8D,Not assessed
159 PH_Pitx2:Dmrta2_Glut_mWBs,subclass,Mouse_WB,mouse,#5C6D99,Not assessed
160 PMv-TMv_Pitx2:Irx3_Glut_mWBs,subclass,Mouse_WB,mouse,#3D5566,Not assessed
161 STN-PSTN_Pitx2:Foxa1_Glut_mWBs,subclass,Mouse_WB,mouse,#CC0048,Not assessed
162 PH-SUM_Pitx2:Nr4a2_Glut_mWBs,subclass,Mouse_WB,mouse,#991793,Not assessed
163 MB-ant-ve_Dmrta2:Emx2_Glut_mWBs,subclass,Mouse_WB,mouse,#766AA0,Not assessed
164 PAG_Ucn_Glut_mWBs,subclass,Mouse_WB,mouse,#009923,Not assessed
165 ND-INC_Foxd2_Glut_mWBs,subclass,Mouse_WB,mouse,#997817,Not assessed
166 RN_Dmrta2:C1ql2_Glut_mWBs,subclass,Mouse_WB,mouse,#FF514D,Not assessed
167 MRN-PAG_Nkx6-1:Sim1_Glut_mWBs,subclass,Mouse_WB,mouse,#3D6566,Not assessed
168 PRC-PAG_Pax6:Tcf7l2_Glut_mWBs,subclass,Mouse_WB,mouse,#316773,Not assessed
169 IF-RL-CLI-PAG_Dmrta2:Sim1_Glut_mWBs,subclass,Mouse_WB,mouse,#63FF26,Not assessed
170 PAG Tcf24 Glut_mWBs,subclass,Mouse_WB,mouse,#9200C5,Not assessed
171 HY_Gnrh1_Glut_mWBs,subclass,Mouse_WB,mouse,#7A9ACC,Not assessed
172 MM-ant_Foxb1:Gpc6_Glut_mWBs,subclass,Mouse_WB,mouse,#66662E,Not assessed
173 MM_Foxb1:Sall3_Glut_mWBs,subclass,Mouse_WB,mouse,#FF2677,Not assessed
174 MH_Tac2_Glut_mWBs,subclass,Mouse_WB,mouse,#3D8ACC,Not assessed
175 LH_Pou4f1:Sox1_Glut_mWBs,subclass,Mouse_WB,mouse,#CC7A9D,Not assessed
176 AD_Serpinb7_Glut_mWBs,subclass,Mouse_WB,mouse,#FF7383,Not assessed
177 AV_Col27a1_Glut_mWBs,subclass,Mouse_WB,mouse,#16F2F2,Not assessed
178 AM-IAD_Col27a1:Calb1_Glut_mWBs,subclass,Mouse_WB,mouse,#90DA7A,Not assessed
179 PVT-PT_Ntrk1_Glut_mWBs,subclass,Mouse_WB,mouse,#5C8599,Not assessed
180 CM-IAD-CL-PCN_Sema5b_Glut_mWBs,subclass,Mouse_WB,mouse,#076600,Not assessed
181 TH_Prkcd:Grin2c:Hs3st1_Glut_mWBs,subclass,Mouse_WB,mouse,#68E497,Not assessed
182 TH_Prkch:Adamts9_Glut_mWBs,subclass,Mouse_WB,mouse,#2FF4BE,Not assessed
183 RE-Xi_Nox4_Glut_mWBs,subclass,Mouse_WB,mouse,#663D57,Not assessed
184 PF_Fzd5_Glut_mWBs,subclass,Mouse_WB,mouse,#1C0099,Not assessed
185 PIL-SPFp-MRN_Sp9:Gbx2:Etv1_Glut_mWBs,subclass,Mouse_WB,mouse,#E0FFEC,Not assessed
186 SPA-PVT-RE-Xi_Sp9:Gbx2:Sox5_Glut_mWBs,subclass,Mouse_WB,mouse,#A0F7E8,Not assessed
187 PIL-PP-MRN_Sp9:Nkx2-2_Glut_mWBs,subclass,Mouse_WB,mouse,#26FFFE,Not assessed
188 MRN-PAG_Neurod2_Glut_mWBs,subclass,Mouse_WB,mouse,#7FFDFF,Not assessed
189 APN-MRN_C1ql2:Esrrb_Glut_mWBs,subclass,Mouse_WB,mouse,#5C64CC,Not assessed
190 APN-MRN_Tfap2d:Irx2_Glut_mWBs,subclass,Mouse_WB,mouse,#889917,Not assessed
191 PAG-SC_Neurod2:Barhl1:Nfib_Glut_mWBs,subclass,Mouse_WB,mouse,#2E7799,Not assessed
192 PAG_Pou4f3_Glut_mWBs,subclass,Mouse_WB,mouse,#CC3DA3,Not assessed
193 PAG_Pou4f2:Mesi2_Glut_mWBs,subclass,Mouse_WB,mouse,#5FCC5C,Not assessed
194 PAG_Pou4f1:Barhl1:Lef1_Glut_mWBs,subclass,Mouse_WB,mouse,#990027,Not assessed
195 PAG_Pou4f1:Barhl1:Adamtsl1_Glut_mWBs,subclass,Mouse_WB,mouse,#F2FF73,Not assessed
196 PAG-MRN_C1ql4:Nxph4_Glut_mWBs,subclass,Mouse_WB,mouse,#FF9D26,Not assessed
197 SCm-MRN_Pou4f1:Meis2_Glut_mWBs,subclass,Mouse_WB,mouse,#311FCC,Not assessed
198 PAG_Pou4f1:Bnc2_Glut_mWBs,subclass,Mouse_WB,mouse,#8B00CD,Not assessed
199 PAG-PH_Nkx2-2_Glut_mWBs,subclass,Mouse_WB,mouse,#47FFFF,Not assessed
200 PAG-MRN_Bnc2_Glut_mWBs,subclass,Mouse_WB,mouse,#997045,Not assessed
201 PAG-MRN_Bnc2:Tfap2b_Glut_mWBs,subclass,Mouse_WB,mouse,#82995C,Not assessed
202 SCdg-PAG_Bnc2_Glut_mWBs,subclass,Mouse_WB,mouse,#7ACCBE,Not assessed
203 SCiw_Pitx2_Glut_mWBs,subclass,Mouse_WB,mouse,#50662E,Not assessed
204 SCig_Foxb1:Otx2_Glut_mWBs,subclass,Mouse_WB,mouse,#5C73CC,Not assessed
205 SCig-an-PPT_Foxb1:Nr2f2_Glut_mWBs,subclass,Mouse_WB,mouse,#453D66,Not assessed
206 SCig_Foxb1:Zeb2_Glut_mWBs,subclass,Mouse_WB,mouse,#47FF26,Not assessed
207 SCig_Pou4f2:Etv1_Glut_mWBs,subclass,Mouse_WB,mouse,#002099,Not assessed
208 SCop_Neurod2:Barhl1:Bcl11b_Glut_mWBs,subclass,Mouse_WB,mouse,#FF73FF,Not assessed
209 SC_Bnc2:Zeb2_Glut_mWBs,subclass,Mouse_WB,mouse,#CC3D9D,Not assessed
210 SCsg_Pde5a_Glut_mWBs,subclass,Mouse_WB,mouse,#B899FF,Not assessed
211 SCop_Sln_Glut_mWBs,subclass,Mouse_WB,mouse,#73FF98,Not assessed
212 IC_En1:Maf_Glut_mWBs,subclass,Mouse_WB,mouse,#6C1799,Not assessed
213 CUN_Evx2:Otx2_Glut_mWBs,subclass,Mouse_WB,mouse,#CCC27A,Not assessed
214 SNr_Six3_Gaba_mWBs,subclass,Mouse_WB,mouse,#7A5C99,Not assessed
215 IC_Six3 En2_Gaba_mWBs,subclass,Mouse_WB,mouse,#C2FF26,Not assessed
216 MRN_Six3:H2:Q2_Gaba_mWBs,subclass,Mouse_WB,mouse,#7AFF5A,Not assessed
217 PAG-RN_Nkx2-2:Otx1_Gaba_mWBs,subclass,Mouse_WB,mouse,#4DCF4D,Not assessed
218 PRT_Mecom_Gaba_mWBs,subclass,Mouse_WB,mouse,#CC6B3D,Not assessed
219 PAG_Tcf7l2:Tfap2b_Gaba_mWBs,subclass,Mouse_WB,mouse,#474599,Not assessed
220 LGv-SPFp-SPFm_Nkx2-2:Nfib_Gaba_mWBs,subclass,Mouse_WB,mouse,#FFC199,Not assessed
221 LGv_Nkx2-2:Zic4_Gaba_mWBs,subclass,Mouse_WB,mouse,#FFD389,Not assessed
222 PAG-MRN_Nkx2-2:Rln3_Gaba_mWBs,subclass,Mouse_WB,mouse,#CC7400,Not assessed
223 PRT_Tcf7l2:Nr4a2_Gaba_mWBs,subclass,Mouse_WB,mouse,#5D2B82,Not assessed
224 PAG-ND-PCG_Otx1:Onecut1_Gaba_mWBs,subclass,Mouse_WB,mouse,#000799,Not assessed
225 SC-PAG_Lef1:Emx2_Gaba_mWBs,subclass,Mouse_WB,mouse,#4D79FF,Not assessed
226 SCm-PAG_Tfap2b:Cdh23_Gaba_mWBs,subclass,Mouse_WB,mouse,#CC5C69,Not assessed
227 SCs_Lef1:Gli3_Gaba_mWBs,subclass,Mouse_WB,mouse,#FFA300,Not assessed
228 SCs_Lef1:Otx2_Gaba_mWBs,subclass,Mouse_WB,mouse,#994F45,Not assessed
229 SCs_Lef1:Nfib_Gaba_mWBs,subclass,Mouse_WB,mouse,#CC1F66,Not assessed
230 SC_Gli3:Tnnt1_Gaba_mWBs,subclass,Mouse_WB,mouse,#76CC5C,Not assessed
231 SCsg_Gabrr2_Gaba_mWBs,subclass,Mouse_WB,mouse,#0E0163,Not assessed
232 SCs_Dmbx1:Foxp2_Gaba_mWBs,subclass,Mouse_WB,mouse,#4CCC3D,Not assessed
233 SCs_Dmbx1:Pax7_Gaba_mWBs,subclass,Mouse_WB,mouse,#00DB74,Not assessed
234 SCs_Otx2:Maf_Gaba_mWBs,subclass,Mouse_WB,mouse,#99685C,Not assessed
235 SNr-VTA_Pax5:Npas1_Gaba_mWBs,subclass,Mouse_WB,mouse,#2E8799,Not assessed
236 PAG-PPN_Pax5:Sox21_Gaba_mWBs,subclass,Mouse_WB,mouse,#1D0066,Not assessed
237 MRN-VTN-PPN_Pax5:Cdh23_Gaba_mWBs,subclass,Mouse_WB,mouse,#82CC1F,Not assessed
238 LDT_Pax5:Fgf7_Gaba_mWBs,subclass,Mouse_WB,mouse,#3D1153,Not assessed
239 CS-PRNr-DR_Ikzf1_Gaba_mWBs,subclass,Mouse_WB,mouse,#1F5366,Not assessed
240 PAG-MRN-RN_Foxa2_Gaba_mWBs,subclass,Mouse_WB,mouse,#AB1DD6,Not assessed
241 PAG-ND-PCG_Onecut1_Gaba_mWBs,subclass,Mouse_WB,mouse,#59008C,Not assessed
242 LDT-PCG-CS_Ebf3:Foxp2_Gaba_mWBs,subclass,Mouse_WB,mouse,#830099,Not assessed
243 LDT-DTN_Sp9:Nfix_Gaba_mWBs,subclass,Mouse_WB,mouse,#AAE6ED,Not assessed
244 PCG_Pax6:Nfix_Gaba_mWBs,subclass,Mouse_WB,mouse,#991761,Not assessed
245 PCG_Pax6:Foxp2_Gaba_mWBs,subclass,Mouse_WB,mouse,#B64845,Not assessed
246 SNc-VTA-RAmb_Foxa1_Gaba_mWBs,subclass,Mouse_WB,mouse,#00EE88,Not assessed
247 SNc-VTA-RAmb_Foxa1_Dopa_mWBs,subclass,Mouse_WB,mouse,#00FF00,Not assessed
248 MB-MY_Tph2_Glut-Sero_mWBs,subclass,Mouse_WB,mouse,#99FFE4,Not assessed
249 PB_Evx2:Nr2f1_Glut_mWBs,subclass,Mouse_WB,mouse,#1F8ACC,Not assessed
250 CUN-PPN_Evx2:Bnc2_Glut_mWBs,subclass,Mouse_WB,mouse,#CC7A7E,Not assessed
251 PPN-LDT_Evx2:Irx4_Glut_mWBs,subclass,Mouse_WB,mouse,#B87258,Not assessed
252 B-PB_Evx2:Onecut3_Glut_mWBs,subclass,Mouse_WB,mouse,#4FF7DE,Not assessed
253 PB_Evx2:Tnc_Glut_mWBs,subclass,Mouse_WB,mouse,#5F74D2,Not assessed
254 PBG_Ikzf1:Mtnr1a_Glut-Chol_mWBs,subclass,Mouse_WB,mouse,#00CC7F,Not assessed
255 PCG-PRNr_Nkx6-1:Onecut2_Glut_mWBs,subclass,Mouse_WB,mouse,#006C9E,Not assessed
256 PCG-PRNr_Nkx6-1:Sox2_Glut_mWBs,subclass,Mouse_WB,mouse,#175B99,Not assessed
257 IPN-LDT_Nkx6-1:Pou4f1_Glut_mWBs,subclass,Mouse_WB,mouse,#994546,Not assessed
258 LDT-PCG_Vsx2:Sox1:Gpr101_Glut_mWBs,subclass,Mouse_WB,mouse,#FF4DC7,Not assessed
259 LDT-PCG_Vsx2:Pax5_Glut_mWBs,subclass,Mouse_WB,mouse,#45994B,Not assessed
260 PRNc-NI-SG-RPO_Vsx2:Nr4a3:Nfib_Glut_mWBs,subclass,Mouse_WB,mouse,#FC5DA2,Not assessed
261 PRNc-NI-SG-RPO_Vsx2:Nr4a3:Zfhx4_Glut_mWBs,subclass,Mouse_WB,mouse,#559917,Not assessed
262 PB_Lmx1b:Pax5_Glut_mWBs,subclass,Mouse_WB,mouse,#84FF73,Not assessed
263 PB_Lmx1a_Glut_mWBs,subclass,Mouse_WB,mouse,#0F5666,Not assessed
264 MEV_Runx1:Ppp1r1c_Glut_mWBs,subclass,Mouse_WB,mouse,#0F6610,Not assessed
265 PB-SUT_Tlx3:Lhx2_Glut_mWBs,subclass,Mouse_WB,mouse,#5AFFB4,Not assessed
266 SOC_Mafb:Irx2_Glut_mWBs,subclass,Mouse_WB,mouse,#FFFF5E,Not assessed
267 NLL_Prdm6:Foxp2_Glut_mWBs,subclass,Mouse_WB,mouse,#CCFF4D,Not assessed
268 PSV_Neurod2:Pou3f1:Trpv6_Glut_mWBs,subclass,Mouse_WB,mouse,#FC003F,Not assessed
269 PSV_Vmn1r196_Glut_mWBs,subclass,Mouse_WB,mouse,#556B1E,Not assessed
270 PSV_Foxb1:Nat8f6_Glut_mWBs,subclass,Mouse_WB,mouse,#2A662E,Not assessed
271 PSV_Dytn_Glut_mWBs,subclass,Mouse_WB,mouse,#68771E,Not assessed
272 PB-NTS_Phox2b:Six2_Glut_mWBs,subclass,Mouse_WB,mouse,#AB5CCC,Not assessed
273 IRN_Phox2b_Glut_mWBs,subclass,Mouse_WB,mouse,#8DC18C,Not assessed
274 NTS_Phox2b:Pou3f1_Glut_mWBs,subclass,Mouse_WB,mouse,#6AAC9F,Not assessed
275 NTS_Phox2b:Tfap2b_Glut_mWBs,subclass,Mouse_WB,mouse,#439AA3,Not assessed
276 NTS_Phox2b:Gal_Glut_mWBs,subclass,Mouse_WB,mouse,#2277AD,Not assessed
277 NTS_Dbh:Etv1_Glut-NE_mWBs,subclass,Mouse_WB,mouse,#221F66,Not assessed
278 NTS-LC-PRN_Dbh:Sall3_Glut-NE_mWBs,subclass,Mouse_WB,mouse,#5D005D,Not assessed
279 SPVO_Tlx3:Mafa:Fn1_Glut_mWBs,subclass,Mouse_WB,mouse,#CC8E1F,Not assessed
280 SPVC_Prrxl1:Mafa_Glut_mWBs,subclass,Mouse_WB,mouse,#805CCC,Not assessed
281 SPVC_Prrxl1:Ccdc172_Glut_mWBs,subclass,Mouse_WB,mouse,#580099,Not assessed
282 SPVC_Prrxl1:Nmu_Glut_mWBs,subclass,Mouse_WB,mouse,#99805C,Not assessed
283 SPVI-SPVC_Tlx3:Serpinb1b_Glut_mWBs,subclass,Mouse_WB,mouse,#A2B90E,Not assessed
284 SPVI-SPVC_Tlx3:Bnc2_Glut_mWBs,subclass,Mouse_WB,mouse,#84CC3D,Not assessed
285 SPVI-SPVC_Lmx1b:Pou4f1_Glut_mWBs,subclass,Mouse_WB,mouse,#4AE56F,Not assessed
286 CU-ECU-SPVI_Lhx2:Foxb1_Glut_mWBs,subclass,Mouse_WB,mouse,#5A1F66,Not assessed
287 MV-SPIV_Phox2b:Lbx1_Glut_mWBs,subclass,Mouse_WB,mouse,#3DC2CC,Not assessed
288 SPVO-PSV_Tlx1_Glut_mWBs,subclass,Mouse_WB,mouse,#F4FF94,Not assessed
289 MDRN_Lmx1b:Abcc9_Glut_mWBs,subclass,Mouse_WB,mouse,#C7F785,Not assessed
290 MDRN-PARN_Prdm6_Glut_mWBs,subclass,Mouse_WB,mouse,#99FB7F,Not assessed
291 MDRN-NTS_Foxd3:Aldh1a2_Glut_mWBs,subclass,Mouse_WB,mouse,#F22693,Not assessed
292 MDRN_Foxd3:Vip_Glut_mWBs,subclass,Mouse_WB,mouse,#8C5CCC,Not assessed
293 MV-SPIV_Foxd3:Ebf3_Glut_mWBs,subclass,Mouse_WB,mouse,#85CC00,Not assessed
294 MV-SPIV_Bnc2:Hoxc4_Glut_mWBs,subclass,Mouse_WB,mouse,#3CD052,Not assessed
295 CBN_Neurod2:Pvalb_Glut_mWBs,subclass,Mouse_WB,mouse,#26FF93,Not assessed
296 MV-SPIV_Barhl1:Slc6a2_Glut_mWBs,subclass,Mouse_WB,mouse,#99985C,Not assessed
297 GRN-PRNc_Lhx3:Mecom_Glut_mWBs,subclass,Mouse_WB,mouse,#2D9D52,Not assessed
298 VCO_Mafa:Meis2_Glut_mWBs,subclass,Mouse_WB,mouse,#00CC7C,Not assessed
299 DCO_Evx2:Mycn_Glut_mWBs,subclass,Mouse_WB,mouse,#10BFE8,Not assessed
300 PCG-PRNr_Vsx2:Nkx6-1_Glut_mWBs,subclass,Mouse_WB,mouse,#545090,Not assessed
301 MDRNv_Vsx2:Crp_Glut_mWBs,subclass,Mouse_WB,mouse,#1FCC43,Not assessed
302 PRN-GRN_Vsx2:Lhx4_Glut_mWBs,subclass,Mouse_WB,mouse,#C6FF99,Not assessed
303 MARN-GRN_Nkx6-2:Pyy_Glut_mWBs,subclass,Mouse_WB,mouse,#458499,Not assessed
304 GRN_Otp:Tcf7l2:C1ql4_Glut_mWBs,subclass,Mouse_WB,mouse,#EE306A,Not assessed
305 PCG-PDT_Otp:Skor2_Glut_mWBs,subclass,Mouse_WB,mouse,#FF6426,Not assessed
306 PCG-CS-NI_Otp:Vmn1r206_Glut_mWBs,subclass,Mouse_WB,mouse,#CC7900,Not assessed
307 GRN-MDRN_Otp_Glut_mWBs,subclass,Mouse_WB,mouse,#BFFFA6,Not assessed
308 MV_Otp:Onecut1_Glut_mWBs,subclass,Mouse_WB,mouse,#9AC999,Not assessed
309 PRN_Otp_Glut_mWBs,subclass,Mouse_WB,mouse,#EA7400,Not assessed
310 NTS_Mbnl3_Glut_mWBs,subclass,Mouse_WB,mouse,#E925ED,Not assessed
311 PHY_Dmbx1_Glut_mWBs,subclass,Mouse_WB,mouse,#996E45,Not assessed
312 IRN_Hmx2:Vip_Glut_mWBs,subclass,Mouse_WB,mouse,#66593D,Not assessed
313 MDRN_Hmx2_Glut_mWBs,subclass,Mouse_WB,mouse,#A5FFB1,Not assessed
314 PG-TRN-LRN_Fat2_Glut_mWBs,subclass,Mouse_WB,mouse,#9B7ACC,Not assessed
315 IO_Hoxd1:Fgl2_Glut_mWBs,subclass,Mouse_WB,mouse,#99322E,Not assessed
316 DMX-VII_Tbx20_Chol_mWBs,subclass,Mouse_WB,mouse,#566600,Not assessed
317 HB_Calcb_Chol_mWBs,subclass,Mouse_WB,mouse,#EAFF4D,Not assessed
318 PDTg_Otp:Shroom3_Gaba_mWBs,subclass,Mouse_WB,mouse,#5BFF00,Not assessed
319 IPN_Otp:Crisp1_Gaba_mWBs,subclass,Mouse_WB,mouse,#BCCC3D,Not assessed
320 DTN-LDT-IPN_Otp:Vmn1r209_Gaba_mWBs,subclass,Mouse_WB,mouse,#1F3766,Not assessed
321 PCG-LDT_Otp:Satb2_Gaba_mWBs,subclass,Mouse_WB,mouse,#456499,Not assessed
322 PCG-CS_Otp:Pax3:Nfia_Gaba_mWBs,subclass,Mouse_WB,mouse,#4121F7,Not assessed
323 PDTg_Otp:Olig3_Gaba_mWBs,subclass,Mouse_WB,mouse,#0F1266,Not assessed
324 PPN-CUN-PCG_Otp:Pax7:En1_Gaba_mWBs,subclass,Mouse_WB,mouse,#DF99FF,Not assessed
325 MRN-PPN-CUN_Otp:Pax8_Gaba_mWBs,subclass,Mouse_WB,mouse,#3DCC66,Not assessed
326 CS-PRNr-PCG_Otp:Npas1_Gaba_mWBs,subclass,Mouse_WB,mouse,#3D6647,Not assessed
327 CS-RPO_Otp:Meis2_Gaba_mWBs,subclass,Mouse_WB,mouse,#B6CC5C,Not assessed
328 POR-SOC_Gata3:En1_Gly-Gaba_mWBs,subclass,Mouse_WB,mouse,#E57300,Not assessed
329 POR_Gata3:En1:Sox2_Gly-Gaba_mWBs,subclass,Mouse_WB,mouse,#00CC1B,Not assessed
330 SOC_Gata3:Sall3_Gly-Gaba_mWBs,subclass,Mouse_WB,mouse,#A9FF89,Not assessed
331 NLLpo_Pax7_Gaba_mWBs,subclass,Mouse_WB,mouse,#000999,Not assessed
332 NLL_Gata3:En1:Hoxb3_Gly-Gaba_mWBs,subclass,Mouse_WB,mouse,#E18C00,Not assessed
333 POR_Nkx6-1_Gly-Gaba_mWBs,subclass,Mouse_WB,mouse,#35CC00,Not assessed
334 PSV_Erg:Pax2_Gly-Gaba_mWBs,subclass,Mouse_WB,mouse,#D2B8F2,Not assessed
335 PB_Pax2:Sst_Gly-Gaba_mWBs,subclass,Mouse_WB,mouse,#F44D00,Not assessed
336 NTS_Gbx2:Zic4_Gly-Gaba_mWBs,subclass,Mouse_WB,mouse,#CC3D70,Not assessed
337 MDRN-SPV_Gbx2:Lhx1_Gly-Gaba_mWBs,subclass,Mouse_WB,mouse,#BA3D35,Not assessed
338 NTS-PARN_Neurod2_Gly-Gaba_mWBs,subclass,Mouse_WB,mouse,#FF1400,Not assessed
339 SPVI-SPVC_Sall3:Lhx1_Gly-Gaba_mWBs,subclass,Mouse_WB,mouse,#FF73EA,Not assessed
340 SPVI-SPVC_Sall3:Nfib_Gly-Gaba_mWBs,subclass,Mouse_WB,mouse,#66140F,Not assessed
341 NTS-MDRNd_Neurog2:Zic1_Gly-Gaba_mWBs,subclass,Mouse_WB,mouse,#990004,Not assessed
342 PARN-PGRNI_Neurod2:Cyp26b1_Gly-Gaba_mWBs,subclass,Mouse_WB,mouse,#6FF754,Not assessed
343 PAS-MV_Hoxa5:Ebf2_Gly-Gaba_mWBs,subclass,Mouse_WB,mouse,#2E3399,Not assessed
344 MV_Pax6:Slc1a5_Gly-Gaba_mWBs,subclass,Mouse_WB,mouse,#66502E,Not assessed
345 CU-ECU_Foxb1:Ceacam10_Gly-Gaba_mWBs,subclass,Mouse_WB,mouse,#2E6799,Not assessed
346 MV_Nkx6-1_Gly-Gaba_mWBs,subclass,Mouse_WB,mouse,#CC3D91,Not assessed
347 MDRN_Hoxb5:Irx3:Ebf2_Gly-Gaba_mWBs,subclass,Mouse_WB,mouse,#660038,Not assessed
348 MV-SPIV-PRP_Dmbx1_Gly-Gaba_mWBs,subclass,Mouse_WB,mouse,#00BBE2,Not assessed
349 PB_Dmbx1:Skor2_Gly-Gaba_mWBs,subclass,Mouse_WB,mouse,#4DBEFF,Not assessed
350 CBN_Dmbx1:Bnc2_Gaba_mWBs,subclass,Mouse_WB,mouse,#00FF6C,Not assessed
351 MV_Gbx2:Nr4a2_Gly-Gaba_mWBs,subclass,Mouse_WB,mouse,#EFDA4F,Not assessed
352 MV_Gbx2:Xdh_Gly-Gaba_mWBs,subclass,Mouse_WB,mouse,#72FF00,Not assessed
353 PRNc_Otp:Npas1_Gly-Gaba_mWBs,subclass,Mouse_WB,mouse,#AFFBD0,Not assessed
354 PRNc_Otp:Sall3_Gly-Gaba_mWBs,subclass,Mouse_WB,mouse,#64FFC3,Not assessed
355 PRNc_Otp:Foxd3:Pax8_Gly-Gaba_mWBs,subclass,Mouse_WB,mouse,#4DFFFF,Not assessed
356 PRNc_Otp:Foxd3_Gly-Gaba_mWBs,subclass,Mouse_WB,mouse,#23CCE2,Not assessed
357 PRNc_Otp:Prox1:Brs3_Gly-Gaba_mWBs,subclass,Mouse_WB,mouse,#A8FFFF,Not assessed
358 PRNc_Ikzf1:Nkx6-1_Gly-Gaba_mWBs,subclass,Mouse_WB,mouse,#0EFAE4,Not assessed
359 PRP_Otp:Foxd3:Neurdo2_Gly-Gaba_mWBs,subclass,Mouse_WB,mouse,#B56157,Not assessed
360 PRP_Otp:Neurod2:Prox1_Gly-Gaba_mWBs,subclass,Mouse_WB,mouse,#9B5941,Not assessed
361 PRP_Otp:Prrxl1_Gly-Gaba_mWBs,subclass,Mouse_WB,mouse,#793C2E,Not assessed
362 PRP_Otp:Hmx2_Gly-Gaba_mWBs,subclass,Mouse_WB,mouse,#8D5400,Not assessed
363 PRP_Otp:Onecut3_Gly-Gaba_mWBs,subclass,Mouse_WB,mouse,#986D13,Not assessed
364 MDRNd_Foxd3:Sp8_Gaba_mWBs,subclass,Mouse_WB,mouse,#4E5B48,Not assessed
365 MY_Otp:Hoxb5_Gaba_mWBs,subclass,Mouse_WB,mouse,#E700A5,Not assessed
366 MY_Foxd3:Onecut2_Gly-Gaba_mWBs,subclass,Mouse_WB,mouse,#E7009B,Not assessed
367 CSF-cNs_Pkd2l1_Gaba_mWBs,subclass,Mouse_WB,mouse,#26FFE8,Not assessed
368 PRP_Gata3:Tmem233_Gly-Gaba_mWBs,subclass,Mouse_WB,mouse,#00FF08,Not assessed
369 RPA_Gata3:Pax6:Hoxb5_Gly-Gaba_mWBs,subclass,Mouse_WB,mouse,#3426FF,Not assessed
370 MARN-PPY_Gata3:Sall1_Gly-Gaba_mWBs,subclass,Mouse_WB,mouse,#F21C9E,Not assessed
371 MY_Gata3:Hoxc4_Gly-Gaba_mWBs,subclass,Mouse_WB,mouse,#E60087,Not assessed
372 PPY-PGRNl_Vip_Gly-Gaba_mWBs,subclass,Mouse_WB,mouse,#CC5C81,Not assessed
373 MV-PRP_Dmbx1:Meis2_Gly-Gaba_mWBs,subclass,Mouse_WB,mouse,#98BAFF,Not assessed
374 IRN_Dmbx1:Hoxb5_Gly-Gaba_mWBs,subclass,Mouse_WB,mouse,#5C997D,Not assessed
375 MY_Hoxb5:Tfap2b_Gly-Gaba_mWBs,subclass,Mouse_WB,mouse,#F20985,Not assessed
376 MY_Sox6:Skor1_Gly-Gaba_mWBs,subclass,Mouse_WB,mouse,#B70375,Not assessed
377 MY_Lbx1:Lhx1_Gly-Gaba_mWBs,subclass,Mouse_WB,mouse,#8C0F73,Not assessed
378 MY_Nkx6-1:Pax2_Gly-Gaba_mWBs,subclass,Mouse_WB,mouse,#9A476A,Not assessed
379 MY_Nkx6-1:Hmga2_Gly-Gaba_mWBs,subclass,Mouse_WB,mouse,#D53242,Not assessed
380 GRN-IRN-MDRNd_Ikzf1:Prrxl1_Gly-Gaba_mWBs,subclass,Mouse_WB,mouse,#659900,Not assessed
381 DCO_Il22_Gly-Gaba_mWBs,subclass,Mouse_WB,mouse,#994517,Not assessed
382 CB_PLI_Gly-Gaba_mWBs,subclass,Mouse_WB,mouse,#009899,Not assessed
383 CBX_MLI:Cdh22_Gaba_mWBs,subclass,Mouse_WB,mouse,#45996C,Not assessed
384 CBX_MLI:Megf11_Gaba_mWBs,subclass,Mouse_WB,mouse,#8BCC5C,Not assessed
385 CBX_Golgi_Gly-Gaba_mWBs,subclass,Mouse_WB,mouse,#003366,Not assessed
386 CBX_Purkinje_Gaba_mWBs,subclass,Mouse_WB,mouse,#511799,Not assessed
387 CB_Granule_Glut_mWBs,subclass,Mouse_WB,mouse,#FF4826,Not assessed
388 DCO_UBC_Glut_mWBs,subclass,Mouse_WB,mouse,#1FCC87,Not assessed
389 Pineal_Crx_Glut_mWBs,subclass,Mouse_WB,mouse,#0F6654,Not assessed
390 Bergmann_NN_mWBs,subclass,Mouse_WB,mouse,#8E2600,Not assessed
391 Astro-CB_NN_mWBs,subclass,Mouse_WB,mouse,#CC4E00,Not assessed
392 Astro-NT_NN_mWBs,subclass,Mouse_WB,mouse,#AD5CCC,Not assessed
393 Astro-TE_NN_mWBs,subclass,Mouse_WB,mouse,#3DCCB1,Not assessed
394 Astro-OLF_NN_mWBs,subclass,Mouse_WB,mouse,#FF73CF,Not assessed
395 Astroependymal_NN_mWBs,subclass,Mouse_WB,mouse,#0833CE,Not assessed
396 Tanycyte_NN_mWBs,subclass,Mouse_WB,mouse,#FF26A1,Not assessed
397 Ependymal_NN_mWBs,subclass,Mouse_WB,mouse,#D8FF00,Not assessed
398 Hypendymal_NN_mWBs,subclass,Mouse_WB,mouse,#3F2E99,Not assessed
399 CHOR_NN_mWBs,subclass,Mouse_WB,mouse,#2D9917,Not assessed
400 OPC_NN_mWBs,subclass,Mouse_WB,mouse,#FF26CB,Not assessed
401 Oligo_NN_mWBs,subclass,Mouse_WB,mouse,#99FFBC,Not assessed
402 OEC_NN_mWBs,subclass,Mouse_WB,mouse,#FF99CF,Not assessed
403 ABC_NN_mWBs,subclass,Mouse_WB,mouse,#CC5CC1,Not assessed
404 VLMC_NN_mWBs,subclass,Mouse_WB,mouse,#653D66,Not assessed
405 Peri_NN_mWBs,subclass,Mouse_WB,mouse,#82992E,Not assessed
406 SMC_NN_mWBs,subclass,Mouse_WB,mouse,#FF9F73,Not assessed
407 Endo_NN_mWBs,subclass,Mouse_WB,mouse,#994567,Not assessed
408 Microglia_NN_mWBs,subclass,Mouse_WB,mouse,#CC1F4E,Not assessed
409 BAM_NN_mWBs,subclass,Mouse_WB,mouse,#66493D,Not assessed
410 DC_NN_mWBs,subclass,Mouse_WB,mouse,#CCA27A,Not assessed
411 Neutrophils_NN_mWBs,subclass,Mouse_WB,mouse,#A48E59,Not assessed
412 Lymphoid_NN_mWBs,subclass,Mouse_WB,mouse,#3D5766,Not assessed
413 Myeloid_NN_mWBs,subclass,Mouse_WB,mouse,#555D6B,Not assessed
414 Pit_Six1_NN_mWBs,subclass,Mouse_WB,mouse,#A5A3D9,Not assessed
Amygdala excitatory_hWBs,supercluster,Siletti_WB,human,#808080,Not assessed
Astrocyte_hWBs,supercluster,Siletti_WB,human,#AB3BC4,Not assessed
Bergmann glia_hWBs,supercluster,Siletti_WB,human,#E7C31F,Not assessed
CGE interneuron_hWBs,supercluster,Siletti_WB,human,#983F00,Not assessed
Cerebellar inhibitory_hWBs,supercluster,Siletti_WB,human,#4C005C,Not assessed
Choroid plexus_hWBs,supercluster,Siletti_WB,human,#005C31,Not assessed
Committed oligodendrocyte precursor_hWBs,supercluster,Siletti_WB,human,#7CAA09,Not assessed
Deep-layer corticothalamic and 6b_hWBs,supercluster,Siletti_WB,human,#5EF0F1,Not assessed
Deep-layer intratelencephalic_hWBs,supercluster,Siletti_WB,human,#426600,Not assessed
Deep-layer near-projecting_hWBs,supercluster,Siletti_WB,human,#EE1010,Not assessed
Eccentric medium spiny neuron_hWBs,supercluster,Siletti_WB,human,#2BCD48,Not assessed
Ependymal_hWBs,supercluster,Siletti_WB,human,#ED5F8E,Not assessed
Fibroblast_hWBs,supercluster,Siletti_WB,human,#C48351,Not assessed
Hippocampal CA1-3_hWBs,supercluster,Siletti_WB,human,#9CCB00,Not assessed
Hippocampal CA4_hWBs,supercluster,Siletti_WB,human,#C10087,Not assessed
Hippocampal dentate gyrus_hWBs,supercluster,Siletti_WB,human,#003380,Not assessed
LAMP5-LHX6 and Chandelier_hWBs,supercluster,Siletti_WB,human,#00988E,Not assessed
Lower rhombic lip_hWBs,supercluster,Siletti_WB,human,#8E7C00,Not assessed
MGE interneuron_hWBs,supercluster,Siletti_WB,human,#DFFE66,Not assessed
Mammillary body_hWBs,supercluster,Siletti_WB,human,#980000,Not assessed
Medium spiny neuron_hWBs,supercluster,Siletti_WB,human,#740AFE,Not assessed
Microglia_hWBs,supercluster,Siletti_WB,human,#FEA305,Not assessed
Midbrain-derived inhibitory_hWBs,supercluster,Siletti_WB,human,#FEFE80,Not assessed
Miscellaneous_hWBs,supercluster,Siletti_WB,human,#FEFE00,Not assessed
Oligodendrocyte_hWBs,supercluster,Siletti_WB,human,#9CBA19,Not assessed
Oligodendrocyte precursor_hWBs,supercluster,Siletti_WB,human,#0098D4,Not assessed
Splatter_hWBs,supercluster,Siletti_WB,human,#93FEB4,Not assessed
Thalamic excitatory_hWBs,supercluster,Siletti_WB,human,#CC9F80,Not assessed
Upper rhombic lip_hWBs,supercluster,Siletti_WB,human,#80BAED,Not assessed
Upper-layer intratelencephalic_hWBs,supercluster,Siletti_WB,human,#FEA7BA,Not assessed
Vascular_hWBs,supercluster,Siletti_WB,human,#E12E12,Not assessed
Amex_153,cluster,Siletti_WB,human,#579C8C,Not assessed
Amex_154,cluster,Siletti_WB,human,#6EAC78,Not assessed
Amex_155,cluster,Siletti_WB,human,#748778,Not assessed
Amex_156,cluster,Siletti_WB,human,#776B7A,Not assessed
Amex_157,cluster,Siletti_WB,human,#7D9876,Not assessed
Amex_158,cluster,Siletti_WB,human,#899D68,Not assessed
Amex_159,cluster,Siletti_WB,human,#826167,Not assessed
Amex_160,cluster,Siletti_WB,human,#959E68,Not assessed
Amex_161,cluster,Siletti_WB,human,#688197,Not assessed
Amex_162,cluster,Siletti_WB,human,#909288,Not assessed
Amex_171,cluster,Siletti_WB,human,#5A7AA6,Not assessed
Amex_172,cluster,Siletti_WB,human,#A68C70,Not assessed
Amex_173,cluster,Siletti_WB,human,#96866A,Not assessed
Amex_174,cluster,Siletti_WB,human,#988CAC,Not assessed
Amex_175,cluster,Siletti_WB,human,#929BA6,Not assessed
Amex_405,cluster,Siletti_WB,human,#766D83,Not assessed
Amex_406,cluster,Siletti_WB,human,#526975,Not assessed
Amex_407,cluster,Siletti_WB,human,#685C77,Not assessed
Amex_408,cluster,Siletti_WB,human,#A6737C,Not assessed
Amex_419,cluster,Siletti_WB,human,#6498A2,Not assessed
Astro_52,cluster,Siletti_WB,human,#BD20C9,Not assessed
Astro_53,cluster,Siletti_WB,human,#B515C6,Not assessed
Astro_54,cluster,Siletti_WB,human,#B85EAF,Not assessed
Astro_55,cluster,Siletti_WB,human,#C053C1,Not assessed
Astro_56,cluster,Siletti_WB,human,#7E37CB,Not assessed
Astro_57,cluster,Siletti_WB,human,#9A21E6,Not assessed
Astro_58,cluster,Siletti_WB,human,#B04CE0,Not assessed
Astro_59,cluster,Siletti_WB,human,#B82DE1,Not assessed
Astro_60,cluster,Siletti_WB,human,#A30FC5,Not assessed
Astro_61,cluster,Siletti_WB,human,#C935B8,Not assessed
Astro_62,cluster,Siletti_WB,human,#BA58B0,Not assessed
Astro_63,cluster,Siletti_WB,human,#9630E5,Not assessed
Astro_64,cluster,Siletti_WB,human,#8A3DE0,Not assessed
Bcell_0,cluster,Siletti_WB,human,#A0DB13,Not assessed
Bgl_51,cluster,Siletti_WB,human,#E7C31F,Not assessed
CA13_119,cluster,Siletti_WB,human,#B9BF2C,Not assessed
CA13_163,cluster,Siletti_WB,human,#A4AD2D,Not assessed
CA13_169,cluster,Siletti_WB,human,#82CB09,Not assessed
CA13_179,cluster,Siletti_WB,human,#88AA12,Not assessed
CA13_180,cluster,Siletti_WB,human,#9CDA2D,Not assessed
CA13_181,cluster,Siletti_WB,human,#93FA01,Not assessed
CA13_182,cluster,Siletti_WB,human,#78CD2B,Not assessed
CA13_183,cluster,Siletti_WB,human,#90F91C,Not assessed
CA13_184,cluster,Siletti_WB,human,#B0FA02,Not assessed
CA13_185,cluster,Siletti_WB,human,#86AB24,Not assessed
CA13_186,cluster,Siletti_WB,human,#79E80F,Not assessed
CA13_187,cluster,Siletti_WB,human,#89B025,Not assessed
CA13_188,cluster,Siletti_WB,human,#A2CB17,Not assessed
CA13_189,cluster,Siletti_WB,human,#BFD316,Not assessed
CA4_190,cluster,Siletti_WB,human,#9E0B66,Not assessed
CA4_191,cluster,Siletti_WB,human,#B90B97,Not assessed
CA4_192,cluster,Siletti_WB,human,#E52180,Not assessed
CA4_193,cluster,Siletti_WB,human,#950C92,Not assessed
CA4_194,cluster,Siletti_WB,human,#A206AB,Not assessed
CA4_195,cluster,Siletti_WB,human,#AC117A,Not assessed
CA4_196,cluster,Siletti_WB,human,#960F74,Not assessed
CA4_197,cluster,Siletti_WB,human,#C22185,Not assessed
CA4_198,cluster,Siletti_WB,human,#C93083,Not assessed
CBI_298,cluster,Siletti_WB,human,#3E234C,Not assessed
CBI_299,cluster,Siletti_WB,human,#360677,Not assessed
CBI_300,cluster,Siletti_WB,human,#55314F,Not assessed
CBI_301,cluster,Siletti_WB,human,#410130,Not assessed
CBI_302,cluster,Siletti_WB,human,#3D2237,Not assessed
CBI_303,cluster,Siletti_WB,human,#770E79,Not assessed
CBI_304,cluster,Siletti_WB,human,#64295C,Not assessed
CBI_305,cluster,Siletti_WB,human,#221146,Not assessed
CBI_306,cluster,Siletti_WB,human,#4E068C,Not assessed
CBI_307,cluster,Siletti_WB,human,#5C283E,Not assessed
CGE_276,cluster,Siletti_WB,human,#612B05,Not assessed
CGE_277,cluster,Siletti_WB,human,#970607,Not assessed
CGE_278,cluster,Siletti_WB,human,#AB1601,Not assessed
CGE_279,cluster,Siletti_WB,human,#744507,Not assessed
CGE_280,cluster,Siletti_WB,human,#D14C16,Not assessed
CGE_281,cluster,Siletti_WB,human,#504012,Not assessed
CGE_282,cluster,Siletti_WB,human,#706914,Not assessed
CGE_283,cluster,Siletti_WB,human,#8E2343,Not assessed
CGE_284,cluster,Siletti_WB,human,#C15303,Not assessed
CGE_285,cluster,Siletti_WB,human,#CC5416,Not assessed
CGE_286,cluster,Siletti_WB,human,#CE3B28,Not assessed
CGE_287,cluster,Siletti_WB,human,#99512B,Not assessed
CGE_288,cluster,Siletti_WB,human,#810B14,Not assessed
CGE_289,cluster,Siletti_WB,human,#B31A1D,Not assessed
CGE_290,cluster,Siletti_WB,human,#B23D46,Not assessed
CGE_291,cluster,Siletti_WB,human,#840423,Not assessed
CGE_292,cluster,Siletti_WB,human,#D44D1D,Not assessed
CGE_293,cluster,Siletti_WB,human,#983D4C,Not assessed
CGE_294,cluster,Siletti_WB,human,#940606,Not assessed
CGE_295,cluster,Siletti_WB,human,#C30415,Not assessed
CGE_296,cluster,Siletti_WB,human,#CC1E16,Not assessed
COP_37,cluster,Siletti_WB,human,#9B960D,Not assessed
COP_38,cluster,Siletti_WB,human,#629904,Not assessed
COP_39,cluster,Siletti_WB,human,#909119,Not assessed
COP_41,cluster,Siletti_WB,human,#81D403,Not assessed
COP_42,cluster,Siletti_WB,human,#72871A,Not assessed
COP_43,cluster,Siletti_WB,human,#7C9311,Not assessed
COP_75,cluster,Siletti_WB,human,#76A131,Not assessed
Chrp_76,cluster,Siletti_WB,human,#17461E,Not assessed
Chrp_77,cluster,Siletti_WB,human,#024150,Not assessed
Chrp_78,cluster,Siletti_WB,human,#136833,Not assessed
Chrp_79,cluster,Siletti_WB,human,#127238,Not assessed
Chrp_80,cluster,Siletti_WB,human,#0F640D,Not assessed
Chrp_81,cluster,Siletti_WB,human,#0B6928,Not assessed
Chrp_82,cluster,Siletti_WB,human,#044B54,Not assessed
DG_199,cluster,Siletti_WB,human,#062463,Not assessed
DG_200,cluster,Siletti_WB,human,#134172,Not assessed
DG_201,cluster,Siletti_WB,human,#063981,Not assessed
DG_202,cluster,Siletti_WB,human,#162C80,Not assessed
DG_203,cluster,Siletti_WB,human,#070F96,Not assessed
DG_204,cluster,Siletti_WB,human,#1D2898,Not assessed
DG_205,cluster,Siletti_WB,human,#094D8E,Not assessed
DLCT6b_100,cluster,Siletti_WB,human,#64D2BF,Not assessed
DLCT6b_101,cluster,Siletti_WB,human,#3DECE9,Not assessed
DLCT6b_102,cluster,Siletti_WB,human,#22F6E7,Not assessed
DLCT6b_103,cluster,Siletti_WB,human,#37C7F0,Not assessed
DLCT6b_104,cluster,Siletti_WB,human,#5DA5E3,Not assessed
DLCT6b_105,cluster,Siletti_WB,human,#4DCAF1,Not assessed
DLCT6b_106,cluster,Siletti_WB,human,#76F4ED,Not assessed
DLCT6b_107,cluster,Siletti_WB,human,#9CD9F4,Not assessed
DLCT6b_108,cluster,Siletti_WB,human,#A3E9E7,Not assessed
DLCT6b_109,cluster,Siletti_WB,human,#68E5B9,Not assessed
DLCT6b_110,cluster,Siletti_WB,human,#48FECB,Not assessed
DLCT6b_111,cluster,Siletti_WB,human,#1BF7E0,Not assessed
DLCT6b_112,cluster,Siletti_WB,human,#69F2B7,Not assessed
DLCT6b_84,cluster,Siletti_WB,human,#6CC9E2,Not assessed
DLCT6b_97,cluster,Siletti_WB,human,#76CBDB,Not assessed
DLCT6b_98,cluster,Siletti_WB,human,#42CFDA,Not assessed
DLCT6b_99,cluster,Siletti_WB,human,#79E3A8,Not assessed
DLIT_136,cluster,Siletti_WB,human,#22652D,Not assessed
DLIT_137,cluster,Siletti_WB,human,#5F791E,Not assessed
DLIT_139,cluster,Siletti_WB,human,#5C3810,Not assessed
DLIT_140,cluster,Siletti_WB,human,#563822,Not assessed
DLIT_141,cluster,Siletti_WB,human,#685B2F,Not assessed
DLIT_142,cluster,Siletti_WB,human,#347622,Not assessed
DLIT_143,cluster,Siletti_WB,human,#269B04,Not assessed
DLIT_144,cluster,Siletti_WB,human,#335808,Not assessed
DLIT_145,cluster,Siletti_WB,human,#3B5F2C,Not assessed
DLIT_146,cluster,Siletti_WB,human,#286315,Not assessed
DLIT_147,cluster,Siletti_WB,human,#134E12,Not assessed
DLIT_148,cluster,Siletti_WB,human,#448D1C,Not assessed
DLIT_149,cluster,Siletti_WB,human,#40643A,Not assessed
DLIT_150,cluster,Siletti_WB,human,#4B8D23,Not assessed
DLIT_151,cluster,Siletti_WB,human,#4A702D,Not assessed
DLIT_152,cluster,Siletti_WB,human,#147907,Not assessed
DLNP_83,cluster,Siletti_WB,human,#D3040F,Not assessed
DLNP_85,cluster,Siletti_WB,human,#E63B3D,Not assessed
DLNP_86,cluster,Siletti_WB,human,#C00A19,Not assessed
DLNP_87,cluster,Siletti_WB,human,#D80348,Not assessed
DLNP_88,cluster,Siletti_WB,human,#D9264F,Not assessed
DLNP_89,cluster,Siletti_WB,human,#F1091F,Not assessed
DLNP_90,cluster,Siletti_WB,human,#F82C14,Not assessed
DLNP_91,cluster,Siletti_WB,human,#C72511,Not assessed
DLNP_92,cluster,Siletti_WB,human,#E40A53,Not assessed
DLNP_93,cluster,Siletti_WB,human,#D83E24,Not assessed
DLNP_94,cluster,Siletti_WB,human,#EE1408,Not assessed
DLNP_95,cluster,Siletti_WB,human,#BE2A0F,Not assessed
DLNP_96,cluster,Siletti_WB,human,#CE1B05,Not assessed
EMSN_222,cluster,Siletti_WB,human,#40C53A,Not assessed
EMSN_223,cluster,Siletti_WB,human,#1FDC27,Not assessed
EMSN_224,cluster,Siletti_WB,human,#46DD64,Not assessed
EMSN_225,cluster,Siletti_WB,human,#25AF5B,Not assessed
EMSN_226,cluster,Siletti_WB,human,#1FB24C,Not assessed
EMSN_227,cluster,Siletti_WB,human,#16D868,Not assessed
EMSN_228,cluster,Siletti_WB,human,#56D844,Not assessed
EMSN_229,cluster,Siletti_WB,human,#0ED254,Not assessed
EMSN_230,cluster,Siletti_WB,human,#0CE038,Not assessed
EMSN_231,cluster,Siletti_WB,human,#3ADA4D,Not assessed
EMSN_232,cluster,Siletti_WB,human,#16B548,Not assessed
EMSN_233,cluster,Siletti_WB,human,#25C953,Not assessed
EMSN_234,cluster,Siletti_WB,human,#14DC54,Not assessed
EMSN_426,cluster,Siletti_WB,human,#19F454,Not assessed
Epen_65,cluster,Siletti_WB,human,#E66C7A,Not assessed
Epen_66,cluster,Siletti_WB,human,#F68796,Not assessed
Epen_67,cluster,Siletti_WB,human,#FD4788,Not assessed
Epen_68,cluster,Siletti_WB,human,#E2767A,Not assessed
Epen_69,cluster,Siletti_WB,human,#E0747F,Not assessed
Epen_70,cluster,Siletti_WB,human,#D37A99,Not assessed
Epen_71,cluster,Siletti_WB,human,#F35980,Not assessed
Epen_72,cluster,Siletti_WB,human,#F67EA6,Not assessed
Epen_73,cluster,Siletti_WB,human,#D47DA4,Not assessed
Epen_74,cluster,Siletti_WB,human,#E07B7C,Not assessed
Fbl_24,cluster,Siletti_WB,human,#C08873,Not assessed
Fbl_25,cluster,Siletti_WB,human,#E07A6E,Not assessed
Fbl_26,cluster,Siletti_WB,human,#CD722D,Not assessed
Fbl_27,cluster,Siletti_WB,human,#CC7B60,Not assessed
Fbl_28,cluster,Siletti_WB,human,#A7A44C,Not assessed
Fbl_29,cluster,Siletti_WB,human,#E86A52,Not assessed
Fbl_30,cluster,Siletti_WB,human,#D87D6C,Not assessed
Fbl_31,cluster,Siletti_WB,human,#BE845A,Not assessed
L5ET_113,cluster,Siletti_WB,human,#B6F627,Not assessed
L5ET_114,cluster,Siletti_WB,human,#CCCB29,Not assessed
L5ET_115,cluster,Siletti_WB,human,#AFD107,Not assessed
L5ET_117,cluster,Siletti_WB,human,#B6CB18,Not assessed
L5ET_118,cluster,Siletti_WB,human,#E8DE1B,Not assessed
LLC_264,cluster,Siletti_WB,human,#26B976,Not assessed
LLC_265,cluster,Siletti_WB,human,#14697D,Not assessed
LLC_266,cluster,Siletti_WB,human,#09AE9C,Not assessed
LLC_267,cluster,Siletti_WB,human,#23AEA3,Not assessed
LLC_268,cluster,Siletti_WB,human,#117FAF,Not assessed
LLC_269,cluster,Siletti_WB,human,#199074,Not assessed
LLC_270,cluster,Siletti_WB,human,#06ADA7,Not assessed
LLC_271,cluster,Siletti_WB,human,#169495,Not assessed
LLC_272,cluster,Siletti_WB,human,#03977C,Not assessed
LLC_273,cluster,Siletti_WB,human,#2B8A7C,Not assessed
LLC_274,cluster,Siletti_WB,human,#028AAD,Not assessed
LLC_275,cluster,Siletti_WB,human,#13779C,Not assessed
LRL_315,cluster,Siletti_WB,human,#954F03,Not assessed
LRL_316,cluster,Siletti_WB,human,#889112,Not assessed
LRL_317,cluster,Siletti_WB,human,#645501,Not assessed
LRL_318,cluster,Siletti_WB,human,#896C38,Not assessed
LRL_319,cluster,Siletti_WB,human,#847D0C,Not assessed
LRL_320,cluster,Siletti_WB,human,#966A0A,Not assessed
LRL_321,cluster,Siletti_WB,human,#5F9A15,Not assessed
LRL_322,cluster,Siletti_WB,human,#B49A17,Not assessed
MGE_236,cluster,Siletti_WB,human,#A1EE31,Not assessed
MGE_239,cluster,Siletti_WB,human,#95ED6B,Not assessed
MGE_240,cluster,Siletti_WB,human,#BBFE43,Not assessed
MGE_241,cluster,Siletti_WB,human,#E0DD3B,Not assessed
MGE_242,cluster,Siletti_WB,human,#C0C68D,Not assessed
MGE_243,cluster,Siletti_WB,human,#DCEA93,Not assessed
MGE_244,cluster,Siletti_WB,human,#F4AE67,Not assessed
MGE_245,cluster,Siletti_WB,human,#ACF16F,Not assessed
MGE_246,cluster,Siletti_WB,human,#E0B73C,Not assessed
MGE_247,cluster,Siletti_WB,human,#CEF799,Not assessed
MGE_248,cluster,Siletti_WB,human,#E3C79D,Not assessed
MGE_249,cluster,Siletti_WB,human,#9EEB7C,Not assessed
MGE_250,cluster,Siletti_WB,human,#DCC27D,Not assessed
MGE_251,cluster,Siletti_WB,human,#D1EDA5,Not assessed
MGE_252,cluster,Siletti_WB,human,#96FA54,Not assessed
MGE_253,cluster,Siletti_WB,human,#F3FB66,Not assessed
MGE_254,cluster,Siletti_WB,human,#A4F791,Not assessed
MGE_255,cluster,Siletti_WB,human,#CCE19F,Not assessed
MGE_256,cluster,Siletti_WB,human,#C0C92E,Not assessed
MGE_257,cluster,Siletti_WB,human,#D1CE28,Not assessed
MGE_258,cluster,Siletti_WB,human,#CBB579,Not assessed
MGE_259,cluster,Siletti_WB,human,#BFE859,Not assessed
MGE_260,cluster,Siletti_WB,human,#E2DF3B,Not assessed
MGE_261,cluster,Siletti_WB,human,#C2FB35,Not assessed
MGE_262,cluster,Siletti_WB,human,#FEFA29,Not assessed
MGE_263,cluster,Siletti_WB,human,#FBFD46,Not assessed
MSN_206,cluster,Siletti_WB,human,#3927D2,Not assessed
MSN_207,cluster,Siletti_WB,human,#6103DF,Not assessed
MSN_208,cluster,Siletti_WB,human,#7E40D0,Not assessed
MSN_209,cluster,Siletti_WB,human,#782DD6,Not assessed
MSN_210,cluster,Siletti_WB,human,#841BC5,Not assessed
MSN_211,cluster,Siletti_WB,human,#8322F1,Not assessed
MSN_212,cluster,Siletti_WB,human,#A505BF,Not assessed
MSN_213,cluster,Siletti_WB,human,#673ED0,Not assessed
MSN_214,cluster,Siletti_WB,human,#9641E1,Not assessed
MSN_215,cluster,Siletti_WB,human,#413EE0,Not assessed
MSN_216,cluster,Siletti_WB,human,#B529DB,Not assessed
MSN_217,cluster,Siletti_WB,human,#A333FB,Not assessed
MSN_218,cluster,Siletti_WB,human,#7404BA,Not assessed
MSN_219,cluster,Siletti_WB,human,#5C01B1,Not assessed
MSN_220,cluster,Siletti_WB,human,#6D3FE5,Not assessed
MSN_221,cluster,Siletti_WB,human,#6A48EA,Not assessed
MSN_427,cluster,Siletti_WB,human,#322BE2,Not assessed
MSN_430,cluster,Siletti_WB,human,#8706E1,Not assessed
Mgl_10,cluster,Siletti_WB,human,#E79F40,Not assessed
Mgl_11,cluster,Siletti_WB,human,#E0D011,Not assessed
Mgl_12,cluster,Siletti_WB,human,#DB9539,Not assessed
Mgl_4,cluster,Siletti_WB,human,#E68D3B,Not assessed
Mgl_5,cluster,Siletti_WB,human,#FA9120,Not assessed
Mgl_6,cluster,Siletti_WB,human,#ECC308,Not assessed
Mgl_7,cluster,Siletti_WB,human,#F4D115,Not assessed
Mgl_8,cluster,Siletti_WB,human,#F3DA20,Not assessed
Mgl_9,cluster,Siletti_WB,human,#EEC833,Not assessed
Midi_433,cluster,Siletti_WB,human,#F9F7AE,Not assessed
Midi_434,cluster,Siletti_WB,human,#CBDD8E,Not assessed
Midi_435,cluster,Siletti_WB,human,#D3EF9F,Not assessed
Midi_436,cluster,Siletti_WB,human,#E4DF6C,Not assessed
Midi_437,cluster,Siletti_WB,human,#E7F87C,Not assessed
Midi_438,cluster,Siletti_WB,human,#D3F35A,Not assessed
Midi_439,cluster,Siletti_WB,human,#F2F2B3,Not assessed
Midi_440,cluster,Siletti_WB,human,#EEC796,Not assessed
Midi_441,cluster,Siletti_WB,human,#E0D988,Not assessed
Midi_442,cluster,Siletti_WB,human,#C9FC77,Not assessed
Midi_443,cluster,Siletti_WB,human,#FBDE51,Not assessed
Midi_444,cluster,Siletti_WB,human,#D4EAA0,Not assessed
Misc_116,cluster,Siletti_WB,human,#DBD458,Not assessed
Misc_132,cluster,Siletti_WB,human,#EACC41,Not assessed
Misc_164,cluster,Siletti_WB,human,#E6D024,Not assessed
Misc_165,cluster,Siletti_WB,human,#C6C228,Not assessed
Misc_166,cluster,Siletti_WB,human,#B2DA0C,Not assessed
Misc_167,cluster,Siletti_WB,human,#D6AC30,Not assessed
Misc_168,cluster,Siletti_WB,human,#EDBE17,Not assessed
Misc_170,cluster,Siletti_WB,human,#E0E61F,Not assessed
Misc_176,cluster,Siletti_WB,human,#F39F10,Not assessed
Misc_177,cluster,Siletti_WB,human,#D3DC50,Not assessed
Misc_178,cluster,Siletti_WB,human,#CDFE2C,Not assessed
Misc_314,cluster,Siletti_WB,human,#B3D71A,Not assessed
Misc_401,cluster,Siletti_WB,human,#F6BE34,Not assessed
Misc_404,cluster,Siletti_WB,human,#B7E52E,Not assessed
Mmb_323,cluster,Siletti_WB,human,#C50C06,Not assessed
Mmb_324,cluster,Siletti_WB,human,#A12C1B,Not assessed
Mmb_325,cluster,Siletti_WB,human,#942D09,Not assessed
Mmb_326,cluster,Siletti_WB,human,#B11126,Not assessed
Mmb_327,cluster,Siletti_WB,human,#82052E,Not assessed
Mmb_328,cluster,Siletti_WB,human,#B60626,Not assessed
Mmb_329,cluster,Siletti_WB,human,#BF140F,Not assessed
Mmb_330,cluster,Siletti_WB,human,#A13310,Not assessed
Mmb_331,cluster,Siletti_WB,human,#852817,Not assessed
Mmb_332,cluster,Siletti_WB,human,#850122,Not assessed
Mmb_333,cluster,Siletti_WB,human,#702116,Not assessed
Mono_3,cluster,Siletti_WB,human,#CDB808,Not assessed
Nkcell_2,cluster,Siletti_WB,human,#E2EE30,Not assessed
OPC_32,cluster,Siletti_WB,human,#1898DE,Not assessed
OPC_33,cluster,Siletti_WB,human,#218EE5,Not assessed
OPC_34,cluster,Siletti_WB,human,#0B84BD,Not assessed
OPC_35,cluster,Siletti_WB,human,#1F91EB,Not assessed
OPC_36,cluster,Siletti_WB,human,#1287C2,Not assessed
Oligo_40,cluster,Siletti_WB,human,#88A01B,Not assessed
Oligo_44,cluster,Siletti_WB,human,#A79C38,Not assessed
Oligo_45,cluster,Siletti_WB,human,#BBAC34,Not assessed
Oligo_46,cluster,Siletti_WB,human,#9FC940,Not assessed
Oligo_47,cluster,Siletti_WB,human,#93B620,Not assessed
Oligo_48,cluster,Siletti_WB,human,#91D438,Not assessed
Oligo_49,cluster,Siletti_WB,human,#9BDA23,Not assessed
Oligo_50,cluster,Siletti_WB,human,#A9B519,Not assessed
Per_21,cluster,Siletti_WB,human,#BD3B18,Not assessed
Per_22,cluster,Siletti_WB,human,#D04605,Not assessed
Per_23,cluster,Siletti_WB,human,#E14D1D,Not assessed
Splat_235,cluster,Siletti_WB,human,#3DF1DF,Not assessed
Splat_237,cluster,Siletti_WB,human,#3EDBF7,Not assessed
Splat_238,cluster,Siletti_WB,human,#D2AFAC,Not assessed
Splat_313,cluster,Siletti_WB,human,#A5D7BE,Not assessed
Splat_334,cluster,Siletti_WB,human,#CCC9E7,Not assessed
Splat_335,cluster,Siletti_WB,human,#8DD2BF,Not assessed
Splat_336,cluster,Siletti_WB,human,#5CE760,Not assessed
Splat_337,cluster,Siletti_WB,human,#9CF070,Not assessed
Splat_338,cluster,Siletti_WB,human,#65DEDA,Not assessed
Splat_339,cluster,Siletti_WB,human,#D8B48F,Not assessed
Splat_340,cluster,Siletti_WB,human,#84C4E8,Not assessed
Splat_341,cluster,Siletti_WB,human,#4DDBC3,Not assessed
Splat_342,cluster,Siletti_WB,human,#7EE9AC,Not assessed
Splat_343,cluster,Siletti_WB,human,#80BAF5,Not assessed
Splat_344,cluster,Siletti_WB,human,#71DD5F,Not assessed
Splat_345,cluster,Siletti_WB,human,#73FC9B,Not assessed
Splat_346,cluster,Siletti_WB,human,#BED1A0,Not assessed
Splat_347,cluster,Siletti_WB,human,#A8E484,Not assessed
Splat_348,cluster,Siletti_WB,human,#52C1ED,Not assessed
Splat_349,cluster,Siletti_WB,human,#7BA3F4,Not assessed
Splat_350,cluster,Siletti_WB,human,#78CB8D,Not assessed
Splat_351,cluster,Siletti_WB,human,#F4C894,Not assessed
Splat_352,cluster,Siletti_WB,human,#C8DBC7,Not assessed
Splat_353,cluster,Siletti_WB,human,#47C4D7,Not assessed
Splat_354,cluster,Siletti_WB,human,#A5B7C5,Not assessed
Splat_355,cluster,Siletti_WB,human,#55B2EA,Not assessed
Splat_356,cluster,Siletti_WB,human,#ABF77F,Not assessed
Splat_357,cluster,Siletti_WB,human,#A4A8E0,Not assessed
Splat_358,cluster,Siletti_WB,human,#DEFBA3,Not assessed
Splat_359,cluster,Siletti_WB,human,#5DAEB5,Not assessed
Splat_360,cluster,Siletti_WB,human,#AA9BD7,Not assessed
Splat_361,cluster,Siletti_WB,human,#919CCA,Not assessed
Splat_362,cluster,Siletti_WB,human,#44A9BA,Not assessed
Splat_363,cluster,Siletti_WB,human,#64E9B1,Not assessed
Splat_364,cluster,Siletti_WB,human,#9DD9D4,Not assessed
Splat_365,cluster,Siletti_WB,human,#91D0A0,Not assessed
Splat_366,cluster,Siletti_WB,human,#B5DCB2,Not assessed
Splat_367,cluster,Siletti_WB,human,#65EDCA,Not assessed
Splat_368,cluster,Siletti_WB,human,#C4E4F8,Not assessed
Splat_369,cluster,Siletti_WB,human,#C6A485,Not assessed
Splat_370,cluster,Siletti_WB,human,#749A9B,Not assessed
Splat_371,cluster,Siletti_WB,human,#61C4B8,Not assessed
Splat_373,cluster,Siletti_WB,human,#88DFAC,Not assessed
Splat_374,cluster,Siletti_WB,human,#8FADE0,Not assessed
Splat_375,cluster,Siletti_WB,human,#B9C561,Not assessed
Splat_376,cluster,Siletti_WB,human,#63F4C2,Not assessed
Splat_377,cluster,Siletti_WB,human,#7CB9B6,Not assessed
Splat_378,cluster,Siletti_WB,human,#ECFEBF,Not assessed
Splat_379,cluster,Siletti_WB,human,#9DD860,Not assessed
Splat_380,cluster,Siletti_WB,human,#65CCE3,Not assessed
Splat_381,cluster,Siletti_WB,human,#86D394,Not assessed
Splat_382,cluster,Siletti_WB,human,#FBE5B2,Not assessed
Splat_383,cluster,Siletti_WB,human,#82A478,Not assessed
Splat_384,cluster,Siletti_WB,human,#70E55F,Not assessed
Splat_385,cluster,Siletti_WB,human,#DACA74,Not assessed
Splat_386,cluster,Siletti_WB,human,#91ABC8,Not assessed
Splat_387,cluster,Siletti_WB,human,#9693B2,Not assessed
Splat_388,cluster,Siletti_WB,human,#9E94CE,Not assessed
Splat_389,cluster,Siletti_WB,human,#89EEFE,Not assessed
Splat_390,cluster,Siletti_WB,human,#8DA1BA,Not assessed
Splat_391,cluster,Siletti_WB,human,#E3C479,Not assessed
Splat_392,cluster,Siletti_WB,human,#98F694,Not assessed
Splat_393,cluster,Siletti_WB,human,#BBE5B8,Not assessed
Splat_394,cluster,Siletti_WB,human,#D9F4B7,Not assessed
Splat_395,cluster,Siletti_WB,human,#41E2AC,Not assessed
Splat_396,cluster,Siletti_WB,human,#38DDD7,Not assessed
Splat_397,cluster,Siletti_WB,human,#6BE3DB,Not assessed
Splat_398,cluster,Siletti_WB,human,#52D7B5,Not assessed
Splat_399,cluster,Siletti_WB,human,#66C89C,Not assessed
Splat_400,cluster,Siletti_WB,human,#95EF5B,Not assessed
Splat_402,cluster,Siletti_WB,human,#9FF2C1,Not assessed
Splat_403,cluster,Siletti_WB,human,#C2B17E,Not assessed
Splat_409,cluster,Siletti_WB,human,#B8A5E0,Not assessed
Splat_410,cluster,Siletti_WB,human,#3BF6BC,Not assessed
Splat_411,cluster,Siletti_WB,human,#B4C1FC,Not assessed
Splat_412,cluster,Siletti_WB,human,#A2BAD6,Not assessed
Splat_413,cluster,Siletti_WB,human,#F3ECAF,Not assessed
Splat_414,cluster,Siletti_WB,human,#63DAAA,Not assessed
Splat_415,cluster,Siletti_WB,human,#9EAB93,Not assessed
Splat_416,cluster,Siletti_WB,human,#CCFD56,Not assessed
Splat_417,cluster,Siletti_WB,human,#79DD72,Not assessed
Splat_418,cluster,Siletti_WB,human,#2EED7D,Not assessed
Splat_420,cluster,Siletti_WB,human,#56EBA6,Not assessed
Splat_421,cluster,Siletti_WB,human,#BEC2A4,Not assessed
Splat_422,cluster,Siletti_WB,human,#93FDB6,Not assessed
Splat_423,cluster,Siletti_WB,human,#47EB98,Not assessed
Splat_424,cluster,Siletti_WB,human,#B1A196,Not assessed
Splat_425,cluster,Siletti_WB,human,#89ACAB,Not assessed
Splat_428,cluster,Siletti_WB,human,#83AD88,Not assessed
Splat_429,cluster,Siletti_WB,human,#3DD6D8,Not assessed
Splat_431,cluster,Siletti_WB,human,#EFC7A3,Not assessed
Splat_432,cluster,Siletti_WB,human,#A3E09D,Not assessed
Tcell_1,cluster,Siletti_WB,human,#F0F44D,Not assessed
Thex_372,cluster,Siletti_WB,human,#BF9661,Not assessed
Thex_445,cluster,Siletti_WB,human,#A7AF59,Not assessed
Thex_446,cluster,Siletti_WB,human,#F59667,Not assessed
Thex_447,cluster,Siletti_WB,human,#D0AA80,Not assessed
Thex_448,cluster,Siletti_WB,human,#9ABE74,Not assessed
Thex_449,cluster,Siletti_WB,human,#C9AA66,Not assessed
Thex_450,cluster,Siletti_WB,human,#A8A2B0,Not assessed
Thex_451,cluster,Siletti_WB,human,#F2AD85,Not assessed
Thex_452,cluster,Siletti_WB,human,#EBA3A5,Not assessed
Thex_453,cluster,Siletti_WB,human,#C37B71,Not assessed
Thex_454,cluster,Siletti_WB,human,#B9C56D,Not assessed
Thex_455,cluster,Siletti_WB,human,#E3A1A4,Not assessed
Thex_456,cluster,Siletti_WB,human,#EF9E5F,Not assessed
Thex_457,cluster,Siletti_WB,human,#D69C8B,Not assessed
Thex_458,cluster,Siletti_WB,human,#F27D89,Not assessed
Thex_459,cluster,Siletti_WB,human,#DD7F83,Not assessed
Thex_460,cluster,Siletti_WB,human,#AE949B,Not assessed
ULIT_120,cluster,Siletti_WB,human,#C096C1,Not assessed
ULIT_121,cluster,Siletti_WB,human,#CEA3A0,Not assessed
ULIT_122,cluster,Siletti_WB,human,#D6C1B1,Not assessed
ULIT_123,cluster,Siletti_WB,human,#C0ABA8,Not assessed
ULIT_124,cluster,Siletti_WB,human,#F0A4E8,Not assessed
ULIT_125,cluster,Siletti_WB,human,#E3D196,Not assessed
ULIT_126,cluster,Siletti_WB,human,#D1AAD0,Not assessed
ULIT_127,cluster,Siletti_WB,human,#EABD8F,Not assessed
ULIT_128,cluster,Siletti_WB,human,#ECC1C1,Not assessed
ULIT_129,cluster,Siletti_WB,human,#D5ABE4,Not assessed
ULIT_130,cluster,Siletti_WB,human,#E8A3D2,Not assessed
ULIT_131,cluster,Siletti_WB,human,#F3A989,Not assessed
ULIT_133,cluster,Siletti_WB,human,#E88AAF,Not assessed
ULIT_134,cluster,Siletti_WB,human,#F69D94,Not assessed
ULIT_135,cluster,Siletti_WB,human,#F3BBEB,Not assessed
ULIT_138,cluster,Siletti_WB,human,#F5DC97,Not assessed
URL_297,cluster,Siletti_WB,human,#909FF6,Not assessed
URL_308,cluster,Siletti_WB,human,#A5B0D9,Not assessed
URL_309,cluster,Siletti_WB,human,#8A9AF6,Not assessed
URL_310,cluster,Siletti_WB,human,#6DACF2,Not assessed
URL_311,cluster,Siletti_WB,human,#89C9CE,Not assessed
URL_312,cluster,Siletti_WB,human,#97B8C8,Not assessed
VendAC_14,cluster,Siletti_WB,human,#C41C1A,Not assessed
VendA_18,cluster,Siletti_WB,human,#C22E06,Not assessed
VendC_15,cluster,Siletti_WB,human,#C83121,Not assessed
VendPLVAP_13,cluster,Siletti_WB,human,#D34D1F,Not assessed
VendVC_16,cluster,Siletti_WB,human,#D63814,Not assessed
VendV_17,cluster,Siletti_WB,human,#CE5412,Not assessed
Vsmc_19,cluster,Siletti_WB,human,#CB432C,Not assessed
Vsmc_20,cluster,Siletti_WB,human,#FC0913,Not assessed
human:HY-EA-Glut-GABA:1,cluster,cross_species_WB,human,#69EB87,Not assessed
human:HY-EA-Glut-GABA:10,cluster,cross_species_WB,human,#451808,Not assessed
human:HY-EA-Glut-GABA:100,cluster,cross_species_WB,human,#614C92,Not assessed
human:HY-EA-Glut-GABA:101,cluster,cross_species_WB,human,#161737,Not assessed
human:HY-EA-Glut-GABA:102,cluster,cross_species_WB,human,#604B91,Not assessed
human:HY-EA-Glut-GABA:103,cluster,cross_species_WB,human,#161838,Not assessed
human:HY-EA-Glut-GABA:104,cluster,cross_species_WB,human,#5E4A90,Not assessed
human:HY-EA-Glut-GABA:105,cluster,cross_species_WB,human,#17183A,Not assessed
human:HY-EA-Glut-GABA:106,cluster,cross_species_WB,human,#5D498F,Not assessed
human:HY-EA-Glut-GABA:107,cluster,cross_species_WB,human,#000B95,Not assessed
human:HY-EA-Glut-GABA:108,cluster,cross_species_WB,human,#17193B,Not assessed
human:HY-EA-Glut-GABA:109,cluster,cross_species_WB,human,#2A4C00,Not assessed
human:HY-EA-Glut-GABA:11,cluster,cross_species_WB,human,#9D6C1D,Not assessed
human:HY-EA-Glut-GABA:110,cluster,cross_species_WB,human,#FF753A,Not assessed
human:HY-EA-Glut-GABA:111,cluster,cross_species_WB,human,#369002,Not assessed
human:HY-EA-Glut-GABA:112,cluster,cross_species_WB,human,#294C00,Not assessed
human:HY-EA-Glut-GABA:113,cluster,cross_species_WB,human,#358702,Not assessed
human:HY-EA-Glut-GABA:114,cluster,cross_species_WB,human,#5C488D,Not assessed
human:HY-EA-Glut-GABA:115,cluster,cross_species_WB,human,#18193D,Not assessed
human:HY-EA-Glut-GABA:116,cluster,cross_species_WB,human,#5A478C,Not assessed
human:HY-EA-Glut-GABA:117,cluster,cross_species_WB,human,#191A3E,Not assessed
human:HY-EA-Glut-GABA:118,cluster,cross_species_WB,human,#59468B,Not assessed
human:HY-EA-Glut-GABA:119,cluster,cross_species_WB,human,#1A1A40,Not assessed
human:HY-EA-Glut-GABA:12,cluster,cross_species_WB,human,#A02114,Not assessed
human:HY-EA-Glut-GABA:120,cluster,cross_species_WB,human,#CD5C04,Not assessed
human:HY-EA-Glut-GABA:121,cluster,cross_species_WB,human,#FDE0AD,Not assessed
human:HY-EA-Glut-GABA:122,cluster,cross_species_WB,human,#640C00,Not assessed
human:HY-EA-Glut-GABA:123,cluster,cross_species_WB,human,#CA5904,Not assessed
human:HY-EA-Glut-GABA:124,cluster,cross_species_WB,human,#FF793E,Not assessed
human:HY-EA-Glut-GABA:125,cluster,cross_species_WB,human,#6D6400,Not assessed
human:HY-EA-Glut-GABA:126,cluster,cross_species_WB,human,#ABC403,Not assessed
human:HY-EA-Glut-GABA:127,cluster,cross_species_WB,human,#1DFF84,Not assessed
human:HY-EA-Glut-GABA:128,cluster,cross_species_WB,human,#47421E,Not assessed
human:HY-EA-Glut-GABA:129,cluster,cross_species_WB,human,#FC5281,Not assessed
human:HY-EA-Glut-GABA:13,cluster,cross_species_WB,human,#DD8445,Not assessed
human:HY-EA-Glut-GABA:130,cluster,cross_species_WB,human,#FF0276,Not assessed
human:HY-EA-Glut-GABA:131,cluster,cross_species_WB,human,#7C8340,Not assessed
human:HY-EA-Glut-GABA:132,cluster,cross_species_WB,human,#4B461F,Not assessed
human:HY-EA-Glut-GABA:133,cluster,cross_species_WB,human,#180944,Not assessed
human:HY-EA-Glut-GABA:134,cluster,cross_species_WB,human,#3D004C,Not assessed
human:HY-EA-Glut-GABA:135,cluster,cross_species_WB,human,#84037A,Not assessed
human:HY-EA-Glut-GABA:136,cluster,cross_species_WB,human,#3E004C,Not assessed
human:HY-EA-Glut-GABA:137,cluster,cross_species_WB,human,#810278,Not assessed
human:HY-EA-Glut-GABA:138,cluster,cross_species_WB,human,#107952,Not assessed
human:HY-EA-Glut-GABA:139,cluster,cross_species_WB,human,#FF49C6,Not assessed
human:HY-EA-Glut-GABA:14,cluster,cross_species_WB,human,#A32415,Not assessed
human:HY-EA-Glut-GABA:140,cluster,cross_species_WB,human,#8D186F,Not assessed
human:HY-EA-Glut-GABA:141,cluster,cross_species_WB,human,#440942,Not assessed
human:HY-EA-Glut-GABA:142,cluster,cross_species_WB,human,#89176D,Not assessed
human:HY-EA-Glut-GABA:143,cluster,cross_species_WB,human,#79009E,Not assessed
human:HY-EA-Glut-GABA:144,cluster,cross_species_WB,human,#460943,Not assessed
human:HY-EA-Glut-GABA:145,cluster,cross_species_WB,human,#EF04F6,Not assessed
human:HY-EA-Glut-GABA:146,cluster,cross_species_WB,human,#8000A5,Not assessed
human:HY-EA-Glut-GABA:147,cluster,cross_species_WB,human,#E603F0,Not assessed
human:HY-EA-Glut-GABA:148,cluster,cross_species_WB,human,#8800AB,Not assessed
human:HY-EA-Glut-GABA:149,cluster,cross_species_WB,human,#DD03EA,Not assessed
human:HY-EA-Glut-GABA:15,cluster,cross_species_WB,human,#221076,Not assessed
human:HY-EA-Glut-GABA:150,cluster,cross_species_WB,human,#DD8041,Not assessed
human:HY-EA-Glut-GABA:151,cluster,cross_species_WB,human,#A62615,Not assessed
human:HY-EA-Glut-GABA:152,cluster,cross_species_WB,human,#009C3E,Not assessed
human:HY-EA-Glut-GABA:153,cluster,cross_species_WB,human,#04F8A0,Not assessed
human:HY-EA-Glut-GABA:154,cluster,cross_species_WB,human,#00A142,Not assessed
human:HY-EA-Glut-GABA:155,cluster,cross_species_WB,human,#04F39A,Not assessed
human:HY-EA-Glut-GABA:156,cluster,cross_species_WB,human,#00A646,Not assessed
human:HY-EA-Glut-GABA:157,cluster,cross_species_WB,human,#03EF94,Not assessed
human:HY-EA-Glut-GABA:158,cluster,cross_species_WB,human,#225038,Not assessed
human:HY-EA-Glut-GABA:159,cluster,cross_species_WB,human,#3B7B64,Not assessed
human:HY-EA-Glut-GABA:16,cluster,cross_species_WB,human,#5520BB,Not assessed
human:HY-EA-Glut-GABA:160,cluster,cross_species_WB,human,#DD7D3E,Not assessed
human:HY-EA-Glut-GABA:161,cluster,cross_species_WB,human,#A82816,Not assessed
human:HY-EA-Glut-GABA:162,cluster,cross_species_WB,human,#24543C,Not assessed
human:HY-EA-Glut-GABA:163,cluster,cross_species_WB,human,#B12A6E,Not assessed
human:HY-EA-Glut-GABA:164,cluster,cross_species_WB,human,#DD793B,Not assessed
human:HY-EA-Glut-GABA:165,cluster,cross_species_WB,human,#FDDEAA,Not assessed
human:HY-EA-Glut-GABA:166,cluster,cross_species_WB,human,#FF7D41,Not assessed
human:HY-EA-Glut-GABA:167,cluster,cross_species_WB,human,#FDDCA7,Not assessed
human:HY-EA-Glut-GABA:168,cluster,cross_species_WB,human,#2CB580,Not assessed
human:HY-EA-Glut-GABA:169,cluster,cross_species_WB,human,#FEFF5C,Not assessed
human:HY-EA-Glut-GABA:17,cluster,cross_species_WB,human,#281280,Not assessed
human:HY-EA-Glut-GABA:170,cluster,cross_species_WB,human,#E4FDB4,Not assessed
human:HY-EA-Glut-GABA:171,cluster,cross_species_WB,human,#FDFF5F,Not assessed
human:HY-EA-Glut-GABA:172,cluster,cross_species_WB,human,#E4FDB4,Not assessed
human:HY-EA-Glut-GABA:173,cluster,cross_species_WB,human,#FCFF62,Not assessed
human:HY-EA-Glut-GABA:174,cluster,cross_species_WB,human,#E5FDB4,Not assessed
human:HY-EA-Glut-GABA:175,cluster,cross_species_WB,human,#3A2A4B,Not assessed
human:HY-EA-Glut-GABA:176,cluster,cross_species_WB,human,#71527F,Not assessed
human:HY-EA-Glut-GABA:177,cluster,cross_species_WB,human,#3E2D4F,Not assessed
human:HY-EA-Glut-GABA:178,cluster,cross_species_WB,human,#7FEC9E,Not assessed
human:HY-EA-Glut-GABA:179,cluster,cross_species_WB,human,#3F004C,Not assessed
human:HY-EA-Glut-GABA:18,cluster,cross_species_WB,human,#D60667,Not assessed
human:HY-EA-Glut-GABA:180,cluster,cross_species_WB,human,#FF8144,Not assessed
human:HY-EA-Glut-GABA:181,cluster,cross_species_WB,human,#7D0276,Not assessed
human:HY-EA-Glut-GABA:182,cluster,cross_species_WB,human,#FDDAA4,Not assessed
human:HY-EA-Glut-GABA:183,cluster,cross_species_WB,human,#40004C,Not assessed
human:HY-EA-Glut-GABA:184,cluster,cross_species_WB,human,#680D00,Not assessed
human:HY-EA-Glut-GABA:185,cluster,cross_species_WB,human,#790273,Not assessed
human:HY-EA-Glut-GABA:186,cluster,cross_species_WB,human,#40004C,Not assessed
human:HY-EA-Glut-GABA:187,cluster,cross_species_WB,human,#750271,Not assessed
human:HY-EA-Glut-GABA:188,cluster,cross_species_WB,human,#00BDCF,Not assessed
human:HY-EA-Glut-GABA:189,cluster,cross_species_WB,human,#81D4C8,Not assessed
human:HY-EA-Glut-GABA:19,cluster,cross_species_WB,human,#590049,Not assessed
human:HY-EA-Glut-GABA:190,cluster,cross_species_WB,human,#34BBFB,Not assessed
human:HY-EA-Glut-GABA:191,cluster,cross_species_WB,human,#3CC69A,Not assessed
human:HY-EA-Glut-GABA:192,cluster,cross_species_WB,human,#00BFD4,Not assessed
human:HY-EA-Glut-GABA:193,cluster,cross_species_WB,human,#300944,Not assessed
human:HY-EA-Glut-GABA:194,cluster,cross_species_WB,human,#762BB4,Not assessed
human:HY-EA-Glut-GABA:195,cluster,cross_species_WB,human,#B161D2,Not assessed
human:HY-EA-Glut-GABA:196,cluster,cross_species_WB,human,#812FBE,Not assessed
human:HY-EA-Glut-GABA:197,cluster,cross_species_WB,human,#58458A,Not assessed
human:HY-EA-Glut-GABA:198,cluster,cross_species_WB,human,#451A08,Not assessed
human:HY-EA-Glut-GABA:199,cluster,cross_species_WB,human,#85166B,Not assessed
human:HY-EA-Glut-GABA:2,cluster,cross_species_WB,human,#38C394,Not assessed
human:HY-EA-Glut-GABA:20,cluster,cross_species_WB,human,#D40667,Not assessed
human:HY-EA-Glut-GABA:200,cluster,cross_species_WB,human,#4A0A47,Not assessed
human:HY-EA-Glut-GABA:201,cluster,cross_species_WB,human,#D00568,Not assessed
human:HY-EA-Glut-GABA:202,cluster,cross_species_WB,human,#4FBAC2,Not assessed
human:HY-EA-Glut-GABA:203,cluster,cross_species_WB,human,#4900B1,Not assessed
human:HY-EA-Glut-GABA:204,cluster,cross_species_WB,human,#A3C5D8,Not assessed
human:HY-EA-Glut-GABA:205,cluster,cross_species_WB,human,#207535,Not assessed
human:HY-EA-Glut-GABA:206,cluster,cross_species_WB,human,#6B357F,Not assessed
human:HY-EA-Glut-GABA:207,cluster,cross_species_WB,human,#A659AF,Not assessed
human:HY-EA-Glut-GABA:208,cluster,cross_species_WB,human,#FFEF28,Not assessed
human:HY-EA-Glut-GABA:209,cluster,cross_species_WB,human,#EEFD74,Not assessed
human:HY-EA-Glut-GABA:21,cluster,cross_species_WB,human,#5B004A,Not assessed
human:HY-EA-Glut-GABA:210,cluster,cross_species_WB,human,#98671B,Not assessed
human:HY-EA-Glut-GABA:211,cluster,cross_species_WB,human,#451A08,Not assessed
human:HY-EA-Glut-GABA:212,cluster,cross_species_WB,human,#96651B,Not assessed
human:HY-EA-Glut-GABA:213,cluster,cross_species_WB,human,#4EFFF9,Not assessed
human:HY-EA-Glut-GABA:214,cluster,cross_species_WB,human,#9AF0FE,Not assessed
human:HY-EA-Glut-GABA:215,cluster,cross_species_WB,human,#55FFFC,Not assessed
human:HY-EA-Glut-GABA:216,cluster,cross_species_WB,human,#92F1FE,Not assessed
human:HY-EA-Glut-GABA:217,cluster,cross_species_WB,human,#5DFFFF,Not assessed
human:HY-EA-Glut-GABA:218,cluster,cross_species_WB,human,#8AF3FE,Not assessed
human:HY-EA-Glut-GABA:219,cluster,cross_species_WB,human,#242F42,Not assessed
human:HY-EA-Glut-GABA:22,cluster,cross_species_WB,human,#D20567,Not assessed
human:HY-EA-Glut-GABA:220,cluster,cross_species_WB,human,#65FF1E,Not assessed
human:HY-EA-Glut-GABA:221,cluster,cross_species_WB,human,#8AFD7E,Not assessed
human:HY-EA-Glut-GABA:222,cluster,cross_species_WB,human,#6A3B00,Not assessed
human:HY-EA-Glut-GABA:223,cluster,cross_species_WB,human,#441A08,Not assessed
human:HY-EA-Glut-GABA:224,cluster,cross_species_WB,human,#94631A,Not assessed
human:HY-EA-Glut-GABA:225,cluster,cross_species_WB,human,#69FBDD,Not assessed
human:HY-EA-Glut-GABA:226,cluster,cross_species_WB,human,#00E96A,Not assessed
human:HY-EA-Glut-GABA:227,cluster,cross_species_WB,human,#66FBDC,Not assessed
human:HY-EA-Glut-GABA:228,cluster,cross_species_WB,human,#00EB6D,Not assessed
human:HY-EA-Glut-GABA:229,cluster,cross_species_WB,human,#63FBDA,Not assessed
human:HY-EA-Glut-GABA:23,cluster,cross_species_WB,human,#A1F0FE,Not assessed
human:HY-EA-Glut-GABA:230,cluster,cross_species_WB,human,#FBFF64,Not assessed
human:HY-EA-Glut-GABA:231,cluster,cross_species_WB,human,#00EE70,Not assessed
human:HY-EA-Glut-GABA:232,cluster,cross_species_WB,human,#811569,Not assessed
human:HY-EA-Glut-GABA:233,cluster,cross_species_WB,human,#4E0B4A,Not assessed
human:HY-EA-Glut-GABA:234,cluster,cross_species_WB,human,#7D1467,Not assessed
human:HY-EA-Glut-GABA:235,cluster,cross_species_WB,human,#530B4D,Not assessed
human:HY-EA-Glut-GABA:236,cluster,cross_species_WB,human,#791365,Not assessed
human:HY-EA-Glut-GABA:237,cluster,cross_species_WB,human,#99FF1C,Not assessed
human:HY-EA-Glut-GABA:238,cluster,cross_species_WB,human,#A6FD81,Not assessed
human:HY-EA-Glut-GABA:239,cluster,cross_species_WB,human,#6000FF,Not assessed
human:HY-EA-Glut-GABA:24,cluster,cross_species_WB,human,#B6F2CE,Not assessed
human:HY-EA-Glut-GABA:240,cluster,cross_species_WB,human,#4409FA,Not assessed
human:HY-EA-Glut-GABA:241,cluster,cross_species_WB,human,#000A98,Not assessed
human:HY-EA-Glut-GABA:242,cluster,cross_species_WB,human,#3E06FA,Not assessed
human:HY-EA-Glut-GABA:243,cluster,cross_species_WB,human,#00099C,Not assessed
human:HY-EA-Glut-GABA:244,cluster,cross_species_WB,human,#3B05F8,Not assessed
human:HY-EA-Glut-GABA:245,cluster,cross_species_WB,human,#00079F,Not assessed
human:HY-EA-Glut-GABA:246,cluster,cross_species_WB,human,#3704F5,Not assessed
human:HY-EA-Glut-GABA:247,cluster,cross_species_WB,human,#0006A3,Not assessed
human:HY-EA-Glut-GABA:248,cluster,cross_species_WB,human,#3404F1,Not assessed
human:HY-EA-Glut-GABA:249,cluster,cross_species_WB,human,#595A87,Not assessed
human:HY-EA-Glut-GABA:25,cluster,cross_species_WB,human,#4BC7B8,Not assessed
human:HY-EA-Glut-GABA:250,cluster,cross_species_WB,human,#253044,Not assessed
human:HY-EA-Glut-GABA:251,cluster,cross_species_WB,human,#585985,Not assessed
human:HY-EA-Glut-GABA:252,cluster,cross_species_WB,human,#263146,Not assessed
human:HY-EA-Glut-GABA:253,cluster,cross_species_WB,human,#A51586,Not assessed
human:HY-EA-Glut-GABA:254,cluster,cross_species_WB,human,#DD3E95,Not assessed
human:HY-EA-Glut-GABA:255,cluster,cross_species_WB,human,#FF1B71,Not assessed
human:HY-EA-Glut-GABA:256,cluster,cross_species_WB,human,#FD6F8F,Not assessed
human:HY-EA-Glut-GABA:257,cluster,cross_species_WB,human,#A91688,Not assessed
human:HY-EA-Glut-GABA:258,cluster,cross_species_WB,human,#FA445C,Not assessed
human:HY-EA-Glut-GABA:259,cluster,cross_species_WB,human,#C2005E,Not assessed
human:HY-EA-Glut-GABA:26,cluster,cross_species_WB,human,#451908,Not assessed
human:HY-EA-Glut-GABA:260,cluster,cross_species_WB,human,#FA415B,Not assessed
human:HY-EA-Glut-GABA:261,cluster,cross_species_WB,human,#C5005E,Not assessed
human:HY-EA-Glut-GABA:262,cluster,cross_species_WB,human,#FB3E5A,Not assessed
human:HY-EA-Glut-GABA:263,cluster,cross_species_WB,human,#C8005D,Not assessed
human:HY-EA-Glut-GABA:264,cluster,cross_species_WB,human,#3EBB7E,Not assessed
human:HY-EA-Glut-GABA:265,cluster,cross_species_WB,human,#217938,Not assessed
human:HY-EA-Glut-GABA:266,cluster,cross_species_WB,human,#3DB87A,Not assessed
human:HY-EA-Glut-GABA:267,cluster,cross_species_WB,human,#227C3B,Not assessed
human:HY-EA-Glut-GABA:268,cluster,cross_species_WB,human,#3BB577,Not assessed
human:HY-EA-Glut-GABA:269,cluster,cross_species_WB,human,#237F3E,Not assessed
human:HY-EA-Glut-GABA:27,cluster,cross_species_WB,human,#9B6A1C,Not assessed
human:HY-EA-Glut-GABA:270,cluster,cross_species_WB,human,#3AB273,Not assessed
human:HY-EA-Glut-GABA:271,cluster,cross_species_WB,human,#C75604,Not assessed
human:HY-EA-Glut-GABA:272,cluster,cross_species_WB,human,#6B0F00,Not assessed
human:HY-EA-Glut-GABA:273,cluster,cross_species_WB,human,#C45203,Not assessed
human:HY-EA-Glut-GABA:274,cluster,cross_species_WB,human,#D26585,Not assessed
human:HY-EA-Glut-GABA:275,cluster,cross_species_WB,human,#52DDC8,Not assessed
human:HY-EA-Glut-GABA:276,cluster,cross_species_WB,human,#B52C6F,Not assessed
human:HY-EA-Glut-GABA:277,cluster,cross_species_WB,human,#4C178B,Not assessed
human:HY-EA-Glut-GABA:278,cluster,cross_species_WB,human,#D16082,Not assessed
human:HY-EA-Glut-GABA:279,cluster,cross_species_WB,human,#441B08,Not assessed
human:HY-EA-Glut-GABA:28,cluster,cross_species_WB,human,#451908,Not assessed
human:HY-EA-Glut-GABA:280,cluster,cross_species_WB,human,#92611A,Not assessed
human:HY-EA-Glut-GABA:281,cluster,cross_species_WB,human,#441B08,Not assessed
human:HY-EA-Glut-GABA:282,cluster,cross_species_WB,human,#905F19,Not assessed
human:HY-EA-Glut-GABA:283,cluster,cross_species_WB,human,#441B08,Not assessed
human:HY-EA-Glut-GABA:284,cluster,cross_species_WB,human,#8F5D19,Not assessed
human:HY-EA-Glut-GABA:285,cluster,cross_species_WB,human,#441C08,Not assessed
human:HY-EA-Glut-GABA:286,cluster,cross_species_WB,human,#8D5B18,Not assessed
human:HY-EA-Glut-GABA:287,cluster,cross_species_WB,human,#441C08,Not assessed
human:HY-EA-Glut-GABA:288,cluster,cross_species_WB,human,#8B5918,Not assessed
human:HY-EA-Glut-GABA:289,cluster,cross_species_WB,human,#441D08,Not assessed
human:HY-EA-Glut-GABA:29,cluster,cross_species_WB,human,#D4FF0E,Not assessed
human:HY-EA-Glut-GABA:290,cluster,cross_species_WB,human,#895717,Not assessed
human:HY-EA-Glut-GABA:291,cluster,cross_species_WB,human,#441D09,Not assessed
human:HY-EA-Glut-GABA:292,cluster,cross_species_WB,human,#885517,Not assessed
human:HY-EA-Glut-GABA:293,cluster,cross_species_WB,human,#451E09,Not assessed
human:HY-EA-Glut-GABA:294,cluster,cross_species_WB,human,#AB2B17,Not assessed
human:HY-EA-Glut-GABA:295,cluster,cross_species_WB,human,#865417,Not assessed
human:HY-EA-Glut-GABA:296,cluster,cross_species_WB,human,#DD7538,Not assessed
human:HY-EA-Glut-GABA:297,cluster,cross_species_WB,human,#471F09,Not assessed
human:HY-EA-Glut-GABA:298,cluster,cross_species_WB,human,#845216,Not assessed
human:HY-EA-Glut-GABA:299,cluster,cross_species_WB,human,#AE2D17,Not assessed
human:HY-EA-Glut-GABA:3,cluster,cross_species_WB,human,#451808,Not assessed
human:HY-EA-Glut-GABA:30,cluster,cross_species_WB,human,#99681C,Not assessed
human:HY-EA-Glut-GABA:300,cluster,cross_species_WB,human,#DC7235,Not assessed
human:HY-EA-Glut-GABA:301,cluster,cross_species_WB,human,#B13018,Not assessed
human:HY-EA-Glut-GABA:302,cluster,cross_species_WB,human,#DC6E31,Not assessed
human:HY-EA-Glut-GABA:303,cluster,cross_species_WB,human,#B33219,Not assessed
human:HY-EA-Glut-GABA:304,cluster,cross_species_WB,human,#DC6A2E,Not assessed
human:HY-EA-Glut-GABA:305,cluster,cross_species_WB,human,#B63519,Not assessed
human:HY-EA-Glut-GABA:306,cluster,cross_species_WB,human,#DC662B,Not assessed
human:HY-EA-Glut-GABA:307,cluster,cross_species_WB,human,#60004D,Not assessed
human:HY-EA-Glut-GABA:308,cluster,cross_species_WB,human,#B9371A,Not assessed
human:HY-EA-Glut-GABA:309,cluster,cross_species_WB,human,#4D1DB1,Not assessed
human:HY-EA-Glut-GABA:31,cluster,cross_species_WB,human,#134425,Not assessed
human:HY-EA-Glut-GABA:310,cluster,cross_species_WB,human,#2E148A,Not assessed
human:HY-EA-Glut-GABA:311,cluster,cross_species_WB,human,#451BA8,Not assessed
human:HY-EA-Glut-GABA:312,cluster,cross_species_WB,human,#351694,Not assessed
human:HY-EA-Glut-GABA:313,cluster,cross_species_WB,human,#CD0568,Not assessed
human:HY-EA-Glut-GABA:314,cluster,cross_species_WB,human,#62004E,Not assessed
human:HY-EA-Glut-GABA:315,cluster,cross_species_WB,human,#CB0568,Not assessed
human:HY-EA-Glut-GABA:316,cluster,cross_species_WB,human,#65004F,Not assessed
human:HY-EA-Glut-GABA:317,cluster,cross_species_WB,human,#C90468,Not assessed
human:HY-EA-Glut-GABA:318,cluster,cross_species_WB,human,#670051,Not assessed
human:HY-EA-Glut-GABA:319,cluster,cross_species_WB,human,#C70468,Not assessed
human:HY-EA-Glut-GABA:32,cluster,cross_species_WB,human,#2D8762,Not assessed
human:HY-EA-Glut-GABA:320,cluster,cross_species_WB,human,#6A0052,Not assessed
human:HY-EA-Glut-GABA:321,cluster,cross_species_WB,human,#A97984,Not assessed
human:HY-EA-Glut-GABA:322,cluster,cross_species_WB,human,#C50468,Not assessed
human:HY-EA-Glut-GABA:323,cluster,cross_species_WB,human,#6C0053,Not assessed
human:HY-EA-Glut-GABA:324,cluster,cross_species_WB,human,#C20468,Not assessed
human:HY-EA-Glut-GABA:325,cluster,cross_species_WB,human,#854C63,Not assessed
human:HY-EA-Glut-GABA:326,cluster,cross_species_WB,human,#03CBFF,Not assessed
human:HY-EA-Glut-GABA:327,cluster,cross_species_WB,human,#6E0054,Not assessed
human:HY-EA-Glut-GABA:328,cluster,cross_species_WB,human,#C00368,Not assessed
human:HY-EA-Glut-GABA:329,cluster,cross_species_WB,human,#C3FA6F,Not assessed
human:HY-EA-Glut-GABA:33,cluster,cross_species_WB,human,#144828,Not assessed
human:HY-EA-Glut-GABA:330,cluster,cross_species_WB,human,#710055,Not assessed
human:HY-EA-Glut-GABA:331,cluster,cross_species_WB,human,#D2FF14,Not assessed
human:HY-EA-Glut-GABA:332,cluster,cross_species_WB,human,#BE0368,Not assessed
human:HY-EA-Glut-GABA:333,cluster,cross_species_WB,human,#730056,Not assessed
human:HY-EA-Glut-GABA:334,cluster,cross_species_WB,human,#BC0368,Not assessed
human:HY-EA-Glut-GABA:335,cluster,cross_species_WB,human,#A67380,Not assessed
human:HY-EA-Glut-GABA:336,cluster,cross_species_WB,human,#760057,Not assessed
human:HY-EA-Glut-GABA:337,cluster,cross_species_WB,human,#BA0368,Not assessed
human:HY-EA-Glut-GABA:338,cluster,cross_species_WB,human,#780058,Not assessed
human:HY-EA-Glut-GABA:339,cluster,cross_species_WB,human,#B70268,Not assessed
human:HY-EA-Glut-GABA:34,cluster,cross_species_WB,human,#2B825D,Not assessed
human:HY-EA-Glut-GABA:340,cluster,cross_species_WB,human,#7B0059,Not assessed
human:HY-EA-Glut-GABA:341,cluster,cross_species_WB,human,#B50267,Not assessed
human:HY-EA-Glut-GABA:342,cluster,cross_species_WB,human,#8A4F66,Not assessed
human:HY-EA-Glut-GABA:343,cluster,cross_species_WB,human,#76B4F3,Not assessed
human:HY-EA-Glut-GABA:344,cluster,cross_species_WB,human,#A46D7C,Not assessed
human:HY-EA-Glut-GABA:345,cluster,cross_species_WB,human,#A0F0BD,Not assessed
human:HY-EA-Glut-GABA:346,cluster,cross_species_WB,human,#96D1D8,Not assessed
human:HY-EA-Glut-GABA:347,cluster,cross_species_WB,human,#53C8BD,Not assessed
human:HY-EA-Glut-GABA:348,cluster,cross_species_WB,human,#8AEDA9,Not assessed
human:HY-EA-Glut-GABA:349,cluster,cross_species_WB,human,#92D0D7,Not assessed
human:HY-EA-Glut-GABA:35,cluster,cross_species_WB,human,#164D2C,Not assessed
human:HY-EA-Glut-GABA:350,cluster,cross_species_WB,human,#58C9C0,Not assessed
human:HY-EA-Glut-GABA:351,cluster,cross_species_WB,human,#492009,Not assessed
human:HY-EA-Glut-GABA:352,cluster,cross_species_WB,human,#825016,Not assessed
human:HY-EA-Glut-GABA:353,cluster,cross_species_WB,human,#C3FA69,Not assessed
human:HY-EA-Glut-GABA:354,cluster,cross_species_WB,human,#CFFE1B,Not assessed
human:HY-EA-Glut-GABA:355,cluster,cross_species_WB,human,#C3FB62,Not assessed
human:HY-EA-Glut-GABA:356,cluster,cross_species_WB,human,#38AFF3,Not assessed
human:HY-EA-Glut-GABA:357,cluster,cross_species_WB,human,#70B2F3,Not assessed
human:HY-EA-Glut-GABA:358,cluster,cross_species_WB,human,#8ED0D6,Not assessed
human:HY-EA-Glut-GABA:359,cluster,cross_species_WB,human,#3EAFF3,Not assessed
human:HY-EA-Glut-GABA:36,cluster,cross_species_WB,human,#297E58,Not assessed
human:HY-EA-Glut-GABA:360,cluster,cross_species_WB,human,#FD4D7F,Not assessed
human:HY-EA-Glut-GABA:361,cluster,cross_species_WB,human,#69B1F3,Not assessed
human:HY-EA-Glut-GABA:362,cluster,cross_species_WB,human,#FF0776,Not assessed
human:HY-EA-Glut-GABA:363,cluster,cross_species_WB,human,#C69B39,Not assessed
human:HY-EA-Glut-GABA:364,cluster,cross_species_WB,human,#D3CB7E,Not assessed
human:HY-EA-Glut-GABA:365,cluster,cross_species_WB,human,#FD477D,Not assessed
human:HY-EA-Glut-GABA:366,cluster,cross_species_WB,human,#FF0D76,Not assessed
human:HY-EA-Glut-GABA:367,cluster,cross_species_WB,human,#FD417C,Not assessed
human:HY-EA-Glut-GABA:368,cluster,cross_species_WB,human,#FF1276,Not assessed
human:HY-EA-Glut-GABA:369,cluster,cross_species_WB,human,#5942FF,Not assessed
human:HY-EA-Glut-GABA:37,cluster,cross_species_WB,human,#175230,Not assessed
human:HY-EA-Glut-GABA:370,cluster,cross_species_WB,human,#44AFF3,Not assessed
human:HY-EA-Glut-GABA:371,cluster,cross_species_WB,human,#FE3B7A,Not assessed
human:HY-EA-Glut-GABA:372,cluster,cross_species_WB,human,#5CCAC2,Not assessed
human:HY-EA-Glut-GABA:373,cluster,cross_species_WB,human,#8ACFD5,Not assessed
human:HY-EA-Glut-GABA:374,cluster,cross_species_WB,human,#FF1876,Not assessed
human:HY-EA-Glut-GABA:375,cluster,cross_species_WB,human,#A65CC5,Not assessed
human:HY-EA-Glut-GABA:376,cluster,cross_species_WB,human,#3A477A,Not assessed
human:HY-EA-Glut-GABA:377,cluster,cross_species_WB,human,#253555,Not assessed
human:HY-EA-Glut-GABA:378,cluster,cross_species_WB,human,#384576,Not assessed
human:HY-EA-Glut-GABA:379,cluster,cross_species_WB,human,#C79F3D,Not assessed
human:HY-EA-Glut-GABA:38,cluster,cross_species_WB,human,#C09336,Not assessed
human:HY-EA-Glut-GABA:380,cluster,cross_species_WB,human,#CD97D4,Not assessed
human:HY-EA-Glut-GABA:381,cluster,cross_species_WB,human,#D2C97A,Not assessed
human:HY-EA-Glut-GABA:382,cluster,cross_species_WB,human,#38775F,Not assessed
human:HY-EA-Glut-GABA:383,cluster,cross_species_WB,human,#00AB4B,Not assessed
human:HY-EA-Glut-GABA:384,cluster,cross_species_WB,human,#C7A241,Not assessed
human:HY-EA-Glut-GABA:385,cluster,cross_species_WB,human,#4F8981,Not assessed
human:HY-EA-Glut-GABA:386,cluster,cross_species_WB,human,#1A1B41,Not assessed
human:HY-EA-Glut-GABA:387,cluster,cross_species_WB,human,#26583F,Not assessed
human:HY-EA-Glut-GABA:388,cluster,cross_species_WB,human,#6EA4A4,Not assessed
human:HY-EA-Glut-GABA:389,cluster,cross_species_WB,human,#518C85,Not assessed
human:HY-EA-Glut-GABA:39,cluster,cross_species_WB,human,#D5D085,Not assessed
human:HY-EA-Glut-GABA:390,cluster,cross_species_WB,human,#6AA2A2,Not assessed
human:HY-EA-Glut-GABA:391,cluster,cross_species_WB,human,#D1C776,Not assessed
human:HY-EA-Glut-GABA:392,cluster,cross_species_WB,human,#36745B,Not assessed
human:HY-EA-Glut-GABA:393,cluster,cross_species_WB,human,#548F89,Not assessed
human:HY-EA-Glut-GABA:394,cluster,cross_species_WB,human,#0397F1,Not assessed
human:HY-EA-Glut-GABA:395,cluster,cross_species_WB,human,#03EA8E,Not assessed
human:HY-EA-Glut-GABA:396,cluster,cross_species_WB,human,#00B04F,Not assessed
human:HY-EA-Glut-GABA:397,cluster,cross_species_WB,human,#FFF22D,Not assessed
human:HY-EA-Glut-GABA:398,cluster,cross_species_WB,human,#02E688,Not assessed
human:HY-EA-Glut-GABA:399,cluster,cross_species_WB,human,#F0FD6F,Not assessed
human:HY-EA-Glut-GABA:4,cluster,cross_species_WB,human,#9E6E1D,Not assessed
human:HY-EA-Glut-GABA:40,cluster,cross_species_WB,human,#F60078,Not assessed
human:HY-EA-Glut-GABA:400,cluster,cross_species_WB,human,#FFF532,Not assessed
human:HY-EA-Glut-GABA:401,cluster,cross_species_WB,human,#7C02E4,Not assessed
human:HY-EA-Glut-GABA:402,cluster,cross_species_WB,human,#8E5369,Not assessed
human:HY-EA-Glut-GABA:403,cluster,cross_species_WB,human,#4D00B7,Not assessed
human:HY-EA-Glut-GABA:404,cluster,cross_species_WB,human,#7702E0,Not assessed
human:HY-EA-Glut-GABA:405,cluster,cross_species_WB,human,#F1FE69,Not assessed
human:HY-EA-Glut-GABA:406,cluster,cross_species_WB,human,#5200BC,Not assessed
human:HY-EA-Glut-GABA:407,cluster,cross_species_WB,human,#4BBEFD,Not assessed
human:HY-EA-Glut-GABA:408,cluster,cross_species_WB,human,#0CC8FF,Not assessed
human:HY-EA-Glut-GABA:409,cluster,cross_species_WB,human,#42BEFD,Not assessed
human:HY-EA-Glut-GABA:41,cluster,cross_species_WB,human,#C39738,Not assessed
human:HY-EA-Glut-GABA:410,cluster,cross_species_WB,human,#14C6FF,Not assessed
human:HY-EA-Glut-GABA:411,cluster,cross_species_WB,human,#39BFFE,Not assessed
human:HY-EA-Glut-GABA:412,cluster,cross_species_WB,human,#FB3C59,Not assessed
human:HY-EA-Glut-GABA:413,cluster,cross_species_WB,human,#564488,Not assessed
human:HY-EA-Glut-GABA:414,cluster,cross_species_WB,human,#1B1B42,Not assessed
human:HY-EA-Glut-GABA:415,cluster,cross_species_WB,human,#554387,Not assessed
human:HY-EA-Glut-GABA:416,cluster,cross_species_WB,human,#CA005D,Not assessed
human:HY-EA-Glut-GABA:417,cluster,cross_species_WB,human,#FF8547,Not assessed
human:HY-EA-Glut-GABA:418,cluster,cross_species_WB,human,#1C1C44,Not assessed
human:HY-EA-Glut-GABA:419,cluster,cross_species_WB,human,#FDD8A0,Not assessed
human:HY-EA-Glut-GABA:42,cluster,cross_species_WB,human,#FC5883,Not assessed
human:HY-EA-Glut-GABA:420,cluster,cross_species_WB,human,#FF894B,Not assessed
human:HY-EA-Glut-GABA:421,cluster,cross_species_WB,human,#FDD59D,Not assessed
human:HY-EA-Glut-GABA:422,cluster,cross_species_WB,human,#FF8D4E,Not assessed
human:HY-EA-Glut-GABA:423,cluster,cross_species_WB,human,#FED39A,Not assessed
human:HY-EA-Glut-GABA:424,cluster,cross_species_WB,human,#284C00,Not assessed
human:HY-EA-Glut-GABA:425,cluster,cross_species_WB,human,#544386,Not assessed
human:HY-EA-Glut-GABA:426,cluster,cross_species_WB,human,#1C1C45,Not assessed
human:HY-EA-Glut-GABA:427,cluster,cross_species_WB,human,#524285,Not assessed
human:HY-EA-Glut-GABA:428,cluster,cross_species_WB,human,#1D1D47,Not assessed
human:HY-EA-Glut-GABA:429,cluster,cross_species_WB,human,#514183,Not assessed
human:HY-EA-Glut-GABA:43,cluster,cross_species_WB,human,#2E22FF,Not assessed
human:HY-EA-Glut-GABA:430,cluster,cross_species_WB,human,#1E1E48,Not assessed
human:HY-EA-Glut-GABA:431,cluster,cross_species_WB,human,#504082,Not assessed
human:HY-EA-Glut-GABA:432,cluster,cross_species_WB,human,#1F1E4A,Not assessed
human:HY-EA-Glut-GABA:433,cluster,cross_species_WB,human,#4E3F81,Not assessed
human:HY-EA-Glut-GABA:434,cluster,cross_species_WB,human,#FF9051,Not assessed
human:HY-EA-Glut-GABA:435,cluster,cross_species_WB,human,#FED196,Not assessed
human:HY-EA-Glut-GABA:436,cluster,cross_species_WB,human,#201F4B,Not assessed
human:HY-EA-Glut-GABA:437,cluster,cross_species_WB,human,#6E1000,Not assessed
human:HY-EA-Glut-GABA:438,cluster,cross_species_WB,human,#C14F03,Not assessed
human:HY-EA-Glut-GABA:439,cluster,cross_species_WB,human,#711200,Not assessed
human:HY-EA-Glut-GABA:44,cluster,cross_species_WB,human,#987AFD,Not assessed
human:HY-EA-Glut-GABA:440,cluster,cross_species_WB,human,#FF9454,Not assessed
human:HY-EA-Glut-GABA:441,cluster,cross_species_WB,human,#FECE93,Not assessed
human:HY-EA-Glut-GABA:442,cluster,cross_species_WB,human,#FF9858,Not assessed
human:HY-EA-Glut-GABA:443,cluster,cross_species_WB,human,#FECC90,Not assessed
human:HY-EA-Glut-GABA:444,cluster,cross_species_WB,human,#BE4C03,Not assessed
human:HY-EA-Glut-GABA:445,cluster,cross_species_WB,human,#FF9B5B,Not assessed
human:HY-EA-Glut-GABA:446,cluster,cross_species_WB,human,#751400,Not assessed
human:HY-EA-Glut-GABA:447,cluster,cross_species_WB,human,#80FDD7,Not assessed
human:HY-EA-Glut-GABA:448,cluster,cross_species_WB,human,#22FF8A,Not assessed
human:HY-EA-Glut-GABA:449,cluster,cross_species_WB,human,#7AFDD4,Not assessed
human:HY-EA-Glut-GABA:45,cluster,cross_species_WB,human,#FB0077,Not assessed
human:HY-EA-Glut-GABA:450,cluster,cross_species_WB,human,#BB4903,Not assessed
human:HY-EA-Glut-GABA:451,cluster,cross_species_WB,human,#27FF8F,Not assessed
human:HY-EA-Glut-GABA:452,cluster,cross_species_WB,human,#75FDD1,Not assessed
human:HY-EA-Glut-GABA:453,cluster,cross_species_WB,human,#C59A03,Not assessed
human:HY-EA-Glut-GABA:454,cluster,cross_species_WB,human,#2CFF95,Not assessed
human:HY-EA-Glut-GABA:455,cluster,cross_species_WB,human,#70FDCD,Not assessed
human:HY-EA-Glut-GABA:456,cluster,cross_species_WB,human,#31FF9A,Not assessed
human:HY-EA-Glut-GABA:457,cluster,cross_species_WB,human,#746D00,Not assessed
human:HY-EA-Glut-GABA:458,cluster,cross_species_WB,human,#6BFDCA,Not assessed
human:HY-EA-Glut-GABA:459,cluster,cross_species_WB,human,#A9BE03,Not assessed
human:HY-EA-Glut-GABA:46,cluster,cross_species_WB,human,#3D2DFF,Not assessed
human:HY-EA-Glut-GABA:460,cluster,cross_species_WB,human,#36FF9F,Not assessed
human:HY-EA-Glut-GABA:461,cluster,cross_species_WB,human,#7B7500,Not assessed
human:HY-EA-Glut-GABA:462,cluster,cross_species_WB,human,#79803E,Not assessed
human:HY-EA-Glut-GABA:463,cluster,cross_species_WB,human,#A6B702,Not assessed
human:HY-EA-Glut-GABA:464,cluster,cross_species_WB,human,#65FEC6,Not assessed
human:HY-EA-Glut-GABA:465,cluster,cross_species_WB,human,#4E4B21,Not assessed
human:HY-EA-Glut-GABA:466,cluster,cross_species_WB,human,#777D3C,Not assessed
human:HY-EA-Glut-GABA:467,cluster,cross_species_WB,human,#524F23,Not assessed
human:HY-EA-Glut-GABA:468,cluster,cross_species_WB,human,#74793A,Not assessed
human:HY-EA-Glut-GABA:469,cluster,cross_species_WB,human,#565325,Not assessed
human:HY-EA-Glut-GABA:47,cluster,cross_species_WB,human,#8C6FFD,Not assessed
human:HY-EA-Glut-GABA:470,cluster,cross_species_WB,human,#727637,Not assessed
human:HY-EA-Glut-GABA:471,cluster,cross_species_WB,human,#595727,Not assessed
human:HY-EA-Glut-GABA:472,cluster,cross_species_WB,human,#6F7235,Not assessed
human:HY-EA-Glut-GABA:473,cluster,cross_species_WB,human,#5D5B29,Not assessed
human:HY-EA-Glut-GABA:474,cluster,cross_species_WB,human,#1A0946,Not assessed
human:HY-EA-Glut-GABA:475,cluster,cross_species_WB,human,#41004C,Not assessed
human:HY-EA-Glut-GABA:476,cluster,cross_species_WB,human,#461685,Not assessed
human:HY-EA-Glut-GABA:477,cluster,cross_species_WB,human,#1E0A4D,Not assessed
human:HY-EA-Glut-GABA:478,cluster,cross_species_WB,human,#72016F,Not assessed
human:HY-EA-Glut-GABA:479,cluster,cross_species_WB,human,#42004C,Not assessed
human:HY-EA-Glut-GABA:48,cluster,cross_species_WB,human,#4B38FF,Not assessed
human:HY-EA-Glut-GABA:480,cluster,cross_species_WB,human,#FE9ED0,Not assessed
human:HY-EA-Glut-GABA:481,cluster,cross_species_WB,human,#6E016C,Not assessed
human:HY-EA-Glut-GABA:482,cluster,cross_species_WB,human,#FF57C6,Not assessed
human:HY-EA-Glut-GABA:483,cluster,cross_species_WB,human,#E5FDB4,Not assessed
human:HY-EA-Glut-GABA:484,cluster,cross_species_WB,human,#FAFF67,Not assessed
human:HY-EA-Glut-GABA:485,cluster,cross_species_WB,human,#E6FEB4,Not assessed
human:HY-EA-Glut-GABA:486,cluster,cross_species_WB,human,#570C50,Not assessed
human:HY-EA-Glut-GABA:487,cluster,cross_species_WB,human,#9000B2,Not assessed
human:HY-EA-Glut-GABA:488,cluster,cross_species_WB,human,#D402E4,Not assessed
human:HY-EA-Glut-GABA:489,cluster,cross_species_WB,human,#DC6227,Not assessed
human:HY-EA-Glut-GABA:49,cluster,cross_species_WB,human,#8064FE,Not assessed
human:HY-EA-Glut-GABA:490,cluster,cross_species_WB,human,#9800B8,Not assessed
human:HY-EA-Glut-GABA:491,cluster,cross_species_WB,human,#BC3A1B,Not assessed
human:HY-EA-Glut-GABA:492,cluster,cross_species_WB,human,#DB5E24,Not assessed
human:HY-EA-Glut-GABA:493,cluster,cross_species_WB,human,#CB02DE,Not assessed
human:HY-EA-Glut-GABA:494,cluster,cross_species_WB,human,#347F01,Not assessed
human:HY-EA-Glut-GABA:495,cluster,cross_species_WB,human,#BE3D1B,Not assessed
human:HY-EA-Glut-GABA:496,cluster,cross_species_WB,human,#285C43,Not assessed
human:HY-EA-Glut-GABA:497,cluster,cross_species_WB,human,#D95A23,Not assessed
human:HY-EA-Glut-GABA:498,cluster,cross_species_WB,human,#1FB894,Not assessed
human:HY-EA-Glut-GABA:499,cluster,cross_species_WB,human,#2A5400,Not assessed
human:HY-EA-Glut-GABA:5,cluster,cross_species_WB,human,#610B00,Not assessed
human:HY-EA-Glut-GABA:50,cluster,cross_species_WB,human,#25B2F4,Not assessed
human:HY-EA-Glut-GABA:500,cluster,cross_species_WB,human,#00B554,Not assessed
human:HY-EA-Glut-GABA:501,cluster,cross_species_WB,human,#337701,Not assessed
human:HY-EA-Glut-GABA:502,cluster,cross_species_WB,human,#02E183,Not assessed
human:HY-EA-Glut-GABA:503,cluster,cross_species_WB,human,#2D5D00,Not assessed
human:HY-EA-Glut-GABA:504,cluster,cross_species_WB,human,#347057,Not assessed
human:HY-EA-Glut-GABA:505,cluster,cross_species_WB,human,#316E00,Not assessed
human:HY-EA-Glut-GABA:506,cluster,cross_species_WB,human,#BA2D70,Not assessed
human:HY-EA-Glut-GABA:507,cluster,cross_species_WB,human,#2B6047,Not assessed
human:HY-EA-Glut-GABA:508,cluster,cross_species_WB,human,#FEC98C,Not assessed
human:HY-EA-Glut-GABA:509,cluster,cross_species_WB,human,#D15B80,Not assessed
human:HY-EA-Glut-GABA:51,cluster,cross_species_WB,human,#74EC93,Not assessed
human:HY-EA-Glut-GABA:510,cluster,cross_species_WB,human,#BE2F71,Not assessed
human:HY-EA-Glut-GABA:511,cluster,cross_species_WB,human,#C13F1C,Not assessed
human:HY-EA-Glut-GABA:512,cluster,cross_species_WB,human,#FF9F5E,Not assessed
human:HY-EA-Glut-GABA:513,cluster,cross_species_WB,human,#D0557E,Not assessed
human:HY-EA-Glut-GABA:514,cluster,cross_species_WB,human,#C33172,Not assessed
human:HY-EA-Glut-GABA:515,cluster,cross_species_WB,human,#CF507C,Not assessed
human:HY-EA-Glut-GABA:516,cluster,cross_species_WB,human,#C73373,Not assessed
human:HY-EA-Glut-GABA:517,cluster,cross_species_WB,human,#7BD3C5,Not assessed
human:HY-EA-Glut-GABA:518,cluster,cross_species_WB,human,#FEC789,Not assessed
human:HY-EA-Glut-GABA:519,cluster,cross_species_WB,human,#FFA261,Not assessed
human:HY-EA-Glut-GABA:52,cluster,cross_species_WB,human,#82B7F4,Not assessed
human:HY-EA-Glut-GABA:520,cluster,cross_species_WB,human,#D75722,Not assessed
human:HY-EA-Glut-GABA:521,cluster,cross_species_WB,human,#CE4B7A,Not assessed
human:HY-EA-Glut-GABA:522,cluster,cross_species_WB,human,#F9FF6A,Not assessed
human:HY-EA-Glut-GABA:523,cluster,cross_species_WB,human,#FEC486,Not assessed
human:HY-EA-Glut-GABA:524,cluster,cross_species_WB,human,#E7FEB4,Not assessed
human:HY-EA-Glut-GABA:525,cluster,cross_species_WB,human,#F8FF6C,Not assessed
human:HY-EA-Glut-GABA:526,cluster,cross_species_WB,human,#E7FEB4,Not assessed
human:HY-EA-Glut-GABA:527,cluster,cross_species_WB,human,#F7FF6F,Not assessed
human:HY-EA-Glut-GABA:528,cluster,cross_species_WB,human,#E8FEB4,Not assessed
human:HY-EA-Glut-GABA:529,cluster,cross_species_WB,human,#F6FF71,Not assessed
human:HY-EA-Glut-GABA:53,cluster,cross_species_WB,human,#2BB1F4,Not assessed
human:HY-EA-Glut-GABA:530,cluster,cross_species_WB,human,#E8FEB4,Not assessed
human:HY-EA-Glut-GABA:531,cluster,cross_species_WB,human,#F5FF74,Not assessed
human:HY-EA-Glut-GABA:532,cluster,cross_species_WB,human,#E9FEB4,Not assessed
human:HY-EA-Glut-GABA:533,cluster,cross_species_WB,human,#F4FF77,Not assessed
human:HY-EA-Glut-GABA:534,cluster,cross_species_WB,human,#EAFEB4,Not assessed
human:HY-EA-Glut-GABA:535,cluster,cross_species_WB,human,#F3FF79,Not assessed
human:HY-EA-Glut-GABA:536,cluster,cross_species_WB,human,#6D4F7C,Not assessed
human:HY-EA-Glut-GABA:537,cluster,cross_species_WB,human,#412F53,Not assessed
human:HY-EA-Glut-GABA:538,cluster,cross_species_WB,human,#FF901E,Not assessed
human:HY-EA-Glut-GABA:539,cluster,cross_species_WB,human,#FDDC7F,Not assessed
human:HY-EA-Glut-GABA:54,cluster,cross_species_WB,human,#7CB5F4,Not assessed
human:HY-EA-Glut-GABA:540,cluster,cross_species_WB,human,#99FF20,Not assessed
human:HY-EA-Glut-GABA:541,cluster,cross_species_WB,human,#A4FD7C,Not assessed
human:HY-EA-Glut-GABA:542,cluster,cross_species_WB,human,#98FF25,Not assessed
human:HY-EA-Glut-GABA:543,cluster,cross_species_WB,human,#FF9623,Not assessed
human:HY-EA-Glut-GABA:544,cluster,cross_species_WB,human,#FDD979,Not assessed
human:HY-EA-Glut-GABA:545,cluster,cross_species_WB,human,#FF9C29,Not assessed
human:HY-EA-Glut-GABA:546,cluster,cross_species_WB,human,#694C78,Not assessed
human:HY-EA-Glut-GABA:547,cluster,cross_species_WB,human,#453257,Not assessed
human:HY-EA-Glut-GABA:548,cluster,cross_species_WB,human,#654975,Not assessed
human:HY-EA-Glut-GABA:549,cluster,cross_species_WB,human,#AB62C6,Not assessed
human:HY-EA-Glut-GABA:55,cluster,cross_species_WB,human,#32B0F3,Not assessed
human:HY-EA-Glut-GABA:550,cluster,cross_species_WB,human,#49355B,Not assessed
human:HY-EA-Glut-GABA:551,cluster,cross_species_WB,human,#614671,Not assessed
human:HY-EA-Glut-GABA:552,cluster,cross_species_WB,human,#A3FD77,Not assessed
human:HY-EA-Glut-GABA:553,cluster,cross_species_WB,human,#C991D3,Not assessed
human:HY-EA-Glut-GABA:554,cluster,cross_species_WB,human,#AF68C7,Not assessed
human:HY-EA-Glut-GABA:555,cluster,cross_species_WB,human,#4D375E,Not assessed
human:HY-EA-Glut-GABA:556,cluster,cross_species_WB,human,#FDD573,Not assessed
human:HY-EA-Glut-GABA:557,cluster,cross_species_WB,human,#C68BD1,Not assessed
human:HY-EA-Glut-GABA:558,cluster,cross_species_WB,human,#B36EC9,Not assessed
human:HY-EA-Glut-GABA:559,cluster,cross_species_WB,human,#FFA12E,Not assessed
human:HY-EA-Glut-GABA:56,cluster,cross_species_WB,human,#9AD1D9,Not assessed
human:HY-EA-Glut-GABA:560,cluster,cross_species_WB,human,#FDD26D,Not assessed
human:HY-EA-Glut-GABA:561,cluster,cross_species_WB,human,#FFA634,Not assessed
human:HY-EA-Glut-GABA:562,cluster,cross_species_WB,human,#781500,Not assessed
human:HY-EA-Glut-GABA:563,cluster,cross_species_WB,human,#B84602,Not assessed
human:HY-EA-Glut-GABA:564,cluster,cross_species_WB,human,#43004C,Not assessed
human:HY-EA-Glut-GABA:565,cluster,cross_species_WB,human,#41147F,Not assessed
human:HY-EA-Glut-GABA:566,cluster,cross_species_WB,human,#6A016A,Not assessed
human:HY-EA-Glut-GABA:567,cluster,cross_species_WB,human,#FFA664,Not assessed
human:HY-EA-Glut-GABA:568,cluster,cross_species_WB,human,#7B1700,Not assessed
human:HY-EA-Glut-GABA:569,cluster,cross_species_WB,human,#B54302,Not assessed
human:HY-EA-Glut-GABA:57,cluster,cross_species_WB,human,#ABF1C6,Not assessed
human:HY-EA-Glut-GABA:570,cluster,cross_species_WB,human,#210B53,Not assessed
human:HY-EA-Glut-GABA:571,cluster,cross_species_WB,human,#44004C,Not assessed
human:HY-EA-Glut-GABA:572,cluster,cross_species_WB,human,#660166,Not assessed
human:HY-EA-Glut-GABA:573,cluster,cross_species_WB,human,#43C79F,Not assessed
human:HY-EA-Glut-GABA:574,cluster,cross_species_WB,human,#7F1900,Not assessed
human:HY-EA-Glut-GABA:575,cluster,cross_species_WB,human,#75D1C1,Not assessed
human:HY-EA-Glut-GABA:576,cluster,cross_species_WB,human,#B24002,Not assessed
human:HY-EA-Glut-GABA:577,cluster,cross_species_WB,human,#2EBCFC,Not assessed
human:HY-EA-Glut-GABA:578,cluster,cross_species_WB,human,#00C1DA,Not assessed
human:HY-EA-Glut-GABA:579,cluster,cross_species_WB,human,#28BEFC,Not assessed
human:HY-EA-Glut-GABA:58,cluster,cross_species_WB,human,#D4CD81,Not assessed
human:HY-EA-Glut-GABA:580,cluster,cross_species_WB,human,#49C9A3,Not assessed
human:HY-EA-Glut-GABA:581,cluster,cross_species_WB,human,#00C3DF,Not assessed
human:HY-EA-Glut-GABA:582,cluster,cross_species_WB,human,#66A19F,Not assessed
human:HY-EA-Glut-GABA:583,cluster,cross_species_WB,human,#A955D0,Not assessed
human:HY-EA-Glut-GABA:584,cluster,cross_species_WB,human,#57938D,Not assessed
human:HY-EA-Glut-GABA:585,cluster,cross_species_WB,human,#761789,Not assessed
human:HY-EA-Glut-GABA:586,cluster,cross_species_WB,human,#17ACA0,Not assessed
human:HY-EA-Glut-GABA:587,cluster,cross_species_WB,human,#360A4B,Not assessed
human:HY-EA-Glut-GABA:588,cluster,cross_species_WB,human,#6C1580,Not assessed
human:HY-EA-Glut-GABA:589,cluster,cross_species_WB,human,#3F0C54,Not assessed
human:HY-EA-Glut-GABA:59,cluster,cross_species_WB,human,#1E2E48,Not assessed
human:HY-EA-Glut-GABA:590,cluster,cross_species_WB,human,#52BAC3,Not assessed
human:HY-EA-Glut-GABA:591,cluster,cross_species_WB,human,#A1C4D7,Not assessed
human:HY-EA-Glut-GABA:592,cluster,cross_species_WB,human,#1FCCCA,Not assessed
human:HY-EA-Glut-GABA:593,cluster,cross_species_WB,human,#55B9C3,Not assessed
human:HY-EA-Glut-GABA:594,cluster,cross_species_WB,human,#9EC3D6,Not assessed
human:HY-EA-Glut-GABA:595,cluster,cross_species_WB,human,#58B9C4,Not assessed
human:HY-EA-Glut-GABA:596,cluster,cross_species_WB,human,#9BC2D6,Not assessed
human:HY-EA-Glut-GABA:597,cluster,cross_species_WB,human,#5BB9C4,Not assessed
human:HY-EA-Glut-GABA:598,cluster,cross_species_WB,human,#98C1D5,Not assessed
human:HY-EA-Glut-GABA:599,cluster,cross_species_WB,human,#5EB9C5,Not assessed
human:HY-EA-Glut-GABA:6,cluster,cross_species_WB,human,#FFFE5A,Not assessed
human:HY-EA-Glut-GABA:60,cluster,cross_species_WB,human,#3F4A82,Not assessed
human:HY-EA-Glut-GABA:600,cluster,cross_species_WB,human,#95C0D4,Not assessed
human:HY-EA-Glut-GABA:601,cluster,cross_species_WB,human,#61B9C6,Not assessed
human:HY-EA-Glut-GABA:602,cluster,cross_species_WB,human,#92BFD3,Not assessed
human:HY-EA-Glut-GABA:603,cluster,cross_species_WB,human,#64B9C7,Not assessed
human:HY-EA-Glut-GABA:604,cluster,cross_species_WB,human,#753A88,Not assessed
human:HY-EA-Glut-GABA:605,cluster,cross_species_WB,human,#4B210A,Not assessed
human:HY-EA-Glut-GABA:606,cluster,cross_species_WB,human,#804E15,Not assessed
human:HY-EA-Glut-GABA:607,cluster,cross_species_WB,human,#4D230A,Not assessed
human:HY-EA-Glut-GABA:608,cluster,cross_species_WB,human,#7F4C15,Not assessed
human:HY-EA-Glut-GABA:609,cluster,cross_species_WB,human,#704000,Not assessed
human:HY-EA-Glut-GABA:61,cluster,cross_species_WB,human,#20304C,Not assessed
human:HY-EA-Glut-GABA:610,cluster,cross_species_WB,human,#BF9303,Not assessed
human:HY-EA-Glut-GABA:611,cluster,cross_species_WB,human,#764500,Not assessed
human:HY-EA-Glut-GABA:612,cluster,cross_species_WB,human,#BA8C02,Not assessed
human:HY-EA-Glut-GABA:613,cluster,cross_species_WB,human,#7C4A00,Not assessed
human:HY-EA-Glut-GABA:614,cluster,cross_species_WB,human,#66FF24,Not assessed
human:HY-EA-Glut-GABA:615,cluster,cross_species_WB,human,#86FD78,Not assessed
human:HY-EA-Glut-GABA:616,cluster,cross_species_WB,human,#CDFE21,Not assessed
human:HY-EA-Glut-GABA:617,cluster,cross_species_WB,human,#67FF2A,Not assessed
human:HY-EA-Glut-GABA:618,cluster,cross_species_WB,human,#83FD72,Not assessed
human:HY-EA-Glut-GABA:619,cluster,cross_species_WB,human,#61FBD9,Not assessed
human:HY-EA-Glut-GABA:62,cluster,cross_species_WB,human,#4FC8BB,Not assessed
human:HY-EA-Glut-GABA:620,cluster,cross_species_WB,human,#68FF30,Not assessed
human:HY-EA-Glut-GABA:621,cluster,cross_species_WB,human,#00F073,Not assessed
human:HY-EA-Glut-GABA:622,cluster,cross_species_WB,human,#5EFCD7,Not assessed
human:HY-EA-Glut-GABA:623,cluster,cross_species_WB,human,#00F375,Not assessed
human:HY-EA-Glut-GABA:624,cluster,cross_species_WB,human,#5CFCD5,Not assessed
human:HY-EA-Glut-GABA:625,cluster,cross_species_WB,human,#00F578,Not assessed
human:HY-EA-Glut-GABA:626,cluster,cross_species_WB,human,#59FCD4,Not assessed
human:HY-EA-Glut-GABA:627,cluster,cross_species_WB,human,#00F87B,Not assessed
human:HY-EA-Glut-GABA:628,cluster,cross_species_WB,human,#56FCD2,Not assessed
human:HY-EA-Glut-GABA:629,cluster,cross_species_WB,human,#00FA7E,Not assessed
human:HY-EA-Glut-GABA:63,cluster,cross_species_WB,human,#3D497F,Not assessed
human:HY-EA-Glut-GABA:630,cluster,cross_species_WB,human,#54FCD0,Not assessed
human:HY-EA-Glut-GABA:631,cluster,cross_species_WB,human,#00FD81,Not assessed
human:HY-EA-Glut-GABA:632,cluster,cross_species_WB,human,#51FCCE,Not assessed
human:HY-EA-Glut-GABA:633,cluster,cross_species_WB,human,#00FF84,Not assessed
human:HY-EA-Glut-GABA:634,cluster,cross_species_WB,human,#4EFCCD,Not assessed
human:HY-EA-Glut-GABA:635,cluster,cross_species_WB,human,#03FF87,Not assessed
human:HY-EA-Glut-GABA:636,cluster,cross_species_WB,human,#4CFCCB,Not assessed
human:HY-EA-Glut-GABA:637,cluster,cross_species_WB,human,#05FF8A,Not assessed
human:HY-EA-Glut-GABA:638,cluster,cross_species_WB,human,#98FF2A,Not assessed
human:HY-EA-Glut-GABA:639,cluster,cross_species_WB,human,#A1FD72,Not assessed
human:HY-EA-Glut-GABA:64,cluster,cross_species_WB,human,#A256C3,Not assessed
human:HY-EA-Glut-GABA:640,cluster,cross_species_WB,human,#98FF2E,Not assessed
human:HY-EA-Glut-GABA:641,cluster,cross_species_WB,human,#0004A6,Not assessed
human:HY-EA-Glut-GABA:642,cluster,cross_species_WB,human,#A0FD6D,Not assessed
human:HY-EA-Glut-GABA:643,cluster,cross_species_WB,human,#3103EE,Not assessed
human:HY-EA-Glut-GABA:644,cluster,cross_species_WB,human,#0003AA,Not assessed
human:HY-EA-Glut-GABA:645,cluster,cross_species_WB,human,#2E03EB,Not assessed
human:HY-EA-Glut-GABA:646,cluster,cross_species_WB,human,#0001AD,Not assessed
human:HY-EA-Glut-GABA:647,cluster,cross_species_WB,human,#00FBCF,Not assessed
human:HY-EA-Glut-GABA:648,cluster,cross_species_WB,human,#5BF5FC,Not assessed
human:HY-EA-Glut-GABA:649,cluster,cross_species_WB,human,#02FFD7,Not assessed
human:HY-EA-Glut-GABA:65,cluster,cross_species_WB,human,#223251,Not assessed
human:HY-EA-Glut-GABA:650,cluster,cross_species_WB,human,#55F8FD,Not assessed
human:HY-EA-Glut-GABA:651,cluster,cross_species_WB,human,#565884,Not assessed
human:HY-EA-Glut-GABA:652,cluster,cross_species_WB,human,#273348,Not assessed
human:HY-EA-Glut-GABA:653,cluster,cross_species_WB,human,#555782,Not assessed
human:HY-EA-Glut-GABA:654,cluster,cross_species_WB,human,#08FFDB,Not assessed
human:HY-EA-Glut-GABA:655,cluster,cross_species_WB,human,#4EFAFD,Not assessed
human:HY-EA-Glut-GABA:656,cluster,cross_species_WB,human,#0EFFE0,Not assessed
human:HY-EA-Glut-GABA:657,cluster,cross_species_WB,human,#283449,Not assessed
human:HY-EA-Glut-GABA:658,cluster,cross_species_WB,human,#545681,Not assessed
human:HY-EA-Glut-GABA:659,cluster,cross_species_WB,human,#29354B,Not assessed
human:HY-EA-Glut-GABA:66,cluster,cross_species_WB,human,#D09DD6,Not assessed
human:HY-EA-Glut-GABA:660,cluster,cross_species_WB,human,#52557F,Not assessed
human:HY-EA-Glut-GABA:661,cluster,cross_species_WB,human,#48FDFD,Not assessed
human:HY-EA-Glut-GABA:662,cluster,cross_species_WB,human,#DD3A95,Not assessed
human:HY-EA-Glut-GABA:663,cluster,cross_species_WB,human,#2B364D,Not assessed
human:HY-EA-Glut-GABA:664,cluster,cross_species_WB,human,#51547E,Not assessed
human:HY-EA-Glut-GABA:665,cluster,cross_species_WB,human,#AE1789,Not assessed
human:HY-EA-Glut-GABA:666,cluster,cross_species_WB,human,#DC3594,Not assessed
human:HY-EA-Glut-GABA:667,cluster,cross_species_WB,human,#B2188B,Not assessed
human:HY-EA-Glut-GABA:668,cluster,cross_species_WB,human,#14FFE4,Not assessed
human:HY-EA-Glut-GABA:669,cluster,cross_species_WB,human,#DC3094,Not assessed
human:HY-EA-Glut-GABA:67,cluster,cross_species_WB,human,#5D004B,Not assessed
human:HY-EA-Glut-GABA:670,cluster,cross_species_WB,human,#B6198C,Not assessed
human:HY-EA-Glut-GABA:671,cluster,cross_species_WB,human,#FF2B75,Not assessed
human:HY-EA-Glut-GABA:672,cluster,cross_species_WB,human,#DC2B94,Not assessed
human:HY-EA-Glut-GABA:673,cluster,cross_species_WB,human,#FE5E86,Not assessed
human:HY-EA-Glut-GABA:674,cluster,cross_species_WB,human,#FB3958,Not assessed
human:HY-EA-Glut-GABA:675,cluster,cross_species_WB,human,#CD005D,Not assessed
human:HY-EA-Glut-GABA:676,cluster,cross_species_WB,human,#FB3657,Not assessed
human:HY-EA-Glut-GABA:677,cluster,cross_species_WB,human,#49FDC9,Not assessed
human:HY-EA-Glut-GABA:678,cluster,cross_species_WB,human,#D0005C,Not assessed
human:HY-EA-Glut-GABA:679,cluster,cross_species_WB,human,#FB3356,Not assessed
human:HY-EA-Glut-GABA:68,cluster,cross_species_WB,human,#1E4831,Not assessed
human:HY-EA-Glut-GABA:680,cluster,cross_species_WB,human,#D2005C,Not assessed
human:HY-EA-Glut-GABA:681,cluster,cross_species_WB,human,#FB3055,Not assessed
human:HY-EA-Glut-GABA:682,cluster,cross_species_WB,human,#D5005B,Not assessed
human:HY-EA-Glut-GABA:683,cluster,cross_species_WB,human,#FB2E55,Not assessed
human:HY-EA-Glut-GABA:684,cluster,cross_species_WB,human,#D7005B,Not assessed
human:HY-EA-Glut-GABA:685,cluster,cross_species_WB,human,#FC2B54,Not assessed
human:HY-EA-Glut-GABA:686,cluster,cross_species_WB,human,#DA005A,Not assessed
human:HY-EA-Glut-GABA:687,cluster,cross_species_WB,human,#FC2853,Not assessed
human:HY-EA-Glut-GABA:688,cluster,cross_species_WB,human,#DD005A,Not assessed
human:HY-EA-Glut-GABA:689,cluster,cross_species_WB,human,#FC2553,Not assessed
human:HY-EA-Glut-GABA:69,cluster,cross_species_WB,human,#40836C,Not assessed
human:HY-EA-Glut-GABA:690,cluster,cross_species_WB,human,#258241,Not assessed
human:HY-EA-Glut-GABA:691,cluster,cross_species_WB,human,#DF0059,Not assessed
human:HY-EA-Glut-GABA:692,cluster,cross_species_WB,human,#FC2252,Not assessed
human:HY-EA-Glut-GABA:693,cluster,cross_species_WB,human,#90BED2,Not assessed
human:HY-EA-Glut-GABA:694,cluster,cross_species_WB,human,#38AF6F,Not assessed
human:HY-EA-Glut-GABA:695,cluster,cross_species_WB,human,#268644,Not assessed
human:HY-EA-Glut-GABA:696,cluster,cross_species_WB,human,#67B9C7,Not assessed
human:HY-EA-Glut-GABA:697,cluster,cross_species_WB,human,#37AC6C,Not assessed
human:HY-EA-Glut-GABA:698,cluster,cross_species_WB,human,#278947,Not assessed
human:HY-EA-Glut-GABA:699,cluster,cross_species_WB,human,#35A968,Not assessed
human:HY-EA-Glut-GABA:7,cluster,cross_species_WB,human,#E3FDB4,Not assessed
human:HY-EA-Glut-GABA:70,cluster,cross_species_WB,human,#204C34,Not assessed
human:HY-EA-Glut-GABA:700,cluster,cross_species_WB,human,#298C4A,Not assessed
human:HY-EA-Glut-GABA:701,cluster,cross_species_WB,human,#821B00,Not assessed
human:HY-EA-Glut-GABA:702,cluster,cross_species_WB,human,#AF3D02,Not assessed
human:HY-EA-Glut-GABA:703,cluster,cross_species_WB,human,#851D00,Not assessed
human:HY-EA-Glut-GABA:704,cluster,cross_species_WB,human,#6FD0BD,Not assessed
human:HY-EA-Glut-GABA:705,cluster,cross_species_WB,human,#3C1378,Not assessed
human:HY-EA-Glut-GABA:706,cluster,cross_species_WB,human,#250D59,Not assessed
human:HY-EA-Glut-GABA:707,cluster,cross_species_WB,human,#371272,Not assessed
human:HY-EA-Glut-GABA:708,cluster,cross_species_WB,human,#4E240A,Not assessed
human:HY-EA-Glut-GABA:709,cluster,cross_species_WB,human,#C4421D,Not assessed
human:HY-EA-Glut-GABA:71,cluster,cross_species_WB,human,#3D7F68,Not assessed
human:HY-EA-Glut-GABA:710,cluster,cross_species_WB,human,#AC3A01,Not assessed
human:HY-EA-Glut-GABA:711,cluster,cross_species_WB,human,#881F00,Not assessed
human:HY-EA-Glut-GABA:712,cluster,cross_species_WB,human,#D45421,Not assessed
human:HY-EA-Glut-GABA:713,cluster,cross_species_WB,human,#7D4B14,Not assessed
human:HY-EA-Glut-GABA:714,cluster,cross_species_WB,human,#A83701,Not assessed
human:HY-EA-Glut-GABA:715,cluster,cross_species_WB,human,#C3FB5C,Not assessed
human:HY-EA-Glut-GABA:716,cluster,cross_species_WB,human,#7D005A,Not assessed
human:HY-EA-Glut-GABA:717,cluster,cross_species_WB,human,#CBFD28,Not assessed
human:HY-EA-Glut-GABA:718,cluster,cross_species_WB,human,#B30267,Not assessed
human:HY-EA-Glut-GABA:719,cluster,cross_species_WB,human,#7F005B,Not assessed
human:HY-EA-Glut-GABA:72,cluster,cross_species_WB,human,#477F75,Not assessed
human:HY-EA-Glut-GABA:720,cluster,cross_species_WB,human,#B10267,Not assessed
human:HY-EA-Glut-GABA:721,cluster,cross_species_WB,human,#60CBC5,Not assessed
human:HY-EA-Glut-GABA:722,cluster,cross_species_WB,human,#273759,Not assessed
human:HY-EA-Glut-GABA:723,cluster,cross_species_WB,human,#85CFD3,Not assessed
human:HY-EA-Glut-GABA:724,cluster,cross_species_WB,human,#354372,Not assessed
human:HY-EA-Glut-GABA:725,cluster,cross_species_WB,human,#7101DB,Not assessed
human:HY-EA-Glut-GABA:726,cluster,cross_species_WB,human,#64CCC7,Not assessed
human:HY-EA-Glut-GABA:727,cluster,cross_species_WB,human,#4D3E80,Not assessed
human:HY-EA-Glut-GABA:728,cluster,cross_species_WB,human,#21204C,Not assessed
human:HY-EA-Glut-GABA:729,cluster,cross_species_WB,human,#5700C1,Not assessed
human:HY-EA-Glut-GABA:73,cluster,cross_species_WB,human,#7AA7A9,Not assessed
human:HY-EA-Glut-GABA:730,cluster,cross_species_WB,human,#4C3D7E,Not assessed
human:HY-EA-Glut-GABA:731,cluster,cross_species_WB,human,#22214E,Not assessed
human:HY-EA-Glut-GABA:732,cluster,cross_species_WB,human,#6D6F33,Not assessed
human:HY-EA-Glut-GABA:733,cluster,cross_species_WB,human,#4A3C7D,Not assessed
human:HY-EA-Glut-GABA:734,cluster,cross_species_WB,human,#FE90CD,Not assessed
human:HY-EA-Glut-GABA:735,cluster,cross_species_WB,human,#81CFD2,Not assessed
human:HY-EA-Glut-GABA:736,cluster,cross_species_WB,human,#CB3574,Not assessed
human:HY-EA-Glut-GABA:737,cluster,cross_species_WB,human,#FF65C7,Not assessed
human:HY-EA-Glut-GABA:738,cluster,cross_species_WB,human,#FEC182,Not assessed
human:HY-EA-Glut-GABA:739,cluster,cross_species_WB,human,#FFA968,Not assessed
human:HY-EA-Glut-GABA:74,cluster,cross_species_WB,human,#4A8279,Not assessed
human:HY-EA-Glut-GABA:740,cluster,cross_species_WB,human,#FEBE7F,Not assessed
human:HY-EA-Glut-GABA:741,cluster,cross_species_WB,human,#CD4578,Not assessed
human:HY-EA-Glut-GABA:742,cluster,cross_species_WB,human,#FE82CA,Not assessed
human:HY-EA-Glut-GABA:743,cluster,cross_species_WB,human,#EAFEB3,Not assessed
human:HY-EA-Glut-GABA:744,cluster,cross_species_WB,human,#F3FF7C,Not assessed
human:HY-EA-Glut-GABA:745,cluster,cross_species_WB,human,#EBFEB3,Not assessed
human:HY-EA-Glut-GABA:746,cluster,cross_species_WB,human,#F2FF7F,Not assessed
human:HY-EA-Glut-GABA:747,cluster,cross_species_WB,human,#EBFEB3,Not assessed
human:HY-EA-Glut-GABA:748,cluster,cross_species_WB,human,#F1FF81,Not assessed
human:HY-EA-Glut-GABA:749,cluster,cross_species_WB,human,#98FF33,Not assessed
human:HY-EA-Glut-GABA:75,cluster,cross_species_WB,human,#007EA3,Not assessed
human:HY-EA-Glut-GABA:750,cluster,cross_species_WB,human,#9EFE68,Not assessed
human:HY-EA-Glut-GABA:751,cluster,cross_species_WB,human,#98FF38,Not assessed
human:HY-EA-Glut-GABA:752,cluster,cross_species_WB,human,#4FCAA8,Not assessed
human:HY-EA-Glut-GABA:753,cluster,cross_species_WB,human,#8DBED1,Not assessed
human:HY-EA-Glut-GABA:754,cluster,cross_species_WB,human,#6AB9C8,Not assessed
human:HY-EA-Glut-GABA:755,cluster,cross_species_WB,human,#FFF838,Not assessed
human:HY-EA-Glut-GABA:756,cluster,cross_species_WB,human,#F3FE64,Not assessed
human:HY-EA-Glut-GABA:757,cluster,cross_species_WB,human,#7FFD6C,Not assessed
human:HY-EA-Glut-GABA:758,cluster,cross_species_WB,human,#9E50AA,Not assessed
human:HY-EA-Glut-GABA:759,cluster,cross_species_WB,human,#69FF36,Not assessed
human:HY-EA-Glut-GABA:76,cluster,cross_species_WB,human,#76A6A8,Not assessed
human:HY-EA-Glut-GABA:760,cluster,cross_species_WB,human,#C3FB56,Not assessed
human:HY-EA-Glut-GABA:761,cluster,cross_species_WB,human,#08FF8D,Not assessed
human:HY-EA-Glut-GABA:762,cluster,cross_species_WB,human,#46FDC7,Not assessed
human:HY-EA-Glut-GABA:763,cluster,cross_species_WB,human,#0AFF90,Not assessed
human:HY-EA-Glut-GABA:764,cluster,cross_species_WB,human,#E20059,Not assessed
human:HY-EA-Glut-GABA:765,cluster,cross_species_WB,human,#44FDC5,Not assessed
human:HY-EA-Glut-GABA:766,cluster,cross_species_WB,human,#FC2052,Not assessed
human:HY-EA-Glut-GABA:767,cluster,cross_species_WB,human,#0DFF93,Not assessed
human:HY-EA-Glut-GABA:768,cluster,cross_species_WB,human,#9DFE63,Not assessed
human:HY-EA-Glut-GABA:769,cluster,cross_species_WB,human,#41FDC3,Not assessed
human:HY-EA-Glut-GABA:77,cluster,cross_species_WB,human,#4C867D,Not assessed
human:HY-EA-Glut-GABA:770,cluster,cross_species_WB,human,#2A03E8,Not assessed
human:HY-EA-Glut-GABA:771,cluster,cross_species_WB,human,#98FF3D,Not assessed
human:HY-EA-Glut-GABA:772,cluster,cross_species_WB,human,#41FEFB,Not assessed
human:HY-EA-Glut-GABA:773,cluster,cross_species_WB,human,#2C374E,Not assessed
human:HY-EA-Glut-GABA:774,cluster,cross_species_WB,human,#50537C,Not assessed
human:HY-EA-Glut-GABA:775,cluster,cross_species_WB,human,#2D3850,Not assessed
human:HY-EA-Glut-GABA:776,cluster,cross_species_WB,human,#4E527B,Not assessed
human:HY-EA-Glut-GABA:777,cluster,cross_species_WB,human,#2E3952,Not assessed
human:HY-EA-Glut-GABA:778,cluster,cross_species_WB,human,#4D5179,Not assessed
human:HY-EA-Glut-GABA:779,cluster,cross_species_WB,human,#2F3A53,Not assessed
human:HY-EA-Glut-GABA:78,cluster,cross_species_WB,human,#72A5A6,Not assessed
human:HY-EA-Glut-GABA:780,cluster,cross_species_WB,human,#1BFFE8,Not assessed
human:HY-EA-Glut-GABA:781,cluster,cross_species_WB,human,#3BFEF8,Not assessed
human:HY-EA-Glut-GABA:782,cluster,cross_species_WB,human,#21FFEC,Not assessed
human:HY-EA-Glut-GABA:783,cluster,cross_species_WB,human,#4C5078,Not assessed
human:HY-EA-Glut-GABA:784,cluster,cross_species_WB,human,#8C2100,Not assessed
human:HY-EA-Glut-GABA:785,cluster,cross_species_WB,human,#FFAC6B,Not assessed
human:HY-EA-Glut-GABA:786,cluster,cross_species_WB,human,#FECE67,Not assessed
human:HY-EA-Glut-GABA:787,cluster,cross_species_WB,human,#23BFFC,Not assessed
human:HY-EA-Glut-GABA:788,cluster,cross_species_WB,human,#68CFB9,Not assessed
human:HY-EA-Glut-GABA:789,cluster,cross_species_WB,human,#FFAB39,Not assessed
human:HY-EA-Glut-GABA:79,cluster,cross_species_WB,human,#00E465,Not assessed
human:HY-EA-Glut-GABA:790,cluster,cross_species_WB,human,#00C5E4,Not assessed
human:HY-EA-Glut-GABA:791,cluster,cross_species_WB,human,#1DC1FD,Not assessed
human:HY-EA-Glut-GABA:792,cluster,cross_species_WB,human,#00C6EA,Not assessed
human:HY-EA-Glut-GABA:8,cluster,cross_species_WB,human,#560047,Not assessed
human:HY-EA-Glut-GABA:80,cluster,cross_species_WB,human,#FFE81D,Not assessed
human:HY-EA-Glut-GABA:81,cluster,cross_species_WB,human,#ECFD7F,Not assessed
human:HY-EA-Glut-GABA:82,cluster,cross_species_WB,human,#38009C,Not assessed
human:HY-EA-Glut-GABA:83,cluster,cross_species_WB,human,#804860,Not assessed
human:HY-EA-Glut-GABA:84,cluster,cross_species_WB,human,#440843,Not assessed
human:HY-EA-Glut-GABA:85,cluster,cross_species_WB,human,#9404F8,Not assessed
human:HY-EA-Glut-GABA:86,cluster,cross_species_WB,human,#3C00A1,Not assessed
human:HY-EA-Glut-GABA:87,cluster,cross_species_WB,human,#8E04F3,Not assessed
human:HY-EA-Glut-GABA:88,cluster,cross_species_WB,human,#4000A7,Not assessed
human:HY-EA-Glut-GABA:89,cluster,cross_species_WB,human,#8803EE,Not assessed
human:HY-EA-Glut-GABA:9,cluster,cross_species_WB,human,#46FFF6,Not assessed
human:HY-EA-Glut-GABA:90,cluster,cross_species_WB,human,#4400AC,Not assessed
human:HY-EA-Glut-GABA:91,cluster,cross_species_WB,human,#8203E9,Not assessed
human:HY-EA-Glut-GABA:92,cluster,cross_species_WB,human,#FFEC22,Not assessed
human:HY-EA-Glut-GABA:93,cluster,cross_species_WB,human,#00CAF9,Not assessed
human:HY-EA-Glut-GABA:94,cluster,cross_species_WB,human,#6BFBDF,Not assessed
human:HY-EA-Glut-GABA:95,cluster,cross_species_WB,human,#55BEFC,Not assessed
human:HY-EA-Glut-GABA:96,cluster,cross_species_WB,human,#EDFD7A,Not assessed
human:HY-EA-Glut-GABA:97,cluster,cross_species_WB,human,#00E667,Not assessed
human:HY-EA-Glut-GABA:98,cluster,cross_species_WB,human,#C0005E,Not assessed
human:HY-EA-Glut-GABA:99,cluster,cross_species_WB,human,#151737,Not assessed
human:MB-HB:1,cluster,cross_species_WB,human,#00044C,Not assessed
human:MB-HB:10,cluster,cross_species_WB,human,#3606A3,Not assessed
human:MB-HB:100,cluster,cross_species_WB,human,#4DE700,Not assessed
human:MB-HB:1000,cluster,cross_species_WB,human,#89D37E,Not assessed
human:MB-HB:1001,cluster,cross_species_WB,human,#30059B,Not assessed
human:MB-HB:1002,cluster,cross_species_WB,human,#6AC73D,Not assessed
human:MB-HB:1003,cluster,cross_species_WB,human,#86D27A,Not assessed
human:MB-HB:1004,cluster,cross_species_WB,human,#6BC741,Not assessed
human:MB-HB:1005,cluster,cross_species_WB,human,#00014C,Not assessed
human:MB-HB:1006,cluster,cross_species_WB,human,#2E0599,Not assessed
human:MB-HB:1007,cluster,cross_species_WB,human,#84D176,Not assessed
human:MB-HB:1008,cluster,cross_species_WB,human,#3D2AB2,Not assessed
human:MB-HB:1009,cluster,cross_species_WB,human,#8B63D2,Not assessed
human:MB-HB:101,cluster,cross_species_WB,human,#00216E,Not assessed
human:MB-HB:1010,cluster,cross_species_WB,human,#402CB6,Not assessed
human:MB-HB:1011,cluster,cross_species_WB,human,#452813,Not assessed
human:MB-HB:1012,cluster,cross_species_WB,human,#A20604,Not assessed
human:MB-HB:1013,cluster,cross_species_WB,human,#86642C,Not assessed
human:MB-HB:1014,cluster,cross_species_WB,human,#78A883,Not assessed
human:MB-HB:1015,cluster,cross_species_WB,human,#4C0018,Not assessed
human:MB-HB:1016,cluster,cross_species_WB,human,#A00504,Not assessed
human:MB-HB:1017,cluster,cross_species_WB,human,#4C0018,Not assessed
human:MB-HB:1018,cluster,cross_species_WB,human,#9E0404,Not assessed
human:MB-HB:1019,cluster,cross_species_WB,human,#4C0017,Not assessed
human:MB-HB:102,cluster,cross_species_WB,human,#2C294A,Not assessed
human:MB-HB:1020,cluster,cross_species_WB,human,#9C0405,Not assessed
human:MB-HB:1021,cluster,cross_species_WB,human,#4C0017,Not assessed
human:MB-HB:1022,cluster,cross_species_WB,human,#990305,Not assessed
human:MB-HB:1023,cluster,cross_species_WB,human,#4C0017,Not assessed
human:MB-HB:1024,cluster,cross_species_WB,human,#970306,Not assessed
human:MB-HB:1025,cluster,cross_species_WB,human,#42327F,Not assessed
human:MB-HB:1026,cluster,cross_species_WB,human,#704DAC,Not assessed
human:MB-HB:1027,cluster,cross_species_WB,human,#473584,Not assessed
human:MB-HB:1028,cluster,cross_species_WB,human,#6A4AA8,Not assessed
human:MB-HB:1029,cluster,cross_species_WB,human,#4C3889,Not assessed
human:MB-HB:103,cluster,cross_species_WB,human,#74290F,Not assessed
human:MB-HB:1030,cluster,cross_species_WB,human,#865FD1,Not assessed
human:MB-HB:1031,cluster,cross_species_WB,human,#432DBA,Not assessed
human:MB-HB:1032,cluster,cross_species_WB,human,#825BD1,Not assessed
human:MB-HB:1033,cluster,cross_species_WB,human,#4C0016,Not assessed
human:MB-HB:1034,cluster,cross_species_WB,human,#4B2D15,Not assessed
human:MB-HB:1035,cluster,cross_species_WB,human,#472FBD,Not assessed
human:MB-HB:1036,cluster,cross_species_WB,human,#7D57D0,Not assessed
human:MB-HB:1037,cluster,cross_species_WB,human,#950307,Not assessed
human:MB-HB:1038,cluster,cross_species_WB,human,#4A30C1,Not assessed
human:MB-HB:1039,cluster,cross_species_WB,human,#7952CF,Not assessed
human:MB-HB:104,cluster,cross_species_WB,human,#BD6720,Not assessed
human:MB-HB:1040,cluster,cross_species_WB,human,#4C0016,Not assessed
human:MB-HB:1041,cluster,cross_species_WB,human,#930307,Not assessed
human:MB-HB:1042,cluster,cross_species_WB,human,#805E2A,Not assessed
human:MB-HB:1043,cluster,cross_species_WB,human,#4E31C4,Not assessed
human:MB-HB:1044,cluster,cross_species_WB,human,#4C0015,Not assessed
human:MB-HB:1045,cluster,cross_species_WB,human,#910308,Not assessed
human:MB-HB:1046,cluster,cross_species_WB,human,#4C0015,Not assessed
human:MB-HB:1047,cluster,cross_species_WB,human,#503117,Not assessed
human:MB-HB:1048,cluster,cross_species_WB,human,#8F0309,Not assessed
human:MB-HB:1049,cluster,cross_species_WB,human,#4C0014,Not assessed
human:MB-HB:105,cluster,cross_species_WB,human,#7A2D10,Not assessed
human:MB-HB:1050,cluster,cross_species_WB,human,#8D0209,Not assessed
human:MB-HB:1051,cluster,cross_species_WB,human,#7B5928,Not assessed
human:MB-HB:1052,cluster,cross_species_WB,human,#4D8651,Not assessed
human:MB-HB:1053,cluster,cross_species_WB,human,#4C0014,Not assessed
human:MB-HB:1054,cluster,cross_species_WB,human,#8A020A,Not assessed
human:MB-HB:1055,cluster,cross_species_WB,human,#563619,Not assessed
human:MB-HB:1056,cluster,cross_species_WB,human,#4C0013,Not assessed
human:MB-HB:1057,cluster,cross_species_WB,human,#71A57D,Not assessed
human:MB-HB:1058,cluster,cross_species_WB,human,#5B227B,Not assessed
human:MB-HB:1059,cluster,cross_species_WB,human,#9F3BB6,Not assessed
human:MB-HB:106,cluster,cross_species_WB,human,#006B60,Not assessed
human:MB-HB:1060,cluster,cross_species_WB,human,#642584,Not assessed
human:MB-HB:1061,cluster,cross_species_WB,human,#9537AE,Not assessed
human:MB-HB:1062,cluster,cross_species_WB,human,#6E298C,Not assessed
human:MB-HB:1063,cluster,cross_species_WB,human,#88020A,Not assessed
human:MB-HB:1064,cluster,cross_species_WB,human,#4C0013,Not assessed
human:MB-HB:1065,cluster,cross_species_WB,human,#B5FDF7,Not assessed
human:MB-HB:1066,cluster,cross_species_WB,human,#4EFFB1,Not assessed
human:MB-HB:1067,cluster,cross_species_WB,human,#B5FDF6,Not assessed
human:MB-HB:1068,cluster,cross_species_WB,human,#50FFB2,Not assessed
human:MB-HB:1069,cluster,cross_species_WB,human,#B5FDF6,Not assessed
human:MB-HB:107,cluster,cross_species_WB,human,#03AEC4,Not assessed
human:MB-HB:1070,cluster,cross_species_WB,human,#FD784E,Not assessed
human:MB-HB:1071,cluster,cross_species_WB,human,#51FFB4,Not assessed
human:MB-HB:1072,cluster,cross_species_WB,human,#B5FDF6,Not assessed
human:MB-HB:1073,cluster,cross_species_WB,human,#53FFB5,Not assessed
human:MB-HB:1074,cluster,cross_species_WB,human,#B5FDF6,Not assessed
human:MB-HB:1075,cluster,cross_species_WB,human,#55FFB7,Not assessed
human:MB-HB:1076,cluster,cross_species_WB,human,#B5FDF5,Not assessed
human:MB-HB:1077,cluster,cross_species_WB,human,#56FFB8,Not assessed
human:MB-HB:1078,cluster,cross_species_WB,human,#B5FDF5,Not assessed
human:MB-HB:1079,cluster,cross_species_WB,human,#58FFB9,Not assessed
human:MB-HB:108,cluster,cross_species_WB,human,#771055,Not assessed
human:MB-HB:1080,cluster,cross_species_WB,human,#B5FDF5,Not assessed
human:MB-HB:1081,cluster,cross_species_WB,human,#5AFFBB,Not assessed
human:MB-HB:1082,cluster,cross_species_WB,human,#B4FDF5,Not assessed
human:MB-HB:1083,cluster,cross_species_WB,human,#5BFFBC,Not assessed
human:MB-HB:1084,cluster,cross_species_WB,human,#B4FDF4,Not assessed
human:MB-HB:1085,cluster,cross_species_WB,human,#5DFFBD,Not assessed
human:MB-HB:1086,cluster,cross_species_WB,human,#B4FDF4,Not assessed
human:MB-HB:1087,cluster,cross_species_WB,human,#5FFFBF,Not assessed
human:MB-HB:1088,cluster,cross_species_WB,human,#B4FDF4,Not assessed
human:MB-HB:1089,cluster,cross_species_WB,human,#60FFC0,Not assessed
human:MB-HB:109,cluster,cross_species_WB,human,#000BF7,Not assessed
human:MB-HB:1090,cluster,cross_species_WB,human,#B4FDF4,Not assessed
human:MB-HB:1091,cluster,cross_species_WB,human,#62FFC1,Not assessed
human:MB-HB:1092,cluster,cross_species_WB,human,#B4FDF3,Not assessed
human:MB-HB:1093,cluster,cross_species_WB,human,#64FFC2,Not assessed
human:MB-HB:1094,cluster,cross_species_WB,human,#B4FDF3,Not assessed
human:MB-HB:1095,cluster,cross_species_WB,human,#65FFC4,Not assessed
human:MB-HB:1096,cluster,cross_species_WB,human,#B4FDF3,Not assessed
human:MB-HB:1097,cluster,cross_species_WB,human,#67FFC5,Not assessed
human:MB-HB:1098,cluster,cross_species_WB,human,#B4FDF3,Not assessed
human:MB-HB:1099,cluster,cross_species_WB,human,#69FFC6,Not assessed
human:MB-HB:11,cluster,cross_species_WB,human,#A93B27,Not assessed
human:MB-HB:110,cluster,cross_species_WB,human,#7457FC,Not assessed
human:MB-HB:1100,cluster,cross_species_WB,human,#A623C4,Not assessed
human:MB-HB:1101,cluster,cross_species_WB,human,#67FB6C,Not assessed
human:MB-HB:1102,cluster,cross_species_WB,human,#605280,Not assessed
human:MB-HB:1103,cluster,cross_species_WB,human,#2F2C4E,Not assessed
human:MB-HB:1104,cluster,cross_species_WB,human,#5D507D,Not assessed
human:MB-HB:1105,cluster,cross_species_WB,human,#4CEA00,Not assessed
human:MB-HB:1106,cluster,cross_species_WB,human,#322E51,Not assessed
human:MB-HB:1107,cluster,cross_species_WB,human,#65FB68,Not assessed
human:MB-HB:1108,cluster,cross_species_WB,human,#5A4D7A,Not assessed
human:MB-HB:1109,cluster,cross_species_WB,human,#343054,Not assessed
human:MB-HB:111,cluster,cross_species_WB,human,#0007FD,Not assessed
human:MB-HB:1110,cluster,cross_species_WB,human,#4BED00,Not assessed
human:MB-HB:1111,cluster,cross_species_WB,human,#62FB64,Not assessed
human:MB-HB:1112,cluster,cross_species_WB,human,#4AF000,Not assessed
human:MB-HB:1113,cluster,cross_species_WB,human,#5FFC5F,Not assessed
human:MB-HB:1114,cluster,cross_species_WB,human,#49F200,Not assessed
human:MB-HB:1115,cluster,cross_species_WB,human,#5DFC5C,Not assessed
human:MB-HB:1116,cluster,cross_species_WB,human,#48F500,Not assessed
human:MB-HB:1117,cluster,cross_species_WB,human,#5BFC59,Not assessed
human:MB-HB:1118,cluster,cross_species_WB,human,#46F800,Not assessed
human:MB-HB:1119,cluster,cross_species_WB,human,#5AFC56,Not assessed
human:MB-HB:112,cluster,cross_species_WB,human,#8D004B,Not assessed
human:MB-HB:1120,cluster,cross_species_WB,human,#45FA00,Not assessed
human:MB-HB:1121,cluster,cross_species_WB,human,#58FC53,Not assessed
human:MB-HB:1122,cluster,cross_species_WB,human,#44FD00,Not assessed
human:MB-HB:1123,cluster,cross_species_WB,human,#57FC51,Not assessed
human:MB-HB:1124,cluster,cross_species_WB,human,#43FF01,Not assessed
human:MB-HB:1125,cluster,cross_species_WB,human,#031AC1,Not assessed
human:MB-HB:1126,cluster,cross_species_WB,human,#002177,Not assessed
human:MB-HB:1127,cluster,cross_species_WB,human,#021CB9,Not assessed
human:MB-HB:1128,cluster,cross_species_WB,human,#B7611F,Not assessed
human:MB-HB:1129,cluster,cross_species_WB,human,#813112,Not assessed
human:MB-HB:113,cluster,cross_species_WB,human,#F9123A,Not assessed
human:MB-HB:1130,cluster,cross_species_WB,human,#007167,Not assessed
human:MB-HB:1131,cluster,cross_species_WB,human,#B15B1D,Not assessed
human:MB-HB:1132,cluster,cross_species_WB,human,#873613,Not assessed
human:MB-HB:1133,cluster,cross_species_WB,human,#03ACBE,Not assessed
human:MB-HB:1134,cluster,cross_species_WB,human,#00776E,Not assessed
human:MB-HB:1135,cluster,cross_species_WB,human,#02A9B9,Not assessed
human:MB-HB:1136,cluster,cross_species_WB,human,#007D76,Not assessed
human:MB-HB:1137,cluster,cross_species_WB,human,#00FDD1,Not assessed
human:MB-HB:1138,cluster,cross_species_WB,human,#6C51FC,Not assessed
human:MB-HB:1139,cluster,cross_species_WB,human,#02A6B3,Not assessed
human:MB-HB:114,cluster,cross_species_WB,human,#455C7C,Not assessed
human:MB-HB:1140,cluster,cross_species_WB,human,#34FB4D,Not assessed
human:MB-HB:1141,cluster,cross_species_WB,human,#AF5600,Not assessed
human:MB-HB:1142,cluster,cross_species_WB,human,#FBC218,Not assessed
human:MB-HB:1143,cluster,cross_species_WB,human,#0408FF,Not assessed
human:MB-HB:1144,cluster,cross_species_WB,human,#B45B00,Not assessed
human:MB-HB:1145,cluster,cross_species_WB,human,#BB4E00,Not assessed
human:MB-HB:1146,cluster,cross_species_WB,human,#FBBF13,Not assessed
human:MB-HB:1147,cluster,cross_species_WB,human,#B85F00,Not assessed
human:MB-HB:1148,cluster,cross_species_WB,human,#FC9C14,Not assessed
human:MB-HB:1149,cluster,cross_species_WB,human,#09D600,Not assessed
human:MB-HB:115,cluster,cross_species_WB,human,#5B538B,Not assessed
human:MB-HB:1150,cluster,cross_species_WB,human,#644AFD,Not assessed
human:MB-HB:1151,cluster,cross_species_WB,human,#0A0AFF,Not assessed
human:MB-HB:1152,cluster,cross_species_WB,human,#00A309,Not assessed
human:MB-HB:1153,cluster,cross_species_WB,human,#5C44FD,Not assessed
human:MB-HB:1154,cluster,cross_species_WB,human,#2CFC42,Not assessed
human:MB-HB:1155,cluster,cross_species_WB,human,#1410FF,Not assessed
human:MB-HB:1156,cluster,cross_species_WB,human,#03F135,Not assessed
human:MB-HB:1157,cluster,cross_species_WB,human,#533DFD,Not assessed
human:MB-HB:1158,cluster,cross_species_WB,human,#1D17FF,Not assessed
human:MB-HB:1159,cluster,cross_species_WB,human,#4B37FE,Not assessed
human:MB-HB:116,cluster,cross_species_WB,human,#007112,Not assessed
human:MB-HB:1160,cluster,cross_species_WB,human,#90004C,Not assessed
human:MB-HB:1161,cluster,cross_species_WB,human,#F90F39,Not assessed
human:MB-HB:1162,cluster,cross_species_WB,human,#93004C,Not assessed
human:MB-HB:1163,cluster,cross_species_WB,human,#F90C39,Not assessed
human:MB-HB:1164,cluster,cross_species_WB,human,#95004C,Not assessed
human:MB-HB:1165,cluster,cross_species_WB,human,#FA0938,Not assessed
human:MB-HB:1166,cluster,cross_species_WB,human,#98004C,Not assessed
human:MB-HB:1167,cluster,cross_species_WB,human,#FA0638,Not assessed
human:MB-HB:1168,cluster,cross_species_WB,human,#9B004C,Not assessed
human:MB-HB:1169,cluster,cross_species_WB,human,#F80538,Not assessed
human:MB-HB:117,cluster,cross_species_WB,human,#122842,Not assessed
human:MB-HB:1170,cluster,cross_species_WB,human,#9D004D,Not assessed
human:MB-HB:1171,cluster,cross_species_WB,human,#F60539,Not assessed
human:MB-HB:1172,cluster,cross_species_WB,human,#9387AE,Not assessed
human:MB-HB:1173,cluster,cross_species_WB,human,#7E84AB,Not assessed
human:MB-HB:1174,cluster,cross_species_WB,human,#605891,Not assessed
human:MB-HB:1175,cluster,cross_species_WB,human,#D128AC,Not assessed
human:MB-HB:1176,cluster,cross_species_WB,human,#550B5F,Not assessed
human:MB-HB:1177,cluster,cross_species_WB,human,#CF27AC,Not assessed
human:MB-HB:1178,cluster,cross_species_WB,human,#465D7F,Not assessed
human:MB-HB:1179,cluster,cross_species_WB,human,#7B82AA,Not assessed
human:MB-HB:118,cluster,cross_species_WB,human,#1004E7,Not assessed
human:MB-HB:1180,cluster,cross_species_WB,human,#485F81,Not assessed
human:MB-HB:1181,cluster,cross_species_WB,human,#7980A8,Not assessed
human:MB-HB:1182,cluster,cross_species_WB,human,#4A6083,Not assessed
human:MB-HB:1183,cluster,cross_species_WB,human,#570B61,Not assessed
human:MB-HB:1184,cluster,cross_species_WB,human,#CE27AB,Not assessed
human:MB-HB:1185,cluster,cross_species_WB,human,#590B62,Not assessed
human:MB-HB:1186,cluster,cross_species_WB,human,#CC26AB,Not assessed
human:MB-HB:1187,cluster,cross_species_WB,human,#5B0C64,Not assessed
human:MB-HB:1188,cluster,cross_species_WB,human,#CA26AA,Not assessed
human:MB-HB:1189,cluster,cross_species_WB,human,#5D0C66,Not assessed
human:MB-HB:119,cluster,cross_species_WB,human,#794FF6,Not assessed
human:MB-HB:1190,cluster,cross_species_WB,human,#C925A9,Not assessed
human:MB-HB:1191,cluster,cross_species_WB,human,#5F0C68,Not assessed
human:MB-HB:1192,cluster,cross_species_WB,human,#767EA7,Not assessed
human:MB-HB:1193,cluster,cross_species_WB,human,#8D81AB,Not assessed
human:MB-HB:1194,cluster,cross_species_WB,human,#665C96,Not assessed
human:MB-HB:1195,cluster,cross_species_WB,human,#877BA8,Not assessed
human:MB-HB:1196,cluster,cross_species_WB,human,#4C6185,Not assessed
human:MB-HB:1197,cluster,cross_species_WB,human,#C725A9,Not assessed
human:MB-HB:1198,cluster,cross_species_WB,human,#737CA6,Not assessed
human:MB-HB:1199,cluster,cross_species_WB,human,#25FBBD,Not assessed
human:MB-HB:12,cluster,cross_species_WB,human,#5A560A,Not assessed
human:MB-HB:120,cluster,cross_species_WB,human,#B4B631,Not assessed
human:MB-HB:1200,cluster,cross_species_WB,human,#00C055,Not assessed
human:MB-HB:1201,cluster,cross_species_WB,human,#21FBBA,Not assessed
human:MB-HB:1202,cluster,cross_species_WB,human,#00C458,Not assessed
human:MB-HB:1203,cluster,cross_species_WB,human,#33567B,Not assessed
human:MB-HB:1204,cluster,cross_species_WB,human,#5E73B0,Not assessed
human:MB-HB:1205,cluster,cross_species_WB,human,#35587E,Not assessed
human:MB-HB:1206,cluster,cross_species_WB,human,#B3B62C,Not assessed
human:MB-HB:1207,cluster,cross_species_WB,human,#BAD15E,Not assessed
human:MB-HB:1208,cluster,cross_species_WB,human,#B6BC2E,Not assessed
human:MB-HB:1209,cluster,cross_species_WB,human,#BAD483,Not assessed
human:MB-HB:121,cluster,cross_species_WB,human,#BDD891,Not assessed
human:MB-HB:1210,cluster,cross_species_WB,human,#BAC438,Not assessed
human:MB-HB:1211,cluster,cross_species_WB,human,#5A70AF,Not assessed
human:MB-HB:1212,cluster,cross_species_WB,human,#BAD058,Not assessed
human:MB-HB:1213,cluster,cross_species_WB,human,#375982,Not assessed
human:MB-HB:1214,cluster,cross_species_WB,human,#566EAE,Not assessed
human:MB-HB:1215,cluster,cross_species_WB,human,#395B85,Not assessed
human:MB-HB:1216,cluster,cross_species_WB,human,#526CAC,Not assessed
human:MB-HB:1217,cluster,cross_species_WB,human,#B9D481,Not assessed
human:MB-HB:1218,cluster,cross_species_WB,human,#3B5D89,Not assessed
human:MB-HB:1219,cluster,cross_species_WB,human,#090F44,Not assessed
human:MB-HB:122,cluster,cross_species_WB,human,#1505ED,Not assessed
human:MB-HB:1220,cluster,cross_species_WB,human,#7048F6,Not assessed
human:MB-HB:1221,cluster,cross_species_WB,human,#BAC638,Not assessed
human:MB-HB:1222,cluster,cross_species_WB,human,#B9D37F,Not assessed
human:MB-HB:1223,cluster,cross_species_WB,human,#1DFBB7,Not assessed
human:MB-HB:1224,cluster,cross_species_WB,human,#00C75C,Not assessed
human:MB-HB:1225,cluster,cross_species_WB,human,#18D100,Not assessed
human:MB-HB:1226,cluster,cross_species_WB,human,#32FB4A,Not assessed
human:MB-HB:1227,cluster,cross_species_WB,human,#19FCB3,Not assessed
human:MB-HB:1228,cluster,cross_species_WB,human,#00CB60,Not assessed
human:MB-HB:1229,cluster,cross_species_WB,human,#18D300,Not assessed
human:MB-HB:123,cluster,cross_species_WB,human,#4AFA68,Not assessed
human:MB-HB:1230,cluster,cross_species_WB,human,#30FB46,Not assessed
human:MB-HB:1231,cluster,cross_species_WB,human,#15FCB0,Not assessed
human:MB-HB:1232,cluster,cross_species_WB,human,#00CF64,Not assessed
human:MB-HB:1233,cluster,cross_species_WB,human,#11FCAC,Not assessed
human:MB-HB:1234,cluster,cross_species_WB,human,#00D268,Not assessed
human:MB-HB:1235,cluster,cross_species_WB,human,#0DFCA9,Not assessed
human:MB-HB:1236,cluster,cross_species_WB,human,#3E0E6E,Not assessed
human:MB-HB:1237,cluster,cross_species_WB,human,#A323C2,Not assessed
human:MB-HB:1238,cluster,cross_species_WB,human,#400E70,Not assessed
human:MB-HB:1239,cluster,cross_species_WB,human,#A022C0,Not assessed
human:MB-HB:124,cluster,cross_species_WB,human,#BBD264,Not assessed
human:MB-HB:1240,cluster,cross_species_WB,human,#420E72,Not assessed
human:MB-HB:1241,cluster,cross_species_WB,human,#9D21BE,Not assessed
human:MB-HB:1242,cluster,cross_species_WB,human,#440F74,Not assessed
human:MB-HB:1243,cluster,cross_species_WB,human,#9A21BC,Not assessed
human:MB-HB:1244,cluster,cross_species_WB,human,#460F77,Not assessed
human:MB-HB:1245,cluster,cross_species_WB,human,#9720BA,Not assessed
human:MB-HB:1246,cluster,cross_species_WB,human,#491079,Not assessed
human:MB-HB:1247,cluster,cross_species_WB,human,#941FB8,Not assessed
human:MB-HB:1248,cluster,cross_species_WB,human,#4B107B,Not assessed
human:MB-HB:1249,cluster,cross_species_WB,human,#921FB6,Not assessed
human:MB-HB:125,cluster,cross_species_WB,human,#00B84E,Not assessed
human:MB-HB:1250,cluster,cross_species_WB,human,#4D117D,Not assessed
human:MB-HB:1251,cluster,cross_species_WB,human,#60F600,Not assessed
human:MB-HB:1252,cluster,cross_species_WB,human,#AD399A,Not assessed
human:MB-HB:1253,cluster,cross_species_WB,human,#8F1EB4,Not assessed
human:MB-HB:1254,cluster,cross_species_WB,human,#74FC58,Not assessed
human:MB-HB:1255,cluster,cross_species_WB,human,#5FFC00,Not assessed
human:MB-HB:1256,cluster,cross_species_WB,human,#610D69,Not assessed
human:MB-HB:1257,cluster,cross_species_WB,human,#71FC52,Not assessed
human:MB-HB:1258,cluster,cross_species_WB,human,#6F2176,Not assessed
human:MB-HB:1259,cluster,cross_species_WB,human,#AB3899,Not assessed
human:MB-HB:126,cluster,cross_species_WB,human,#29FBC0,Not assessed
human:MB-HB:1260,cluster,cross_species_WB,human,#C624A8,Not assessed
human:MB-HB:1261,cluster,cross_species_WB,human,#630D6B,Not assessed
human:MB-HB:1262,cluster,cross_species_WB,human,#C424A8,Not assessed
human:MB-HB:1263,cluster,cross_species_WB,human,#650D6D,Not assessed
human:MB-HB:1264,cluster,cross_species_WB,human,#C323A7,Not assessed
human:MB-HB:1265,cluster,cross_species_WB,human,#670E6F,Not assessed
human:MB-HB:1266,cluster,cross_species_WB,human,#A99A79,Not assessed
human:MB-HB:1267,cluster,cross_species_WB,human,#84684B,Not assessed
human:MB-HB:1268,cluster,cross_species_WB,human,#7FB42B,Not assessed
human:MB-HB:1269,cluster,cross_species_WB,human,#A79775,Not assessed
human:MB-HB:127,cluster,cross_species_WB,human,#20BD00,Not assessed
human:MB-HB:1270,cluster,cross_species_WB,human,#886C4E,Not assessed
human:MB-HB:1271,cluster,cross_species_WB,human,#A59370,Not assessed
human:MB-HB:1272,cluster,cross_species_WB,human,#8C7051,Not assessed
human:MB-HB:1273,cluster,cross_species_WB,human,#AC167D,Not assessed
human:MB-HB:1274,cluster,cross_species_WB,human,#D46F81,Not assessed
human:MB-HB:1275,cluster,cross_species_WB,human,#A38F6B,Not assessed
human:MB-HB:1276,cluster,cross_species_WB,human,#6D0A64,Not assessed
human:MB-HB:1277,cluster,cross_species_WB,human,#F43089,Not assessed
human:MB-HB:1278,cluster,cross_species_WB,human,#98272F,Not assessed
human:MB-HB:1279,cluster,cross_species_WB,human,#AB276C,Not assessed
human:MB-HB:128,cluster,cross_species_WB,human,#00BC51,Not assessed
human:MB-HB:1280,cluster,cross_species_WB,human,#D36D80,Not assessed
human:MB-HB:1281,cluster,cross_species_WB,human,#AD286C,Not assessed
human:MB-HB:1282,cluster,cross_species_WB,human,#D36A7F,Not assessed
human:MB-HB:1283,cluster,cross_species_WB,human,#CA6B55,Not assessed
human:MB-HB:1284,cluster,cross_species_WB,human,#AF296D,Not assessed
human:MB-HB:1285,cluster,cross_species_WB,human,#D3677E,Not assessed
human:MB-HB:1286,cluster,cross_species_WB,human,#B12A6D,Not assessed
human:MB-HB:1287,cluster,cross_species_WB,human,#D2657D,Not assessed
human:MB-HB:1288,cluster,cross_species_WB,human,#B42B6D,Not assessed
human:MB-HB:1289,cluster,cross_species_WB,human,#78A896,Not assessed
human:MB-HB:129,cluster,cross_species_WB,human,#360C65,Not assessed
human:MB-HB:1290,cluster,cross_species_WB,human,#9B282F,Not assessed
human:MB-HB:1291,cluster,cross_species_WB,human,#4E8769,Not assessed
human:MB-HB:1292,cluster,cross_species_WB,human,#C96651,Not assessed
human:MB-HB:1293,cluster,cross_species_WB,human,#9E292F,Not assessed
human:MB-HB:1294,cluster,cross_species_WB,human,#D2627B,Not assessed
human:MB-HB:1295,cluster,cross_species_WB,human,#C8624E,Not assessed
human:MB-HB:1296,cluster,cross_species_WB,human,#B62B6E,Not assessed
human:MB-HB:1297,cluster,cross_species_WB,human,#D1607A,Not assessed
human:MB-HB:1298,cluster,cross_species_WB,human,#A12B2F,Not assessed
human:MB-HB:1299,cluster,cross_species_WB,human,#70A590,Not assessed
human:MB-HB:13,cluster,cross_species_WB,human,#6B12A8,Not assessed
human:MB-HB:130,cluster,cross_species_WB,human,#AF25CA,Not assessed
human:MB-HB:1300,cluster,cross_species_WB,human,#B82C6E,Not assessed
human:MB-HB:1301,cluster,cross_species_WB,human,#D15D79,Not assessed
human:MB-HB:1302,cluster,cross_species_WB,human,#BA2D6E,Not assessed
human:MB-HB:1303,cluster,cross_species_WB,human,#C85E4A,Not assessed
human:MB-HB:1304,cluster,cross_species_WB,human,#A42C2F,Not assessed
human:MB-HB:1305,cluster,cross_species_WB,human,#C75947,Not assessed
human:MB-HB:1306,cluster,cross_species_WB,human,#A72D2E,Not assessed
human:MB-HB:1307,cluster,cross_species_WB,human,#C65543,Not assessed
human:MB-HB:1308,cluster,cross_species_WB,human,#AA2E2E,Not assessed
human:MB-HB:1309,cluster,cross_species_WB,human,#3B893C,Not assessed
human:MB-HB:131,cluster,cross_species_WB,human,#380C67,Not assessed
human:MB-HB:1310,cluster,cross_species_WB,human,#117794,Not assessed
human:MB-HB:1311,cluster,cross_species_WB,human,#5392DE,Not assessed
human:MB-HB:1312,cluster,cross_species_WB,human,#117895,Not assessed
human:MB-HB:1313,cluster,cross_species_WB,human,#5292DE,Not assessed
human:MB-HB:1314,cluster,cross_species_WB,human,#127996,Not assessed
human:MB-HB:1315,cluster,cross_species_WB,human,#5092DE,Not assessed
human:MB-HB:1316,cluster,cross_species_WB,human,#127997,Not assessed
human:MB-HB:1317,cluster,cross_species_WB,human,#4F91DE,Not assessed
human:MB-HB:1318,cluster,cross_species_WB,human,#127A99,Not assessed
human:MB-HB:1319,cluster,cross_species_WB,human,#4E91DE,Not assessed
human:MB-HB:132,cluster,cross_species_WB,human,#AC25C8,Not assessed
human:MB-HB:1320,cluster,cross_species_WB,human,#127A9A,Not assessed
human:MB-HB:1321,cluster,cross_species_WB,human,#4C91DE,Not assessed
human:MB-HB:1322,cluster,cross_species_WB,human,#137B9B,Not assessed
human:MB-HB:1323,cluster,cross_species_WB,human,#4B90DD,Not assessed
human:MB-HB:1324,cluster,cross_species_WB,human,#137B9C,Not assessed
human:MB-HB:1325,cluster,cross_species_WB,human,#4990DD,Not assessed
human:MB-HB:1326,cluster,cross_species_WB,human,#137C9E,Not assessed
human:MB-HB:1327,cluster,cross_species_WB,human,#4890DD,Not assessed
human:MB-HB:1328,cluster,cross_species_WB,human,#137C9F,Not assessed
human:MB-HB:1329,cluster,cross_species_WB,human,#B9A320,Not assessed
human:MB-HB:133,cluster,cross_species_WB,human,#3A0D69,Not assessed
human:MB-HB:1330,cluster,cross_species_WB,human,#7B5510,Not assessed
human:MB-HB:1331,cluster,cross_species_WB,human,#B69F1F,Not assessed
human:MB-HB:1332,cluster,cross_species_WB,human,#1C6E9B,Not assessed
human:MB-HB:1333,cluster,cross_species_WB,human,#084345,Not assessed
human:MB-HB:1334,cluster,cross_species_WB,human,#1C6D99,Not assessed
human:MB-HB:1335,cluster,cross_species_WB,human,#084345,Not assessed
human:MB-HB:1336,cluster,cross_species_WB,human,#485617,Not assessed
human:MB-HB:1337,cluster,cross_species_WB,human,#FFFC64,Not assessed
human:MB-HB:1338,cluster,cross_species_WB,human,#1B6D97,Not assessed
human:MB-HB:1339,cluster,cross_species_WB,human,#084345,Not assessed
human:MB-HB:134,cluster,cross_species_WB,human,#A924C6,Not assessed
human:MB-HB:1340,cluster,cross_species_WB,human,#1B6C95,Not assessed
human:MB-HB:1341,cluster,cross_species_WB,human,#084244,Not assessed
human:MB-HB:1342,cluster,cross_species_WB,human,#1A6C94,Not assessed
human:MB-HB:1343,cluster,cross_species_WB,human,#084244,Not assessed
human:MB-HB:1344,cluster,cross_species_WB,human,#1A6B92,Not assessed
human:MB-HB:1345,cluster,cross_species_WB,human,#084144,Not assessed
human:MB-HB:1346,cluster,cross_species_WB,human,#196A90,Not assessed
human:MB-HB:1347,cluster,cross_species_WB,human,#084144,Not assessed
human:MB-HB:1348,cluster,cross_species_WB,human,#196A8E,Not assessed
human:MB-HB:1349,cluster,cross_species_WB,human,#084044,Not assessed
human:MB-HB:135,cluster,cross_species_WB,human,#3C0D6C,Not assessed
human:MB-HB:1350,cluster,cross_species_WB,human,#18698C,Not assessed
human:MB-HB:1351,cluster,cross_species_WB,human,#084044,Not assessed
human:MB-HB:1352,cluster,cross_species_WB,human,#00014C,Not assessed
human:MB-HB:1353,cluster,cross_species_WB,human,#2D0597,Not assessed
human:MB-HB:1354,cluster,cross_species_WB,human,#00004C,Not assessed
human:MB-HB:1355,cluster,cross_species_WB,human,#2B0595,Not assessed
human:MB-HB:1356,cluster,cross_species_WB,human,#00004C,Not assessed
human:MB-HB:1357,cluster,cross_species_WB,human,#2A0593,Not assessed
human:MB-HB:1358,cluster,cross_species_WB,human,#01004C,Not assessed
human:MB-HB:1359,cluster,cross_species_WB,human,#FDB5E5,Not assessed
human:MB-HB:136,cluster,cross_species_WB,human,#5F1C69,Not assessed
human:MB-HB:1360,cluster,cross_species_WB,human,#280491,Not assessed
human:MB-HB:1361,cluster,cross_species_WB,human,#01004C,Not assessed
human:MB-HB:1362,cluster,cross_species_WB,human,#27048F,Not assessed
human:MB-HB:1363,cluster,cross_species_WB,human,#02004C,Not assessed
human:MB-HB:1364,cluster,cross_species_WB,human,#02E398,Not assessed
human:MB-HB:1365,cluster,cross_species_WB,human,#00B867,Not assessed
human:MB-HB:1366,cluster,cross_species_WB,human,#F4FD8A,Not assessed
human:MB-HB:1367,cluster,cross_species_WB,human,#FFF542,Not assessed
human:MB-HB:1368,cluster,cross_species_WB,human,#F7FE7B,Not assessed
human:MB-HB:1369,cluster,cross_species_WB,human,#4690DD,Not assessed
human:MB-HB:137,cluster,cross_species_WB,human,#4F0A5A,Not assessed
human:MB-HB:1370,cluster,cross_species_WB,human,#147DA0,Not assessed
human:MB-HB:1371,cluster,cross_species_WB,human,#458FDD,Not assessed
human:MB-HB:1372,cluster,cross_species_WB,human,#147DA1,Not assessed
human:MB-HB:1373,cluster,cross_species_WB,human,#448FDD,Not assessed
human:MB-HB:1374,cluster,cross_species_WB,human,#147EA3,Not assessed
human:MB-HB:1375,cluster,cross_species_WB,human,#428FDD,Not assessed
human:MB-HB:1376,cluster,cross_species_WB,human,#A45341,Not assessed
human:MB-HB:1377,cluster,cross_species_WB,human,#C29479,Not assessed
human:MB-HB:1378,cluster,cross_species_WB,human,#157EA4,Not assessed
human:MB-HB:1379,cluster,cross_species_WB,human,#418FDD,Not assessed
human:MB-HB:138,cluster,cross_species_WB,human,#D429AD,Not assessed
human:MB-HB:1380,cluster,cross_species_WB,human,#157FA5,Not assessed
human:MB-HB:1381,cluster,cross_species_WB,human,#3F8EDD,Not assessed
human:MB-HB:1382,cluster,cross_species_WB,human,#157FA6,Not assessed
human:MB-HB:1383,cluster,cross_species_WB,human,#6842DD,Not assessed
human:MB-HB:1384,cluster,cross_species_WB,human,#1519A6,Not assessed
human:MB-HB:1385,cluster,cross_species_WB,human,#633EDD,Not assessed
human:MB-HB:1386,cluster,cross_species_WB,human,#1618A9,Not assessed
human:MB-HB:1387,cluster,cross_species_WB,human,#5F3ADD,Not assessed
human:MB-HB:1388,cluster,cross_species_WB,human,#1717AC,Not assessed
human:MB-HB:1389,cluster,cross_species_WB,human,#5A36DD,Not assessed
human:MB-HB:139,cluster,cross_species_WB,human,#510A5B,Not assessed
human:MB-HB:1390,cluster,cross_species_WB,human,#1918AF,Not assessed
human:MB-HB:1391,cluster,cross_species_WB,human,#5533DC,Not assessed
human:MB-HB:1392,cluster,cross_species_WB,human,#1B18B3,Not assessed
human:MB-HB:1393,cluster,cross_species_WB,human,#3E8EDD,Not assessed
human:MB-HB:1394,cluster,cross_species_WB,human,#1580A8,Not assessed
human:MB-HB:1395,cluster,cross_species_WB,human,#3C8EDC,Not assessed
human:MB-HB:1396,cluster,cross_species_WB,human,#1680A9,Not assessed
human:MB-HB:1397,cluster,cross_species_WB,human,#3B8EDC,Not assessed
human:MB-HB:1398,cluster,cross_species_WB,human,#1681AA,Not assessed
human:MB-HB:1399,cluster,cross_species_WB,human,#FCFF50,Not assessed
human:MB-HB:14,cluster,cross_species_WB,human,#3B471E,Not assessed
human:MB-HB:140,cluster,cross_species_WB,human,#7DAC28,Not assessed
human:MB-HB:1400,cluster,cross_species_WB,human,#EDFE97,Not assessed
human:MB-HB:1401,cluster,cross_species_WB,human,#AA5944,Not assessed
human:MB-HB:1402,cluster,cross_species_WB,human,#C08D72,Not assessed
human:MB-HB:1403,cluster,cross_species_WB,human,#3A8EDC,Not assessed
human:MB-HB:1404,cluster,cross_species_WB,human,#502FDC,Not assessed
human:MB-HB:1405,cluster,cross_species_WB,human,#448B71,Not assessed
human:MB-HB:1406,cluster,cross_species_WB,human,#1E19B6,Not assessed
human:MB-HB:1407,cluster,cross_species_WB,human,#1D4B1D,Not assessed
human:MB-HB:1408,cluster,cross_species_WB,human,#1681AB,Not assessed
human:MB-HB:1409,cluster,cross_species_WB,human,#255D28,Not assessed
human:MB-HB:141,cluster,cross_species_WB,human,#806348,Not assessed
human:MB-HB:1410,cluster,cross_species_WB,human,#388EDC,Not assessed
human:MB-HB:1411,cluster,cross_species_WB,human,#48FF69,Not assessed
human:MB-HB:1412,cluster,cross_species_WB,human,#9FFEC0,Not assessed
human:MB-HB:1413,cluster,cross_species_WB,human,#53FF75,Not assessed
human:MB-HB:1414,cluster,cross_species_WB,human,#94FEB7,Not assessed
human:MB-HB:1415,cluster,cross_species_WB,human,#F9FF59,Not assessed
human:MB-HB:1416,cluster,cross_species_WB,human,#5EFF81,Not assessed
human:MB-HB:1417,cluster,cross_species_WB,human,#26048D,Not assessed
human:MB-HB:1418,cluster,cross_species_WB,human,#7D0028,Not assessed
human:MB-HB:1419,cluster,cross_species_WB,human,#9CC1C0,Not assessed
human:MB-HB:142,cluster,cross_species_WB,human,#898607,Not assessed
human:MB-HB:1420,cluster,cross_species_WB,human,#458D72,Not assessed
human:MB-HB:1421,cluster,cross_species_WB,human,#4B2BDC,Not assessed
human:MB-HB:1422,cluster,cross_species_WB,human,#9AC0BF,Not assessed
human:MB-HB:1423,cluster,cross_species_WB,human,#468E74,Not assessed
human:MB-HB:1424,cluster,cross_species_WB,human,#D3F8B1,Not assessed
human:MB-HB:1425,cluster,cross_species_WB,human,#C4F75F,Not assessed
human:MB-HB:1426,cluster,cross_species_WB,human,#7AFF7C,Not assessed
human:MB-HB:1427,cluster,cross_species_WB,human,#B4FEC6,Not assessed
human:MB-HB:1428,cluster,cross_species_WB,human,#D1F8AA,Not assessed
human:MB-HB:1429,cluster,cross_species_WB,human,#7EFF82,Not assessed
human:MB-HB:143,cluster,cross_species_WB,human,#AAE717,Not assessed
human:MB-HB:1430,cluster,cross_species_WB,human,#AA157D,Not assessed
human:MB-HB:1431,cluster,cross_species_WB,human,#7F5436,Not assessed
human:MB-HB:1432,cluster,cross_species_WB,human,#43004C,Not assessed
human:MB-HB:1433,cluster,cross_species_WB,human,#B4FEC5,Not assessed
human:MB-HB:1434,cluster,cross_species_WB,human,#8A0279,Not assessed
human:MB-HB:1435,cluster,cross_species_WB,human,#176988,Not assessed
human:MB-HB:1436,cluster,cross_species_WB,human,#44004C,Not assessed
human:MB-HB:1437,cluster,cross_species_WB,human,#131644,Not assessed
human:MB-HB:1438,cluster,cross_species_WB,human,#328582,Not assessed
human:MB-HB:1439,cluster,cross_species_WB,human,#5DA3B7,Not assessed
human:MB-HB:144,cluster,cross_species_WB,human,#A8266C,Not assessed
human:MB-HB:1440,cluster,cross_species_WB,human,#348886,Not assessed
human:MB-HB:1441,cluster,cross_species_WB,human,#5AA3B6,Not assessed
human:MB-HB:1442,cluster,cross_species_WB,human,#99BFBE,Not assessed
human:MB-HB:1443,cluster,cross_species_WB,human,#358A89,Not assessed
human:MB-HB:1444,cluster,cross_species_WB,human,#EDFEB4,Not assessed
human:MB-HB:1445,cluster,cross_species_WB,human,#FFFE69,Not assessed
human:MB-HB:1446,cluster,cross_species_WB,human,#EEFEB4,Not assessed
human:MB-HB:1447,cluster,cross_species_WB,human,#FEFF6E,Not assessed
human:MB-HB:1448,cluster,cross_species_WB,human,#478F75,Not assessed
human:MB-HB:1449,cluster,cross_species_WB,human,#EFFEB4,Not assessed
human:MB-HB:145,cluster,cross_species_WB,human,#7C355B,Not assessed
human:MB-HB:1450,cluster,cross_species_WB,human,#97BEBD,Not assessed
human:MB-HB:1451,cluster,cross_species_WB,human,#489177,Not assessed
human:MB-HB:1452,cluster,cross_species_WB,human,#96BEBC,Not assessed
human:MB-HB:1453,cluster,cross_species_WB,human,#499279,Not assessed
human:MB-HB:1454,cluster,cross_species_WB,human,#3A2D86,Not assessed
human:MB-HB:1455,cluster,cross_species_WB,human,#151749,Not assessed
human:MB-HB:1456,cluster,cross_species_WB,human,#362B82,Not assessed
human:MB-HB:1457,cluster,cross_species_WB,human,#16184E,Not assessed
human:MB-HB:1458,cluster,cross_species_WB,human,#860277,Not assessed
human:MB-HB:1459,cluster,cross_species_WB,human,#44004C,Not assessed
human:MB-HB:146,cluster,cross_species_WB,human,#498162,Not assessed
human:MB-HB:1460,cluster,cross_species_WB,human,#820275,Not assessed
human:MB-HB:1461,cluster,cross_species_WB,human,#45004C,Not assessed
human:MB-HB:1462,cluster,cross_species_WB,human,#7E0273,Not assessed
human:MB-HB:1463,cluster,cross_species_WB,human,#72B367,Not assessed
human:MB-HB:1464,cluster,cross_species_WB,human,#AFD1B3,Not assessed
human:MB-HB:1465,cluster,cross_species_WB,human,#74B46A,Not assessed
human:MB-HB:1466,cluster,cross_species_WB,human,#46004C,Not assessed
human:MB-HB:1467,cluster,cross_species_WB,human,#7A0170,Not assessed
human:MB-HB:1468,cluster,cross_species_WB,human,#47004C,Not assessed
human:MB-HB:1469,cluster,cross_species_WB,human,#2E7FD0,Not assessed
human:MB-HB:147,cluster,cross_species_WB,human,#367F52,Not assessed
human:MB-HB:1470,cluster,cross_species_WB,human,#196B8D,Not assessed
human:MB-HB:1471,cluster,cross_species_WB,human,#2D7ECC,Not assessed
human:MB-HB:1472,cluster,cross_species_WB,human,#1A6D91,Not assessed
human:MB-HB:1473,cluster,cross_species_WB,human,#2B7DC8,Not assessed
human:MB-HB:1474,cluster,cross_species_WB,human,#1B6F95,Not assessed
human:MB-HB:1475,cluster,cross_species_WB,human,#2A7DC4,Not assessed
human:MB-HB:1476,cluster,cross_species_WB,human,#1C709A,Not assessed
human:MB-HB:1477,cluster,cross_species_WB,human,#287CC0,Not assessed
human:MB-HB:1478,cluster,cross_species_WB,human,#1D729E,Not assessed
human:MB-HB:1479,cluster,cross_species_WB,human,#FCFF73,Not assessed
human:MB-HB:148,cluster,cross_species_WB,human,#5994DF,Not assessed
human:MB-HB:1480,cluster,cross_species_WB,human,#F0FEB3,Not assessed
human:MB-HB:1481,cluster,cross_species_WB,human,#FAFF78,Not assessed
human:MB-HB:1482,cluster,cross_species_WB,human,#F1FEB1,Not assessed
human:MB-HB:1483,cluster,cross_species_WB,human,#94BDBB,Not assessed
human:MB-HB:1484,cluster,cross_species_WB,human,#4A937A,Not assessed
human:MB-HB:1485,cluster,cross_species_WB,human,#92BCBA,Not assessed
human:MB-HB:1486,cluster,cross_species_WB,human,#4B947C,Not assessed
human:MB-HB:1487,cluster,cross_species_WB,human,#91BCB9,Not assessed
human:MB-HB:1488,cluster,cross_species_WB,human,#4C967D,Not assessed
human:MB-HB:1489,cluster,cross_species_WB,human,#8FBBB8,Not assessed
human:MB-HB:149,cluster,cross_species_WB,human,#58AF87,Not assessed
human:MB-HB:1490,cluster,cross_species_WB,human,#4D977F,Not assessed
human:MB-HB:1491,cluster,cross_species_WB,human,#AF8958,Not assessed
human:MB-HB:1492,cluster,cross_species_WB,human,#8C613D,Not assessed
human:MB-HB:1493,cluster,cross_species_WB,human,#32297D,Not assessed
human:MB-HB:1494,cluster,cross_species_WB,human,#8EBAB7,Not assessed
human:MB-HB:1495,cluster,cross_species_WB,human,#58A2B5,Not assessed
human:MB-HB:1496,cluster,cross_species_WB,human,#368D8C,Not assessed
human:MB-HB:1497,cluster,cross_species_WB,human,#55A2B4,Not assessed
human:MB-HB:1498,cluster,cross_species_WB,human,#388F8F,Not assessed
human:MB-HB:1499,cluster,cross_species_WB,human,#52A2B4,Not assessed
human:MB-HB:15,cluster,cross_species_WB,human,#D84BE1,Not assessed
human:MB-HB:150,cluster,cross_species_WB,human,#107690,Not assessed
human:MB-HB:1500,cluster,cross_species_WB,human,#399091,Not assessed
human:MB-HB:1501,cluster,cross_species_WB,human,#4FA2B3,Not assessed
human:MB-HB:1502,cluster,cross_species_WB,human,#3A9194,Not assessed
human:MB-HB:1503,cluster,cross_species_WB,human,#4CA1B2,Not assessed
human:MB-HB:1504,cluster,cross_species_WB,human,#4E9881,Not assessed
human:MB-HB:1505,cluster,cross_species_WB,human,#ADCFB0,Not assessed
human:MB-HB:1506,cluster,cross_species_WB,human,#8CBAB6,Not assessed
human:MB-HB:1507,cluster,cross_species_WB,human,#76B66D,Not assessed
human:MB-HB:1508,cluster,cross_species_WB,human,#277BBC,Not assessed
human:MB-HB:1509,cluster,cross_species_WB,human,#1F74A2,Not assessed
human:MB-HB:151,cluster,cross_species_WB,human,#5793DE,Not assessed
human:MB-HB:1510,cluster,cross_species_WB,human,#257AB8,Not assessed
human:MB-HB:1511,cluster,cross_species_WB,human,#4F9A82,Not assessed
human:MB-HB:1512,cluster,cross_species_WB,human,#181953,Not assessed
human:MB-HB:1513,cluster,cross_species_WB,human,#3B9396,Not assessed
human:MB-HB:1514,cluster,cross_species_WB,human,#8BB9B5,Not assessed
human:MB-HB:1515,cluster,cross_species_WB,human,#509B84,Not assessed
human:MB-HB:1516,cluster,cross_species_WB,human,#89B8B4,Not assessed
human:MB-HB:1517,cluster,cross_species_WB,human,#811259,Not assessed
human:MB-HB:1518,cluster,cross_species_WB,human,#B01D67,Not assessed
human:MB-HB:1519,cluster,cross_species_WB,human,#86135B,Not assessed
human:MB-HB:152,cluster,cross_species_WB,human,#107691,Not assessed
human:MB-HB:1520,cluster,cross_species_WB,human,#C4596A,Not assessed
human:MB-HB:1521,cluster,cross_species_WB,human,#D59D9A,Not assessed
human:MB-HB:1522,cluster,cross_species_WB,human,#C55D6C,Not assessed
human:MB-HB:1523,cluster,cross_species_WB,human,#D49996,Not assessed
human:MB-HB:1524,cluster,cross_species_WB,human,#C6616E,Not assessed
human:MB-HB:1525,cluster,cross_species_WB,human,#858CD9,Not assessed
human:MB-HB:1526,cluster,cross_species_WB,human,#D39593,Not assessed
human:MB-HB:1527,cluster,cross_species_WB,human,#C76470,Not assessed
human:MB-HB:1528,cluster,cross_species_WB,human,#D2918F,Not assessed
human:MB-HB:1529,cluster,cross_species_WB,human,#C76872,Not assessed
human:MB-HB:153,cluster,cross_species_WB,human,#C2B122,Not assessed
human:MB-HB:1530,cluster,cross_species_WB,human,#D18C8C,Not assessed
human:MB-HB:1531,cluster,cross_species_WB,human,#CAFD80,Not assessed
human:MB-HB:1532,cluster,cross_species_WB,human,#C86C74,Not assessed
human:MB-HB:1533,cluster,cross_species_WB,human,#D7FF22,Not assessed
human:MB-HB:1534,cluster,cross_species_WB,human,#CAFD7A,Not assessed
human:MB-HB:1535,cluster,cross_species_WB,human,#3E64CD,Not assessed
human:MB-HB:1536,cluster,cross_species_WB,human,#7F88D8,Not assessed
human:MB-HB:1537,cluster,cross_species_WB,human,#4467CE,Not assessed
human:MB-HB:1538,cluster,cross_species_WB,human,#7984D7,Not assessed
human:MB-HB:1539,cluster,cross_species_WB,human,#25F8CA,Not assessed
human:MB-HB:154,cluster,cross_species_WB,human,#714B0E,Not assessed
human:MB-HB:1540,cluster,cross_species_WB,human,#41F7D8,Not assessed
human:MB-HB:1541,cluster,cross_species_WB,human,#D6FF27,Not assessed
human:MB-HB:1542,cluster,cross_species_WB,human,#C0FF7F,Not assessed
human:MB-HB:1543,cluster,cross_species_WB,human,#C9FD75,Not assessed
human:MB-HB:1544,cluster,cross_species_WB,human,#D4FF2C,Not assessed
human:MB-HB:1545,cluster,cross_species_WB,human,#C9FD70,Not assessed
human:MB-HB:1546,cluster,cross_species_WB,human,#13BEFB,Not assessed
human:MB-HB:1547,cluster,cross_species_WB,human,#D2FF31,Not assessed
human:MB-HB:1548,cluster,cross_species_WB,human,#D2619A,Not assessed
human:MB-HB:1549,cluster,cross_species_WB,human,#D50043,Not assessed
human:MB-HB:155,cluster,cross_species_WB,human,#BFAC21,Not assessed
human:MB-HB:1550,cluster,cross_species_WB,human,#1781AD,Not assessed
human:MB-HB:1551,cluster,cross_species_WB,human,#4C0032,Not assessed
human:MB-HB:1552,cluster,cross_species_WB,human,#910242,Not assessed
human:MB-HB:1553,cluster,cross_species_WB,human,#4C0031,Not assessed
human:MB-HB:1554,cluster,cross_species_WB,human,#8B0241,Not assessed
human:MB-HB:1555,cluster,cross_species_WB,human,#C0308B,Not assessed
human:MB-HB:1556,cluster,cross_species_WB,human,#80C338,Not assessed
human:MB-HB:1557,cluster,cross_species_WB,human,#9CD482,Not assessed
human:MB-HB:1558,cluster,cross_species_WB,human,#82C63B,Not assessed
human:MB-HB:1559,cluster,cross_species_WB,human,#99D37C,Not assessed
human:MB-HB:156,cluster,cross_species_WB,human,#084545,Not assessed
human:MB-HB:1560,cluster,cross_species_WB,human,#83C740,Not assessed
human:MB-HB:1561,cluster,cross_species_WB,human,#5CD700,Not assessed
human:MB-HB:1562,cluster,cross_species_WB,human,#5BFF00,Not assessed
human:MB-HB:1563,cluster,cross_species_WB,human,#162D4C,Not assessed
human:MB-HB:1564,cluster,cross_species_WB,human,#293F7F,Not assessed
human:MB-HB:1565,cluster,cross_species_WB,human,#172E50,Not assessed
human:MB-HB:1566,cluster,cross_species_WB,human,#005BA4,Not assessed
human:MB-HB:1567,cluster,cross_species_WB,human,#283E7C,Not assessed
human:MB-HB:1568,cluster,cross_species_WB,human,#0450ED,Not assessed
human:MB-HB:1569,cluster,cross_species_WB,human,#005BA7,Not assessed
human:MB-HB:157,cluster,cross_species_WB,human,#744E0F,Not assessed
human:MB-HB:1570,cluster,cross_species_WB,human,#0351EA,Not assessed
human:MB-HB:1571,cluster,cross_species_WB,human,#17D500,Not assessed
human:MB-HB:1572,cluster,cross_species_WB,human,#B14839,Not assessed
human:MB-HB:1573,cluster,cross_species_WB,human,#842528,Not assessed
human:MB-HB:1574,cluster,cross_species_WB,human,#AD4437,Not assessed
human:MB-HB:1575,cluster,cross_species_WB,human,#882729,Not assessed
human:MB-HB:1576,cluster,cross_species_WB,human,#A94035,Not assessed
human:MB-HB:1577,cluster,cross_species_WB,human,#96D277,Not assessed
human:MB-HB:1578,cluster,cross_species_WB,human,#EE4F74,Not assessed
human:MB-HB:1579,cluster,cross_species_WB,human,#EE1765,Not assessed
human:MB-HB:158,cluster,cross_species_WB,human,#BCA821,Not assessed
human:MB-HB:1580,cluster,cross_species_WB,human,#74000D,Not assessed
human:MB-HB:1581,cluster,cross_species_WB,human,#413BB5,Not assessed
human:MB-HB:1582,cluster,cross_species_WB,human,#45080F,Not assessed
human:MB-HB:1583,cluster,cross_species_WB,human,#8D2929,Not assessed
human:MB-HB:1584,cluster,cross_species_WB,human,#00ACBF,Not assessed
human:MB-HB:1585,cluster,cross_species_WB,human,#09C0FC,Not assessed
human:MB-HB:1586,cluster,cross_species_WB,human,#00B0C8,Not assessed
human:MB-HB:1587,cluster,cross_species_WB,human,#FB2DFF,Not assessed
human:MB-HB:1588,cluster,cross_species_WB,human,#A03C1E,Not assessed
human:MB-HB:1589,cluster,cross_species_WB,human,#BC0D02,Not assessed
human:MB-HB:159,cluster,cross_species_WB,human,#1D6F9E,Not assessed
human:MB-HB:1590,cluster,cross_species_WB,human,#7B000B,Not assessed
human:MB-HB:1591,cluster,cross_species_WB,human,#243080,Not assessed
human:MB-HB:1592,cluster,cross_species_WB,human,#B50902,Not assessed
human:MB-HB:1593,cluster,cross_species_WB,human,#3D39B1,Not assessed
human:MB-HB:1594,cluster,cross_species_WB,human,#83000A,Not assessed
human:MB-HB:1595,cluster,cross_species_WB,human,#AE0501,Not assessed
human:MB-HB:1596,cluster,cross_species_WB,human,#253084,Not assessed
human:MB-HB:1597,cluster,cross_species_WB,human,#45080E,Not assessed
human:MB-HB:1598,cluster,cross_species_WB,human,#9E3B1D,Not assessed
human:MB-HB:1599,cluster,cross_species_WB,human,#45080E,Not assessed
human:MB-HB:16,cluster,cross_species_WB,human,#6F13AA,Not assessed
human:MB-HB:160,cluster,cross_species_WB,human,#084445,Not assessed
human:MB-HB:1600,cluster,cross_species_WB,human,#9D391D,Not assessed
human:MB-HB:1601,cluster,cross_species_WB,human,#45080E,Not assessed
human:MB-HB:1602,cluster,cross_species_WB,human,#9B381C,Not assessed
human:MB-HB:1603,cluster,cross_species_WB,human,#45080E,Not assessed
human:MB-HB:1604,cluster,cross_species_WB,human,#99371C,Not assessed
human:MB-HB:1605,cluster,cross_species_WB,human,#45080D,Not assessed
human:MB-HB:1606,cluster,cross_species_WB,human,#98351C,Not assessed
human:MB-HB:1607,cluster,cross_species_WB,human,#45080D,Not assessed
human:MB-HB:1608,cluster,cross_species_WB,human,#96341B,Not assessed
human:MB-HB:1609,cluster,cross_species_WB,human,#44080D,Not assessed
human:MB-HB:161,cluster,cross_species_WB,human,#1D6F9C,Not assessed
human:MB-HB:1610,cluster,cross_species_WB,human,#94331B,Not assessed
human:MB-HB:1611,cluster,cross_species_WB,human,#44080D,Not assessed
human:MB-HB:1612,cluster,cross_species_WB,human,#496176,Not assessed
human:MB-HB:1613,cluster,cross_species_WB,human,#344C5A,Not assessed
human:MB-HB:1614,cluster,cross_species_WB,human,#465D71,Not assessed
human:MB-HB:1615,cluster,cross_species_WB,human,#93311A,Not assessed
human:MB-HB:1616,cluster,cross_species_WB,human,#311140,Not assessed
human:MB-HB:1617,cluster,cross_species_WB,human,#85FC55,Not assessed
human:MB-HB:1618,cluster,cross_species_WB,human,#882F8A,Not assessed
human:MB-HB:1619,cluster,cross_species_WB,human,#66D685,Not assessed
human:MB-HB:162,cluster,cross_species_WB,human,#084445,Not assessed
human:MB-HB:1620,cluster,cross_species_WB,human,#341243,Not assessed
human:MB-HB:1621,cluster,cross_species_WB,human,#852E88,Not assessed
human:MB-HB:1622,cluster,cross_species_WB,human,#361345,Not assessed
human:MB-HB:1623,cluster,cross_species_WB,human,#822C85,Not assessed
human:MB-HB:1624,cluster,cross_species_WB,human,#391448,Not assessed
human:MB-HB:1625,cluster,cross_species_WB,human,#7F2B83,Not assessed
human:MB-HB:1626,cluster,cross_species_WB,human,#3B154A,Not assessed
human:MB-HB:1627,cluster,cross_species_WB,human,#88844E,Not assessed
human:MB-HB:1628,cluster,cross_species_WB,human,#7B2A81,Not assessed
human:MB-HB:1629,cluster,cross_species_WB,human,#3E164D,Not assessed
human:MB-HB:163,cluster,cross_species_WB,human,#00024C,Not assessed
human:MB-HB:1630,cluster,cross_species_WB,human,#28B82C,Not assessed
human:MB-HB:1631,cluster,cross_species_WB,human,#88F604,Not assessed
human:MB-HB:1632,cluster,cross_species_WB,human,#82FF87,Not assessed
human:MB-HB:1633,cluster,cross_species_WB,human,#B3FEC4,Not assessed
human:MB-HB:1634,cluster,cross_species_WB,human,#78297E,Not assessed
human:MB-HB:1635,cluster,cross_species_WB,human,#86FF8C,Not assessed
human:MB-HB:1636,cluster,cross_species_WB,human,#B3FEC4,Not assessed
human:MB-HB:1637,cluster,cross_species_WB,human,#63D581,Not assessed
human:MB-HB:1638,cluster,cross_species_WB,human,#29BB2F,Not assessed
human:MB-HB:1639,cluster,cross_species_WB,human,#5FD57D,Not assessed
human:MB-HB:164,cluster,cross_species_WB,human,#FFEF34,Not assessed
human:MB-HB:1640,cluster,cross_species_WB,human,#2ABE32,Not assessed
human:MB-HB:1641,cluster,cross_species_WB,human,#5CD479,Not assessed
human:MB-HB:1642,cluster,cross_species_WB,human,#2BC134,Not assessed
human:MB-HB:1643,cluster,cross_species_WB,human,#7AA500,Not assessed
human:MB-HB:1644,cluster,cross_species_WB,human,#58D475,Not assessed
human:MB-HB:1645,cluster,cross_species_WB,human,#2CC437,Not assessed
human:MB-HB:1646,cluster,cross_species_WB,human,#88F003,Not assessed
human:MB-HB:1647,cluster,cross_species_WB,human,#7CAB00,Not assessed
human:MB-HB:1648,cluster,cross_species_WB,human,#55D371,Not assessed
human:MB-HB:1649,cluster,cross_species_WB,human,#2DC73A,Not assessed
human:MB-HB:165,cluster,cross_species_WB,human,#009D4D,Not assessed
human:MB-HB:1650,cluster,cross_species_WB,human,#88EA03,Not assessed
human:MB-HB:1651,cluster,cross_species_WB,human,#4E36C0,Not assessed
human:MB-HB:1652,cluster,cross_species_WB,human,#AB85D5,Not assessed
human:MB-HB:1653,cluster,cross_species_WB,human,#5037C2,Not assessed
human:MB-HB:1654,cluster,cross_species_WB,human,#A883D4,Not assessed
human:MB-HB:1655,cluster,cross_species_WB,human,#5338C4,Not assessed
human:MB-HB:1656,cluster,cross_species_WB,human,#8CD262,Not assessed
human:MB-HB:1657,cluster,cross_species_WB,human,#80B62C,Not assessed
human:MB-HB:1658,cluster,cross_species_WB,human,#32006F,Not assessed
human:MB-HB:1659,cluster,cross_species_WB,human,#A680D4,Not assessed
human:MB-HB:166,cluster,cross_species_WB,human,#04F7B4,Not assessed
human:MB-HB:1660,cluster,cross_species_WB,human,#C5A9DA,Not assessed
human:MB-HB:1661,cluster,cross_species_WB,human,#664AC1,Not assessed
human:MB-HB:1662,cluster,cross_species_WB,human,#C4A7D9,Not assessed
human:MB-HB:1663,cluster,cross_species_WB,human,#5639C6,Not assessed
human:MB-HB:1664,cluster,cross_species_WB,human,#519C86,Not assessed
human:MB-HB:1665,cluster,cross_species_WB,human,#694CC2,Not assessed
human:MB-HB:1666,cluster,cross_species_WB,human,#87B7B3,Not assessed
human:MB-HB:1667,cluster,cross_species_WB,human,#C782D4,Not assessed
human:MB-HB:1668,cluster,cross_species_WB,human,#8B38C5,Not assessed
human:MB-HB:1669,cluster,cross_species_WB,human,#C57FD3,Not assessed
human:MB-HB:167,cluster,cross_species_WB,human,#0BAFC6,Not assessed
human:MB-HB:1670,cluster,cross_species_WB,human,#AACEAD,Not assessed
human:MB-HB:1671,cluster,cross_species_WB,human,#8E3BC6,Not assessed
human:MB-HB:1672,cluster,cross_species_WB,human,#C37CD3,Not assessed
human:MB-HB:1673,cluster,cross_species_WB,human,#913EC7,Not assessed
human:MB-HB:1674,cluster,cross_species_WB,human,#C179D2,Not assessed
human:MB-HB:1675,cluster,cross_species_WB,human,#9441C7,Not assessed
human:MB-HB:1676,cluster,cross_species_WB,human,#BE76D1,Not assessed
human:MB-HB:1677,cluster,cross_species_WB,human,#9744C8,Not assessed
human:MB-HB:1678,cluster,cross_species_WB,human,#BC73D1,Not assessed
human:MB-HB:1679,cluster,cross_species_WB,human,#79B770,Not assessed
human:MB-HB:168,cluster,cross_species_WB,human,#00A252,Not assessed
human:MB-HB:1680,cluster,cross_species_WB,human,#A7CCAA,Not assessed
human:MB-HB:1681,cluster,cross_species_WB,human,#7BB873,Not assessed
human:MB-HB:1682,cluster,cross_species_WB,human,#9A48C8,Not assessed
human:MB-HB:1683,cluster,cross_species_WB,human,#A4CBA7,Not assessed
human:MB-HB:1684,cluster,cross_species_WB,human,#BA70D0,Not assessed
human:MB-HB:1685,cluster,cross_species_WB,human,#7DB976,Not assessed
human:MB-HB:1686,cluster,cross_species_WB,human,#A1CAA3,Not assessed
human:MB-HB:1687,cluster,cross_species_WB,human,#4BA0AF,Not assessed
human:MB-HB:1688,cluster,cross_species_WB,human,#3EFF9D,Not assessed
human:MB-HB:1689,cluster,cross_species_WB,human,#9D4BC9,Not assessed
human:MB-HB:169,cluster,cross_species_WB,human,#04F2AD,Not assessed
human:MB-HB:1690,cluster,cross_species_WB,human,#B86DCF,Not assessed
human:MB-HB:1691,cluster,cross_species_WB,human,#F9FF7D,Not assessed
human:MB-HB:1692,cluster,cross_species_WB,human,#F1FEAC,Not assessed
human:MB-HB:1693,cluster,cross_species_WB,human,#8BD15F,Not assessed
human:MB-HB:1694,cluster,cross_species_WB,human,#80B92D,Not assessed
human:MB-HB:1695,cluster,cross_species_WB,human,#1FE337,Not assessed
human:MB-HB:1696,cluster,cross_species_WB,human,#8AD15C,Not assessed
human:MB-HB:1697,cluster,cross_species_WB,human,#81BC2E,Not assessed
human:MB-HB:1698,cluster,cross_species_WB,human,#89D058,Not assessed
human:MB-HB:1699,cluster,cross_species_WB,human,#74E89D,Not assessed
human:MB-HB:17,cluster,cross_species_WB,human,#D648E1,Not assessed
human:MB-HB:170,cluster,cross_species_WB,human,#00A857,Not assessed
human:MB-HB:1700,cluster,cross_species_WB,human,#939609,Not assessed
human:MB-HB:1701,cluster,cross_species_WB,human,#81BE2F,Not assessed
human:MB-HB:1702,cluster,cross_species_WB,human,#23E43E,Not assessed
human:MB-HB:1703,cluster,cross_species_WB,human,#6FE898,Not assessed
human:MB-HB:1704,cluster,cross_species_WB,human,#28E444,Not assessed
human:MB-HB:1705,cluster,cross_species_WB,human,#AA6A17,Not assessed
human:MB-HB:1706,cluster,cross_species_WB,human,#DDAF38,Not assessed
human:MB-HB:1707,cluster,cross_species_WB,human,#6BE794,Not assessed
human:MB-HB:1708,cluster,cross_species_WB,human,#A9DB14,Not assessed
human:MB-HB:1709,cluster,cross_species_WB,human,#959909,Not assessed
human:MB-HB:171,cluster,cross_species_WB,human,#03EDA6,Not assessed
human:MB-HB:1710,cluster,cross_species_WB,human,#8603C0,Not assessed
human:MB-HB:1711,cluster,cross_species_WB,human,#350072,Not assessed
human:MB-HB:1712,cluster,cross_species_WB,human,#8203BD,Not assessed
human:MB-HB:1713,cluster,cross_species_WB,human,#380076,Not assessed
human:MB-HB:1714,cluster,cross_species_WB,human,#7E02BA,Not assessed
human:MB-HB:1715,cluster,cross_species_WB,human,#529D87,Not assessed
human:MB-HB:1716,cluster,cross_species_WB,human,#3B007A,Not assessed
human:MB-HB:1717,cluster,cross_species_WB,human,#86B7B2,Not assessed
human:MB-HB:1718,cluster,cross_species_WB,human,#A9D814,Not assessed
human:MB-HB:1719,cluster,cross_species_WB,human,#969C0A,Not assessed
human:MB-HB:172,cluster,cross_species_WB,human,#00AD5D,Not assessed
human:MB-HB:1720,cluster,cross_species_WB,human,#A9D513,Not assessed
human:MB-HB:1721,cluster,cross_species_WB,human,#FDB5E6,Not assessed
human:MB-HB:1722,cluster,cross_species_WB,human,#989F0A,Not assessed
human:MB-HB:1723,cluster,cross_species_WB,human,#FC2FFF,Not assessed
human:MB-HB:1724,cluster,cross_species_WB,human,#FDB5E6,Not assessed
human:MB-HB:1725,cluster,cross_species_WB,human,#FD31FF,Not assessed
human:MB-HB:1726,cluster,cross_species_WB,human,#FDB5E7,Not assessed
human:MB-HB:1727,cluster,cross_species_WB,human,#FE33FF,Not assessed
human:MB-HB:1728,cluster,cross_species_WB,human,#FDB4E7,Not assessed
human:MB-HB:1729,cluster,cross_species_WB,human,#FF35FF,Not assessed
human:MB-HB:173,cluster,cross_species_WB,human,#03E89F,Not assessed
human:MB-HB:1730,cluster,cross_species_WB,human,#FDB3E7,Not assessed
human:MB-HB:1731,cluster,cross_species_WB,human,#FF37FE,Not assessed
human:MB-HB:1732,cluster,cross_species_WB,human,#FDB1E7,Not assessed
human:MB-HB:1733,cluster,cross_species_WB,human,#FF3AFD,Not assessed
human:MB-HB:1734,cluster,cross_species_WB,human,#FDAEE6,Not assessed
human:MB-HB:1735,cluster,cross_species_WB,human,#FF3CFC,Not assessed
human:MB-HB:1736,cluster,cross_species_WB,human,#FDACE6,Not assessed
human:MB-HB:1737,cluster,cross_species_WB,human,#FF3EFB,Not assessed
human:MB-HB:1738,cluster,cross_species_WB,human,#3DDDAF,Not assessed
human:MB-HB:1739,cluster,cross_species_WB,human,#17AB62,Not assessed
human:MB-HB:174,cluster,cross_species_WB,human,#00B362,Not assessed
human:MB-HB:1740,cluster,cross_species_WB,human,#37DDAB,Not assessed
human:MB-HB:1741,cluster,cross_species_WB,human,#18B067,Not assessed
human:MB-HB:1742,cluster,cross_species_WB,human,#FA7349,Not assessed
human:MB-HB:1743,cluster,cross_species_WB,human,#BD000F,Not assessed
human:MB-HB:1744,cluster,cross_species_WB,human,#294B2D,Not assessed
human:MB-HB:1745,cluster,cross_species_WB,human,#527F63,Not assessed
human:MB-HB:1746,cluster,cross_species_WB,human,#2A4C2E,Not assessed
human:MB-HB:1747,cluster,cross_species_WB,human,#FDAAE6,Not assessed
human:MB-HB:1748,cluster,cross_species_WB,human,#FA7147,Not assessed
human:MB-HB:1749,cluster,cross_species_WB,human,#BF000E,Not assessed
human:MB-HB:175,cluster,cross_species_WB,human,#151AA2,Not assessed
human:MB-HB:1750,cluster,cross_species_WB,human,#FA6F45,Not assessed
human:MB-HB:1751,cluster,cross_species_WB,human,#C0000D,Not assessed
human:MB-HB:1752,cluster,cross_species_WB,human,#FA6D44,Not assessed
human:MB-HB:1753,cluster,cross_species_WB,human,#C2000D,Not assessed
human:MB-HB:1754,cluster,cross_species_WB,human,#FA6B42,Not assessed
human:MB-HB:1755,cluster,cross_species_WB,human,#C4000C,Not assessed
human:MB-HB:1756,cluster,cross_species_WB,human,#FA6940,Not assessed
human:MB-HB:1757,cluster,cross_species_WB,human,#C5000B,Not assessed
human:MB-HB:1758,cluster,cross_species_WB,human,#FA663E,Not assessed
human:MB-HB:1759,cluster,cross_species_WB,human,#C7000B,Not assessed
human:MB-HB:176,cluster,cross_species_WB,human,#5693DE,Not assessed
human:MB-HB:1760,cluster,cross_species_WB,human,#FA643C,Not assessed
human:MB-HB:1761,cluster,cross_species_WB,human,#C9000A,Not assessed
human:MB-HB:1762,cluster,cross_species_WB,human,#FB623B,Not assessed
human:MB-HB:1763,cluster,cross_species_WB,human,#CB0009,Not assessed
human:MB-HB:1764,cluster,cross_species_WB,human,#FB6039,Not assessed
human:MB-HB:1765,cluster,cross_species_WB,human,#CC0008,Not assessed
human:MB-HB:1766,cluster,cross_species_WB,human,#FB5E37,Not assessed
human:MB-HB:1767,cluster,cross_species_WB,human,#44080C,Not assessed
human:MB-HB:1768,cluster,cross_species_WB,human,#91301A,Not assessed
human:MB-HB:1769,cluster,cross_species_WB,human,#CE0008,Not assessed
human:MB-HB:177,cluster,cross_species_WB,human,#117792,Not assessed
human:MB-HB:1770,cluster,cross_species_WB,human,#FB5B35,Not assessed
human:MB-HB:1771,cluster,cross_species_WB,human,#D00007,Not assessed
human:MB-HB:1772,cluster,cross_species_WB,human,#FB5933,Not assessed
human:MB-HB:1773,cluster,cross_species_WB,human,#D10006,Not assessed
human:MB-HB:1774,cluster,cross_species_WB,human,#FB5731,Not assessed
human:MB-HB:1775,cluster,cross_species_WB,human,#D30005,Not assessed
human:MB-HB:1776,cluster,cross_species_WB,human,#FB5530,Not assessed
human:MB-HB:1777,cluster,cross_species_WB,human,#D50004,Not assessed
human:MB-HB:1778,cluster,cross_species_WB,human,#FB522E,Not assessed
human:MB-HB:1779,cluster,cross_species_WB,human,#D70004,Not assessed
human:MB-HB:178,cluster,cross_species_WB,human,#5592DE,Not assessed
human:MB-HB:1780,cluster,cross_species_WB,human,#FB502C,Not assessed
human:MB-HB:1781,cluster,cross_species_WB,human,#D80003,Not assessed
human:MB-HB:1782,cluster,cross_species_WB,human,#FC4E2A,Not assessed
human:MB-HB:1783,cluster,cross_species_WB,human,#DA0002,Not assessed
human:MB-HB:1784,cluster,cross_species_WB,human,#FC4B28,Not assessed
human:MB-HB:1785,cluster,cross_species_WB,human,#4FA95B,Not assessed
human:MB-HB:1786,cluster,cross_species_WB,human,#3E8E41,Not assessed
human:MB-HB:1787,cluster,cross_species_WB,human,#4CA455,Not assessed
human:MB-HB:1788,cluster,cross_species_WB,human,#335958,Not assessed
human:MB-HB:1789,cluster,cross_species_WB,human,#3A7083,Not assessed
human:MB-HB:179,cluster,cross_species_WB,human,#72FF71,Not assessed
human:MB-HB:1790,cluster,cross_species_WB,human,#295E65,Not assessed
human:MB-HB:1791,cluster,cross_species_WB,human,#396F81,Not assessed
human:MB-HB:1792,cluster,cross_species_WB,human,#722278,Not assessed
human:MB-HB:1793,cluster,cross_species_WB,human,#A93798,Not assessed
human:MB-HB:1794,cluster,cross_species_WB,human,#75227A,Not assessed
human:MB-HB:1795,cluster,cross_species_WB,human,#2A5F67,Not assessed
human:MB-HB:1796,cluster,cross_species_WB,human,#A73698,Not assessed
human:MB-HB:1797,cluster,cross_species_WB,human,#386E7F,Not assessed
human:MB-HB:1798,cluster,cross_species_WB,human,#C06F65,Not assessed
human:MB-HB:1799,cluster,cross_species_WB,human,#A23A3E,Not assessed
human:MB-HB:18,cluster,cross_species_WB,human,#7213AD,Not assessed
human:MB-HB:180,cluster,cross_species_WB,human,#C4F758,Not assessed
human:MB-HB:1800,cluster,cross_species_WB,human,#664E87,Not assessed
human:MB-HB:1801,cluster,cross_species_WB,human,#8E70A5,Not assessed
human:MB-HB:1802,cluster,cross_species_WB,human,#6D528D,Not assessed
human:MB-HB:1803,cluster,cross_species_WB,human,#CCFF05,Not assessed
human:MB-HB:1804,cluster,cross_species_WB,human,#6FFF3E,Not assessed
human:MB-HB:1805,cluster,cross_species_WB,human,#BCFC4A,Not assessed
human:MB-HB:1806,cluster,cross_species_WB,human,#CCFF06,Not assessed
human:MB-HB:1807,cluster,cross_species_WB,human,#BCFD48,Not assessed
human:MB-HB:1808,cluster,cross_species_WB,human,#CBFF08,Not assessed
human:MB-HB:1809,cluster,cross_species_WB,human,#D08C5B,Not assessed
human:MB-HB:181,cluster,cross_species_WB,human,#C25266,Not assessed
human:MB-HB:1810,cluster,cross_species_WB,human,#853CA3,Not assessed
human:MB-HB:1811,cluster,cross_species_WB,human,#BC4F2E,Not assessed
human:MB-HB:1812,cluster,cross_species_WB,human,#D08958,Not assessed
human:MB-HB:1813,cluster,cross_species_WB,human,#BF512F,Not assessed
human:MB-HB:1814,cluster,cross_species_WB,human,#CF8655,Not assessed
human:MB-HB:1815,cluster,cross_species_WB,human,#C15430,Not assessed
human:MB-HB:1816,cluster,cross_species_WB,human,#CF8352,Not assessed
human:MB-HB:1817,cluster,cross_species_WB,human,#C35731,Not assessed
human:MB-HB:1818,cluster,cross_species_WB,human,#3B1D60,Not assessed
human:MB-HB:1819,cluster,cross_species_WB,human,#CF804F,Not assessed
human:MB-HB:182,cluster,cross_species_WB,human,#D7A5A1,Not assessed
human:MB-HB:1820,cluster,cross_species_WB,human,#89FE78,Not assessed
human:MB-HB:1821,cluster,cross_species_WB,human,#72FF46,Not assessed
human:MB-HB:1822,cluster,cross_species_WB,human,#BDFD47,Not assessed
human:MB-HB:1823,cluster,cross_species_WB,human,#CBFF09,Not assessed
human:MB-HB:1824,cluster,cross_species_WB,human,#C55932,Not assessed
human:MB-HB:1825,cluster,cross_species_WB,human,#CE7D4D,Not assessed
human:MB-HB:1826,cluster,cross_species_WB,human,#FED9B4,Not assessed
human:MB-HB:1827,cluster,cross_species_WB,human,#FF9A71,Not assessed
human:MB-HB:1828,cluster,cross_species_WB,human,#FED8B4,Not assessed
human:MB-HB:1829,cluster,cross_species_WB,human,#FF9C73,Not assessed
human:MB-HB:183,cluster,cross_species_WB,human,#D9FF1D,Not assessed
human:MB-HB:1830,cluster,cross_species_WB,human,#FED8B4,Not assessed
human:MB-HB:1831,cluster,cross_species_WB,human,#FF9F75,Not assessed
human:MB-HB:1832,cluster,cross_species_WB,human,#FED8B4,Not assessed
human:MB-HB:1833,cluster,cross_species_WB,human,#FFA178,Not assessed
human:MB-HB:1834,cluster,cross_species_WB,human,#833BA2,Not assessed
human:MB-HB:1835,cluster,cross_species_WB,human,#8617BD,Not assessed
human:MB-HB:1836,cluster,cross_species_WB,human,#3D1D62,Not assessed
human:MB-HB:1837,cluster,cross_species_WB,human,#C833E0,Not assessed
human:MB-HB:1838,cluster,cross_species_WB,human,#8A17BF,Not assessed
human:MB-HB:1839,cluster,cross_species_WB,human,#22777D,Not assessed
human:MB-HB:184,cluster,cross_species_WB,human,#3862CC,Not assessed
human:MB-HB:1840,cluster,cross_species_WB,human,#3B93B4,Not assessed
human:MB-HB:1841,cluster,cross_species_WB,human,#C630E0,Not assessed
human:MB-HB:1842,cluster,cross_species_WB,human,#8D18C2,Not assessed
human:MB-HB:1843,cluster,cross_species_WB,human,#C42DE0,Not assessed
human:MB-HB:1844,cluster,cross_species_WB,human,#9118C4,Not assessed
human:MB-HB:1845,cluster,cross_species_WB,human,#84E6E8,Not assessed
human:MB-HB:1846,cluster,cross_species_WB,human,#BB03BF,Not assessed
human:MB-HB:1847,cluster,cross_species_WB,human,#C1E7F0,Not assessed
human:MB-HB:1848,cluster,cross_species_WB,human,#2A017E,Not assessed
human:MB-HB:1849,cluster,cross_species_WB,human,#560073,Not assessed
human:MB-HB:185,cluster,cross_species_WB,human,#C35568,Not assessed
human:MB-HB:1850,cluster,cross_species_WB,human,#B603BC,Not assessed
human:MB-HB:1851,cluster,cross_species_WB,human,#24797F,Not assessed
human:MB-HB:1852,cluster,cross_species_WB,human,#5A0077,Not assessed
human:MB-HB:1853,cluster,cross_species_WB,human,#3992B2,Not assessed
human:MB-HB:1854,cluster,cross_species_WB,human,#B102B9,Not assessed
human:MB-HB:1855,cluster,cross_species_WB,human,#EFC727,Not assessed
human:MB-HB:1856,cluster,cross_species_WB,human,#EFDA4F,Not assessed
human:MB-HB:1857,cluster,cross_species_WB,human,#8A3D62,Not assessed
human:MB-HB:1858,cluster,cross_species_WB,human,#AA5271,Not assessed
human:MB-HB:1859,cluster,cross_species_WB,human,#275D79,Not assessed
human:MB-HB:186,cluster,cross_species_WB,human,#D6A19D,Not assessed
human:MB-HB:1860,cluster,cross_species_WB,human,#6F0A65,Not assessed
human:MB-HB:1861,cluster,cross_species_WB,human,#A8157C,Not assessed
human:MB-HB:1862,cluster,cross_species_WB,human,#720B66,Not assessed
human:MB-HB:1863,cluster,cross_species_WB,human,#A6147C,Not assessed
human:MB-HB:1864,cluster,cross_species_WB,human,#740B67,Not assessed
human:MB-HB:1865,cluster,cross_species_WB,human,#A3147B,Not assessed
human:MB-HB:1866,cluster,cross_species_WB,human,#760B69,Not assessed
human:MB-HB:1867,cluster,cross_species_WB,human,#DC077E,Not assessed
human:MB-HB:1868,cluster,cross_species_WB,human,#A4026F,Not assessed
human:MB-HB:1869,cluster,cross_species_WB,human,#CF6B88,Not assessed
human:MB-HB:187,cluster,cross_species_WB,human,#458499,Not assessed
human:MB-HB:1870,cluster,cross_species_WB,human,#DC0682,Not assessed
human:MB-HB:1871,cluster,cross_species_WB,human,#F51F87,Not assessed
human:MB-HB:1872,cluster,cross_species_WB,human,#88D055,Not assessed
human:MB-HB:1873,cluster,cross_species_WB,human,#82C130,Not assessed
human:MB-HB:1874,cluster,cross_species_WB,human,#9DFE9A,Not assessed
human:MB-HB:1875,cluster,cross_species_WB,human,#75FF53,Not assessed
human:MB-HB:1876,cluster,cross_species_WB,human,#99FE94,Not assessed
human:MB-HB:1877,cluster,cross_species_WB,human,#DC0001,Not assessed
human:MB-HB:1878,cluster,cross_species_WB,human,#FC4926,Not assessed
human:MB-HB:1879,cluster,cross_species_WB,human,#6FF3FD,Not assessed
human:MB-HB:188,cluster,cross_species_WB,human,#00FA68,Not assessed
human:MB-HB:1880,cluster,cross_species_WB,human,#33FFF3,Not assessed
human:MB-HB:1881,cluster,cross_species_WB,human,#18688B,Not assessed
human:MB-HB:1882,cluster,cross_species_WB,human,#77FF58,Not assessed
human:MB-HB:1883,cluster,cross_species_WB,human,#66F741,Not assessed
human:MB-HB:1884,cluster,cross_species_WB,human,#FD6C13,Not assessed
human:MB-HB:1885,cluster,cross_species_WB,human,#95FE8F,Not assessed
human:MB-HB:1886,cluster,cross_species_WB,human,#7AFF5E,Not assessed
human:MB-HB:1887,cluster,cross_species_WB,human,#084044,Not assessed
human:MB-HB:1888,cluster,cross_species_WB,human,#91FE89,Not assessed
human:MB-HB:1889,cluster,cross_species_WB,human,#738249,Not assessed
human:MB-HB:189,cluster,cross_species_WB,human,#53FCB7,Not assessed
human:MB-HB:1890,cluster,cross_species_WB,human,#7E00C1,Not assessed
human:MB-HB:1891,cluster,cross_species_WB,human,#90A877,Not assessed
human:MB-HB:1892,cluster,cross_species_WB,human,#75844B,Not assessed
human:MB-HB:1893,cluster,cross_species_WB,human,#9901D8,Not assessed
human:MB-HB:1894,cluster,cross_species_WB,human,#D4D195,Not assessed
human:MB-HB:1895,cluster,cross_species_WB,human,#8EA774,Not assessed
human:MB-HB:1896,cluster,cross_species_WB,human,#C7B565,Not assessed
human:MB-HB:1897,cluster,cross_species_WB,human,#97BA20,Not assessed
human:MB-HB:1898,cluster,cross_species_WB,human,#855B39,Not assessed
human:MB-HB:1899,cluster,cross_species_WB,human,#4FC741,Not assessed
human:MB-HB:19,cluster,cross_species_WB,human,#1F7274,Not assessed
human:MB-HB:190,cluster,cross_species_WB,human,#06FF73,Not assessed
human:MB-HB:1900,cluster,cross_species_WB,human,#AC8652,Not assessed
human:MB-HB:1901,cluster,cross_species_WB,human,#8C623D,Not assessed
human:MB-HB:1902,cluster,cross_species_WB,human,#A67F4D,Not assessed
human:MB-HB:1903,cluster,cross_species_WB,human,#76D27B,Not assessed
human:MB-HB:1904,cluster,cross_species_WB,human,#B30223,Not assessed
human:MB-HB:1905,cluster,cross_species_WB,human,#465625,Not assessed
human:MB-HB:1906,cluster,cross_species_WB,human,#597637,Not assessed
human:MB-HB:1907,cluster,cross_species_WB,human,#84DC30,Not assessed
human:MB-HB:1908,cluster,cross_species_WB,human,#30BF51,Not assessed
human:MB-HB:1909,cluster,cross_species_WB,human,#7EB619,Not assessed
human:MB-HB:191,cluster,cross_species_WB,human,#00A8B6,Not assessed
human:MB-HB:1910,cluster,cross_species_WB,human,#194955,Not assessed
human:MB-HB:1911,cluster,cross_species_WB,human,#84DC2B,Not assessed
human:MB-HB:1912,cluster,cross_species_WB,human,#C04800,Not assessed
human:MB-HB:1913,cluster,cross_species_WB,human,#FBA419,Not assessed
human:MB-HB:1914,cluster,cross_species_WB,human,#45C3E3,Not assessed
human:MB-HB:1915,cluster,cross_species_WB,human,#FB1C95,Not assessed
human:MB-HB:1916,cluster,cross_species_WB,human,#7FBA1A,Not assessed
human:MB-HB:1917,cluster,cross_species_WB,human,#18C7CE,Not assessed
human:MB-HB:1918,cluster,cross_species_WB,human,#40C4E3,Not assessed
human:MB-HB:1919,cluster,cross_species_WB,human,#19C9D2,Not assessed
human:MB-HB:192,cluster,cross_species_WB,human,#28ADA4,Not assessed
human:MB-HB:1920,cluster,cross_species_WB,human,#3CC5E3,Not assessed
human:MB-HB:1921,cluster,cross_species_WB,human,#C34C00,Not assessed
human:MB-HB:1922,cluster,cross_species_WB,human,#FCA015,Not assessed
human:MB-HB:1923,cluster,cross_species_WB,human,#BB0094,Not assessed
human:MB-HB:1924,cluster,cross_species_WB,human,#B7FADC,Not assessed
human:MB-HB:1925,cluster,cross_species_WB,human,#87FBAE,Not assessed
human:MB-HB:1926,cluster,cross_species_WB,human,#CFFEB3,Not assessed
human:MB-HB:1927,cluster,cross_species_WB,human,#FA297E,Not assessed
human:MB-HB:1928,cluster,cross_species_WB,human,#FB1895,Not assessed
human:MB-HB:1929,cluster,cross_species_WB,human,#AC0083,Not assessed
human:MB-HB:193,cluster,cross_species_WB,human,#48FDAF,Not assessed
human:MB-HB:1930,cluster,cross_species_WB,human,#B7FADB,Not assessed
human:MB-HB:1931,cluster,cross_species_WB,human,#FA267E,Not assessed
human:MB-HB:1932,cluster,cross_species_WB,human,#8DFBB4,Not assessed
human:MB-HB:1933,cluster,cross_species_WB,human,#8D3F64,Not assessed
human:MB-HB:1934,cluster,cross_species_WB,human,#EE4872,Not assessed
human:MB-HB:1935,cluster,cross_species_WB,human,#BAC73A,Not assessed
human:MB-HB:1936,cluster,cross_species_WB,human,#EE1E66,Not assessed
human:MB-HB:1937,cluster,cross_species_WB,human,#B8D37D,Not assessed
human:MB-HB:1938,cluster,cross_species_WB,human,#517E62,Not assessed
human:MB-HB:1939,cluster,cross_species_WB,human,#2C4E30,Not assessed
human:MB-HB:194,cluster,cross_species_WB,human,#B42B86,Not assessed
human:MB-HB:1940,cluster,cross_species_WB,human,#507D60,Not assessed
human:MB-HB:1941,cluster,cross_species_WB,human,#54CF7E,Not assessed
human:MB-HB:1942,cluster,cross_species_WB,human,#2D5031,Not assessed
human:MB-HB:1943,cluster,cross_species_WB,human,#CC7AFF,Not assessed
human:MB-HB:1944,cluster,cross_species_WB,human,#ECB3FE,Not assessed
human:MB-HB:1945,cluster,cross_species_WB,human,#CF80FF,Not assessed
human:MB-HB:1946,cluster,cross_species_WB,human,#4F7B5E,Not assessed
human:MB-HB:1947,cluster,cross_species_WB,human,#EBB3FE,Not assessed
human:MB-HB:1948,cluster,cross_species_WB,human,#D385FF,Not assessed
human:MB-HB:1949,cluster,cross_species_WB,human,#E9ADFE,Not assessed
human:MB-HB:195,cluster,cross_species_WB,human,#212E77,Not assessed
human:MB-HB:1950,cluster,cross_species_WB,human,#2E5133,Not assessed
human:MB-HB:1951,cluster,cross_species_WB,human,#4D7A5D,Not assessed
human:MB-HB:1952,cluster,cross_species_WB,human,#BDFD45,Not assessed
human:MB-HB:1953,cluster,cross_species_WB,human,#CAFF0B,Not assessed
human:MB-HB:1954,cluster,cross_species_WB,human,#BDFD44,Not assessed
human:MB-HB:1955,cluster,cross_species_WB,human,#84DC26,Not assessed
human:MB-HB:1956,cluster,cross_species_WB,human,#CAFF0C,Not assessed
human:MB-HB:1957,cluster,cross_species_WB,human,#DC3566,Not assessed
human:MB-HB:1958,cluster,cross_species_WB,human,#80BE1B,Not assessed
human:MB-HB:1959,cluster,cross_species_WB,human,#E07E00,Not assessed
human:MB-HB:196,cluster,cross_species_WB,human,#5A886D,Not assessed
human:MB-HB:1960,cluster,cross_species_WB,human,#FCBE21,Not assessed
human:MB-HB:1961,cluster,cross_species_WB,human,#E58300,Not assessed
human:MB-HB:1962,cluster,cross_species_WB,human,#B01866,Not assessed
human:MB-HB:1963,cluster,cross_species_WB,human,#C94A61,Not assessed
human:MB-HB:1964,cluster,cross_species_WB,human,#DC3266,Not assessed
human:MB-HB:1965,cluster,cross_species_WB,human,#74780F,Not assessed
human:MB-HB:1966,cluster,cross_species_WB,human,#FF7706,Not assessed
human:MB-HB:1967,cluster,cross_species_WB,human,#FDBC49,Not assessed
human:MB-HB:1968,cluster,cross_species_WB,human,#76864D,Not assessed
human:MB-HB:1969,cluster,cross_species_WB,human,#96B920,Not assessed
human:MB-HB:197,cluster,cross_species_WB,human,#244326,Not assessed
human:MB-HB:1970,cluster,cross_species_WB,human,#757A10,Not assessed
human:MB-HB:1971,cluster,cross_species_WB,human,#95B71F,Not assessed
human:MB-HB:1972,cluster,cross_species_WB,human,#777B10,Not assessed
human:MB-HB:1973,cluster,cross_species_WB,human,#95B61F,Not assessed
human:MB-HB:1974,cluster,cross_species_WB,human,#D058A5,Not assessed
human:MB-HB:1975,cluster,cross_species_WB,human,#787D11,Not assessed
human:MB-HB:1976,cluster,cross_species_WB,human,#94B41E,Not assessed
human:MB-HB:1977,cluster,cross_species_WB,human,#797F11,Not assessed
human:MB-HB:1978,cluster,cross_species_WB,human,#94B21E,Not assessed
human:MB-HB:1979,cluster,cross_species_WB,human,#7A8111,Not assessed
human:MB-HB:198,cluster,cross_species_WB,human,#BF355A,Not assessed
human:MB-HB:1980,cluster,cross_species_WB,human,#93B11D,Not assessed
human:MB-HB:1981,cluster,cross_species_WB,human,#7B8212,Not assessed
human:MB-HB:1982,cluster,cross_species_WB,human,#92AF1D,Not assessed
human:MB-HB:1983,cluster,cross_species_WB,human,#7C8412,Not assessed
human:MB-HB:1984,cluster,cross_species_WB,human,#92AD1D,Not assessed
human:MB-HB:1985,cluster,cross_species_WB,human,#7D8612,Not assessed
human:MB-HB:1986,cluster,cross_species_WB,human,#91AC1C,Not assessed
human:MB-HB:1987,cluster,cross_species_WB,human,#387FAF,Not assessed
human:MB-HB:1988,cluster,cross_species_WB,human,#266E86,Not assessed
human:MB-HB:1989,cluster,cross_species_WB,human,#377EAC,Not assessed
human:MB-HB:199,cluster,cross_species_WB,human,#59866C,Not assessed
human:MB-HB:1990,cluster,cross_species_WB,human,#277089,Not assessed
human:MB-HB:1991,cluster,cross_species_WB,human,#357DA9,Not assessed
human:MB-HB:1992,cluster,cross_species_WB,human,#29718C,Not assessed
human:MB-HB:1993,cluster,cross_species_WB,human,#CF549E,Not assessed
human:MB-HB:1994,cluster,cross_species_WB,human,#997AFF,Not assessed
human:MB-HB:1995,cluster,cross_species_WB,human,#C3319B,Not assessed
human:MB-HB:1996,cluster,cross_species_WB,human,#CF509E,Not assessed
human:MB-HB:1997,cluster,cross_species_WB,human,#D0B3FE,Not assessed
human:MB-HB:1998,cluster,cross_species_WB,human,#813BA1,Not assessed
human:MB-HB:1999,cluster,cross_species_WB,human,#AF6B59,Not assessed
human:MB-HB:2,cluster,cross_species_WB,human,#234125,Not assessed
human:MB-HB:20,cluster,cross_species_WB,human,#720F53,Not assessed
human:MB-HB:200,cluster,cross_species_WB,human,#2E4189,Not assessed
human:MB-HB:2000,cluster,cross_species_WB,human,#863E3A,Not assessed
human:MB-HB:2001,cluster,cross_species_WB,human,#AB6151,Not assessed
human:MB-HB:2002,cluster,cross_species_WB,human,#9F80FF,Not assessed
human:MB-HB:2003,cluster,cross_species_WB,human,#8E453E,Not assessed
human:MB-HB:2004,cluster,cross_species_WB,human,#2D75FF,Not assessed
human:MB-HB:2005,cluster,cross_species_WB,human,#6F85FD,Not assessed
human:MB-HB:2006,cluster,cross_species_WB,human,#2F75FF,Not assessed
human:MB-HB:2007,cluster,cross_species_WB,human,#6C83FD,Not assessed
human:MB-HB:2008,cluster,cross_species_WB,human,#3275FF,Not assessed
human:MB-HB:2009,cluster,cross_species_WB,human,#3E1E63,Not assessed
human:MB-HB:201,cluster,cross_species_WB,human,#132A45,Not assessed
human:MB-HB:2010,cluster,cross_species_WB,human,#7F3A9F,Not assessed
human:MB-HB:2011,cluster,cross_species_WB,human,#3F1E65,Not assessed
human:MB-HB:2012,cluster,cross_species_WB,human,#7D399E,Not assessed
human:MB-HB:2013,cluster,cross_species_WB,human,#2DFB43,Not assessed
human:MB-HB:2014,cluster,cross_species_WB,human,#411F67,Not assessed
human:MB-HB:2015,cluster,cross_species_WB,human,#16D800,Not assessed
human:MB-HB:2016,cluster,cross_species_WB,human,#2BFC40,Not assessed
human:MB-HB:2017,cluster,cross_species_WB,human,#15DA00,Not assessed
human:MB-HB:2018,cluster,cross_species_WB,human,#7C389C,Not assessed
human:MB-HB:2019,cluster,cross_species_WB,human,#6982FD,Not assessed
human:MB-HB:202,cluster,cross_species_WB,human,#002C4C,Not assessed
human:MB-HB:2020,cluster,cross_species_WB,human,#28FC3C,Not assessed
human:MB-HB:2021,cluster,cross_species_WB,human,#C129E0,Not assessed
human:MB-HB:2022,cluster,cross_species_WB,human,#FF514D,Not assessed
human:MB-HB:2023,cluster,cross_species_WB,human,#9519C7,Not assessed
human:MB-HB:2024,cluster,cross_species_WB,human,#7F02AD,Not assessed
human:MB-HB:2025,cluster,cross_species_WB,human,#3C006D,Not assessed
human:MB-HB:2026,cluster,cross_species_WB,human,#0E03BC,Not assessed
human:MB-HB:2027,cluster,cross_species_WB,human,#01EB00,Not assessed
human:MB-HB:2028,cluster,cross_species_WB,human,#001176,Not assessed
human:MB-HB:2029,cluster,cross_species_WB,human,#87C082,Not assessed
human:MB-HB:203,cluster,cross_species_WB,human,#2C4085,Not assessed
human:MB-HB:2030,cluster,cross_species_WB,human,#AF0083,Not assessed
human:MB-HB:2031,cluster,cross_species_WB,human,#FA237E,Not assessed
human:MB-HB:2032,cluster,cross_species_WB,human,#B20084,Not assessed
human:MB-HB:2033,cluster,cross_species_WB,human,#0C03BA,Not assessed
human:MB-HB:2034,cluster,cross_species_WB,human,#C74F00,Not assessed
human:MB-HB:2035,cluster,cross_species_WB,human,#FC9D11,Not assessed
human:MB-HB:2036,cluster,cross_species_WB,human,#B0FF77,Not assessed
human:MB-HB:2037,cluster,cross_species_WB,human,#BEFEB4,Not assessed
human:MB-HB:2038,cluster,cross_species_WB,human,#8AFF91,Not assessed
human:MB-HB:2039,cluster,cross_species_WB,human,#B3FEC3,Not assessed
human:MB-HB:204,cluster,cross_species_WB,human,#142B49,Not assessed
human:MB-HB:2040,cluster,cross_species_WB,human,#45533E,Not assessed
human:MB-HB:2041,cluster,cross_species_WB,human,#B1544C,Not assessed
human:MB-HB:2042,cluster,cross_species_WB,human,#B3FBFE,Not assessed
human:MB-HB:2043,cluster,cross_species_WB,human,#BF0095,Not assessed
human:MB-HB:2044,cluster,cross_species_WB,human,#FB1496,Not assessed
human:MB-HB:2045,cluster,cross_species_WB,human,#FA207E,Not assessed
human:MB-HB:2046,cluster,cross_species_WB,human,#B50084,Not assessed
human:MB-HB:2047,cluster,cross_species_WB,human,#FB1D7E,Not assessed
human:MB-HB:2048,cluster,cross_species_WB,human,#B70085,Not assessed
human:MB-HB:2049,cluster,cross_species_WB,human,#FB1A7F,Not assessed
human:MB-HB:205,cluster,cross_species_WB,human,#2B3F82,Not assessed
human:MB-HB:2050,cluster,cross_species_WB,human,#BA0085,Not assessed
human:MB-HB:2051,cluster,cross_species_WB,human,#FB177F,Not assessed
human:MB-HB:2052,cluster,cross_species_WB,human,#C30096,Not assessed
human:MB-HB:2053,cluster,cross_species_WB,human,#BC233D,Not assessed
human:MB-HB:2054,cluster,cross_species_WB,human,#FC0F97,Not assessed
human:MB-HB:2055,cluster,cross_species_WB,human,#C70097,Not assessed
human:MB-HB:2056,cluster,cross_species_WB,human,#FC0B98,Not assessed
human:MB-HB:2057,cluster,cross_species_WB,human,#CB0098,Not assessed
human:MB-HB:2058,cluster,cross_species_WB,human,#FC0799,Not assessed
human:MB-HB:2059,cluster,cross_species_WB,human,#BD0086,Not assessed
human:MB-HB:206,cluster,cross_species_WB,human,#0A4BF9,Not assessed
human:MB-HB:2060,cluster,cross_species_WB,human,#FB147F,Not assessed
human:MB-HB:2061,cluster,cross_species_WB,human,#C00086,Not assessed
human:MB-HB:2062,cluster,cross_species_WB,human,#FB1180,Not assessed
human:MB-HB:2063,cluster,cross_species_WB,human,#A1137A,Not assessed
human:MB-HB:2064,cluster,cross_species_WB,human,#CF0098,Not assessed
human:MB-HB:2065,cluster,cross_species_WB,human,#B7FADA,Not assessed
human:MB-HB:2066,cluster,cross_species_WB,human,#774E0D,Not assessed
human:MB-HB:2067,cluster,cross_species_WB,human,#790C6A,Not assessed
human:MB-HB:2068,cluster,cross_species_WB,human,#DB099A,Not assessed
human:MB-HB:2069,cluster,cross_species_WB,human,#F146A0,Not assessed
human:MB-HB:207,cluster,cross_species_WB,human,#005993,Not assessed
human:MB-HB:2070,cluster,cross_species_WB,human,#C30087,Not assessed
human:MB-HB:2071,cluster,cross_species_WB,human,#754000,Not assessed
human:MB-HB:2072,cluster,cross_species_WB,human,#BD0097,Not assessed
human:MB-HB:2073,cluster,cross_species_WB,human,#2DB9B6,Not assessed
human:MB-HB:2074,cluster,cross_species_WB,human,#5BBDD1,Not assessed
human:MB-HB:2075,cluster,cross_species_WB,human,#2EBCBA,Not assessed
human:MB-HB:2076,cluster,cross_species_WB,human,#9F4EC9,Not assessed
human:MB-HB:2077,cluster,cross_species_WB,human,#7FBA7A,Not assessed
human:MB-HB:2078,cluster,cross_species_WB,human,#58BED0,Not assessed
human:MB-HB:2079,cluster,cross_species_WB,human,#2FBFBF,Not assessed
human:MB-HB:208,cluster,cross_species_WB,human,#074BFA,Not assessed
human:MB-HB:2080,cluster,cross_species_WB,human,#D2CD8E,Not assessed
human:MB-HB:2081,cluster,cross_species_WB,human,#54BECF,Not assessed
human:MB-HB:2082,cluster,cross_species_WB,human,#005BAA,Not assessed
human:MB-HB:2083,cluster,cross_species_WB,human,#B31866,Not assessed
human:MB-HB:2084,cluster,cross_species_WB,human,#B1FF7A,Not assessed
human:MB-HB:2085,cluster,cross_species_WB,human,#BFFEB4,Not assessed
human:MB-HB:2086,cluster,cross_species_WB,human,#B1FF7D,Not assessed
human:MB-HB:2087,cluster,cross_species_WB,human,#C0FEB4,Not assessed
human:MB-HB:2088,cluster,cross_species_WB,human,#B2FF80,Not assessed
human:MB-HB:2089,cluster,cross_species_WB,human,#C0FEB4,Not assessed
human:MB-HB:209,cluster,cross_species_WB,human,#772127,Not assessed
human:MB-HB:2090,cluster,cross_species_WB,human,#B3FF83,Not assessed
human:MB-HB:2091,cluster,cross_species_WB,human,#C1FEB4,Not assessed
human:MB-HB:2092,cluster,cross_species_WB,human,#B3FF86,Not assessed
human:MB-HB:2093,cluster,cross_species_WB,human,#C1FEB3,Not assessed
human:MB-HB:2094,cluster,cross_species_WB,human,#B4FF88,Not assessed
human:MB-HB:2095,cluster,cross_species_WB,human,#C2FEB3,Not assessed
human:MB-HB:2096,cluster,cross_species_WB,human,#B5FF8B,Not assessed
human:MB-HB:2097,cluster,cross_species_WB,human,#C2FEB3,Not assessed
human:MB-HB:2098,cluster,cross_species_WB,human,#B6FF8E,Not assessed
human:MB-HB:2099,cluster,cross_species_WB,human,#C3FEB3,Not assessed
human:MB-HB:21,cluster,cross_species_WB,human,#BE2169,Not assessed
human:MB-HB:210,cluster,cross_species_WB,human,#B94F3D,Not assessed
human:MB-HB:2100,cluster,cross_species_WB,human,#B7FF91,Not assessed
human:MB-HB:2101,cluster,cross_species_WB,human,#176789,Not assessed
human:MB-HB:2102,cluster,cross_species_WB,human,#093F44,Not assessed
human:MB-HB:2103,cluster,cross_species_WB,human,#176787,Not assessed
human:MB-HB:2104,cluster,cross_species_WB,human,#678802,Not assessed
human:MB-HB:2105,cluster,cross_species_WB,human,#464C00,Not assessed
human:MB-HB:2106,cluster,cross_species_WB,human,#658301,Not assessed
human:MB-HB:2107,cluster,cross_species_WB,human,#464C00,Not assessed
human:MB-HB:2108,cluster,cross_species_WB,human,#F3FF33,Not assessed
human:MB-HB:2109,cluster,cross_species_WB,human,#E3FE69,Not assessed
human:MB-HB:211,cluster,cross_species_WB,human,#7C2228,Not assessed
human:MB-HB:2110,cluster,cross_species_WB,human,#637F01,Not assessed
human:MB-HB:2111,cluster,cross_species_WB,human,#485100,Not assessed
human:MB-HB:2112,cluster,cross_species_WB,human,#617A01,Not assessed
human:MB-HB:2113,cluster,cross_species_WB,human,#4C5600,Not assessed
human:MB-HB:2114,cluster,cross_species_WB,human,#41CB33,Not assessed
human:MB-HB:2115,cluster,cross_species_WB,human,#67D371,Not assessed
human:MB-HB:2116,cluster,cross_species_WB,human,#0275BD,Not assessed
human:MB-HB:2117,cluster,cross_species_WB,human,#41CC35,Not assessed
human:MB-HB:2118,cluster,cross_species_WB,human,#65D36E,Not assessed
human:MB-HB:2119,cluster,cross_species_WB,human,#42CC37,Not assessed
human:MB-HB:212,cluster,cross_species_WB,human,#B54B3B,Not assessed
human:MB-HB:2120,cluster,cross_species_WB,human,#006286,Not assessed
human:MB-HB:2121,cluster,cross_species_WB,human,#C1FF84,Not assessed
human:MB-HB:2122,cluster,cross_species_WB,human,#CEFEAF,Not assessed
human:MB-HB:2123,cluster,cross_species_WB,human,#C2FF89,Not assessed
human:MB-HB:2124,cluster,cross_species_WB,human,#FF39CA,Not assessed
human:MB-HB:2125,cluster,cross_species_WB,human,#FE62C5,Not assessed
human:MB-HB:2126,cluster,cross_species_WB,human,#5BB61E,Not assessed
human:MB-HB:2127,cluster,cross_species_WB,human,#4E8212,Not assessed
human:MB-HB:2128,cluster,cross_species_WB,human,#5AB01D,Not assessed
human:MB-HB:2129,cluster,cross_species_WB,human,#508913,Not assessed
human:MB-HB:213,cluster,cross_species_WB,human,#802428,Not assessed
human:MB-HB:2130,cluster,cross_species_WB,human,#FE3CA1,Not assessed
human:MB-HB:2131,cluster,cross_species_WB,human,#FB7DA9,Not assessed
human:MB-HB:2132,cluster,cross_species_WB,human,#001178,Not assessed
human:MB-HB:2133,cluster,cross_species_WB,human,#0B02B7,Not assessed
human:MB-HB:2134,cluster,cross_species_WB,human,#00107B,Not assessed
human:MB-HB:2135,cluster,cross_species_WB,human,#0902B5,Not assessed
human:MB-HB:2136,cluster,cross_species_WB,human,#47B62C,Not assessed
human:MB-HB:2137,cluster,cross_species_WB,human,#00BC52,Not assessed
human:MB-HB:2138,cluster,cross_species_WB,human,#60D15E,Not assessed
human:MB-HB:2139,cluster,cross_species_WB,human,#03F79B,Not assessed
human:MB-HB:214,cluster,cross_species_WB,human,#005996,Not assessed
human:MB-HB:2140,cluster,cross_species_WB,human,#00BF55,Not assessed
human:MB-HB:2141,cluster,cross_species_WB,human,#03F497,Not assessed
human:MB-HB:2142,cluster,cross_species_WB,human,#00C359,Not assessed
human:MB-HB:2143,cluster,cross_species_WB,human,#47BC2E,Not assessed
human:MB-HB:2144,cluster,cross_species_WB,human,#5CD058,Not assessed
human:MB-HB:2145,cluster,cross_species_WB,human,#47C130,Not assessed
human:MB-HB:2146,cluster,cross_species_WB,human,#6CC845,Not assessed
human:MB-HB:2147,cluster,cross_species_WB,human,#82D173,Not assessed
human:MB-HB:2148,cluster,cross_species_WB,human,#744ECE,Not assessed
human:MB-HB:2149,cluster,cross_species_WB,human,#5233C8,Not assessed
human:MB-HB:215,cluster,cross_species_WB,human,#054BF9,Not assessed
human:MB-HB:2150,cluster,cross_species_WB,human,#765325,Not assessed
human:MB-HB:2151,cluster,cross_species_WB,human,#86020B,Not assessed
human:MB-HB:2152,cluster,cross_species_WB,human,#5B3A1B,Not assessed
human:MB-HB:2153,cluster,cross_species_WB,human,#518C57,Not assessed
human:MB-HB:2154,cluster,cross_species_WB,human,#4C0012,Not assessed
human:MB-HB:2155,cluster,cross_species_WB,human,#84020B,Not assessed
human:MB-HB:2156,cluster,cross_species_WB,human,#4C0012,Not assessed
human:MB-HB:2157,cluster,cross_species_WB,human,#82020C,Not assessed
human:MB-HB:2158,cluster,cross_species_WB,human,#4C0011,Not assessed
human:MB-HB:2159,cluster,cross_species_WB,human,#7F010C,Not assessed
human:MB-HB:216,cluster,cross_species_WB,human,#005A99,Not assessed
human:MB-HB:2160,cluster,cross_species_WB,human,#4D0011,Not assessed
human:MB-HB:2161,cluster,cross_species_WB,human,#7D010D,Not assessed
human:MB-HB:2162,cluster,cross_species_WB,human,#714E23,Not assessed
human:MB-HB:2163,cluster,cross_species_WB,human,#6BA376,Not assessed
human:MB-HB:2164,cluster,cross_species_WB,human,#FF1E08,Not assessed
human:MB-HB:2165,cluster,cross_species_WB,human,#B4FDF2,Not assessed
human:MB-HB:2166,cluster,cross_species_WB,human,#FD6F46,Not assessed
human:MB-HB:2167,cluster,cross_species_WB,human,#6AFFC7,Not assessed
human:MB-HB:2168,cluster,cross_species_WB,human,#B4FEF2,Not assessed
human:MB-HB:2169,cluster,cross_species_WB,human,#6CFFC9,Not assessed
human:MB-HB:217,cluster,cross_species_WB,human,#054CF7,Not assessed
human:MB-HB:2170,cluster,cross_species_WB,human,#B4FEF2,Not assessed
human:MB-HB:2171,cluster,cross_species_WB,human,#6EFFCA,Not assessed
human:MB-HB:2172,cluster,cross_species_WB,human,#B4FEF2,Not assessed
human:MB-HB:2173,cluster,cross_species_WB,human,#6FFFCB,Not assessed
human:MB-HB:2174,cluster,cross_species_WB,human,#B4FEF1,Not assessed
human:MB-HB:2175,cluster,cross_species_WB,human,#71FFCC,Not assessed
human:MB-HB:2176,cluster,cross_species_WB,human,#B4FEF1,Not assessed
human:MB-HB:2177,cluster,cross_species_WB,human,#73FFCD,Not assessed
human:MB-HB:2178,cluster,cross_species_WB,human,#B4FEF1,Not assessed
human:MB-HB:2179,cluster,cross_species_WB,human,#74FFCE,Not assessed
human:MB-HB:218,cluster,cross_species_WB,human,#005A9B,Not assessed
human:MB-HB:2180,cluster,cross_species_WB,human,#B4FEF1,Not assessed
human:MB-HB:2181,cluster,cross_species_WB,human,#76FFD0,Not assessed
human:MB-HB:2182,cluster,cross_species_WB,human,#B4FEF0,Not assessed
human:MB-HB:2183,cluster,cross_species_WB,human,#78FFD1,Not assessed
human:MB-HB:2184,cluster,cross_species_WB,human,#B4FEF0,Not assessed
human:MB-HB:2185,cluster,cross_species_WB,human,#574B77,Not assessed
human:MB-HB:2186,cluster,cross_species_WB,human,#79FFD2,Not assessed
human:MB-HB:2187,cluster,cross_species_WB,human,#55FC4E,Not assessed
human:MB-HB:2188,cluster,cross_species_WB,human,#373258,Not assessed
human:MB-HB:2189,cluster,cross_species_WB,human,#43FF04,Not assessed
human:MB-HB:219,cluster,cross_species_WB,human,#044DF4,Not assessed
human:MB-HB:2190,cluster,cross_species_WB,human,#54FD4B,Not assessed
human:MB-HB:2191,cluster,cross_species_WB,human,#43FF06,Not assessed
human:MB-HB:2192,cluster,cross_species_WB,human,#53FD48,Not assessed
human:MB-HB:2193,cluster,cross_species_WB,human,#43FF09,Not assessed
human:MB-HB:2194,cluster,cross_species_WB,human,#51FD45,Not assessed
human:MB-HB:2195,cluster,cross_species_WB,human,#A0004D,Not assessed
human:MB-HB:2196,cluster,cross_species_WB,human,#002181,Not assessed
human:MB-HB:2197,cluster,cross_species_WB,human,#011DB0,Not assessed
human:MB-HB:2198,cluster,cross_species_WB,human,#F4043B,Not assessed
human:MB-HB:2199,cluster,cross_species_WB,human,#A3004D,Not assessed
human:MB-HB:22,cluster,cross_species_WB,human,#C3D800,Not assessed
human:MB-HB:220,cluster,cross_species_WB,human,#005A9E,Not assessed
human:MB-HB:2200,cluster,cross_species_WB,human,#F1043C,Not assessed
human:MB-HB:2201,cluster,cross_species_WB,human,#A5004D,Not assessed
human:MB-HB:2202,cluster,cross_species_WB,human,#EF043D,Not assessed
human:MB-HB:2203,cluster,cross_species_WB,human,#4D6388,Not assessed
human:MB-HB:2204,cluster,cross_species_WB,human,#A8004D,Not assessed
human:MB-HB:2205,cluster,cross_species_WB,human,#707AA5,Not assessed
human:MB-HB:2206,cluster,cross_species_WB,human,#4F648A,Not assessed
human:MB-HB:2207,cluster,cross_species_WB,human,#C123A7,Not assessed
human:MB-HB:2208,cluster,cross_species_WB,human,#6D78A4,Not assessed
human:MB-HB:2209,cluster,cross_species_WB,human,#690E70,Not assessed
human:MB-HB:221,cluster,cross_species_WB,human,#E20E65,Not assessed
human:MB-HB:2210,cluster,cross_species_WB,human,#51658C,Not assessed
human:MB-HB:2211,cluster,cross_species_WB,human,#6B77A2,Not assessed
human:MB-HB:2212,cluster,cross_species_WB,human,#ED033E,Not assessed
human:MB-HB:2213,cluster,cross_species_WB,human,#C022A6,Not assessed
human:MB-HB:2214,cluster,cross_species_WB,human,#BAC73C,Not assessed
human:MB-HB:2215,cluster,cross_species_WB,human,#1B1687,Not assessed
human:MB-HB:2216,cluster,cross_species_WB,human,#0C1155,Not assessed
human:MB-HB:2217,cluster,cross_species_WB,human,#B8D27B,Not assessed
human:MB-HB:2218,cluster,cross_species_WB,human,#B9C73F,Not assessed
human:MB-HB:2219,cluster,cross_species_WB,human,#B8D279,Not assessed
human:MB-HB:222,cluster,cross_species_WB,human,#EF5D7A,Not assessed
human:MB-HB:2220,cluster,cross_species_WB,human,#4F117F,Not assessed
human:MB-HB:2221,cluster,cross_species_WB,human,#8C1EB2,Not assessed
human:MB-HB:2222,cluster,cross_species_WB,human,#511281,Not assessed
human:MB-HB:2223,cluster,cross_species_WB,human,#891DB0,Not assessed
human:MB-HB:2224,cluster,cross_species_WB,human,#5FFF03,Not assessed
human:MB-HB:2225,cluster,cross_species_WB,human,#6FFD4B,Not assessed
human:MB-HB:2226,cluster,cross_species_WB,human,#5FFF09,Not assessed
human:MB-HB:2227,cluster,cross_species_WB,human,#6CFD45,Not assessed
human:MB-HB:2228,cluster,cross_species_WB,human,#6C0E72,Not assessed
human:MB-HB:2229,cluster,cross_species_WB,human,#BE22A5,Not assessed
human:MB-HB:223,cluster,cross_species_WB,human,#E80F64,Not assessed
human:MB-HB:2230,cluster,cross_species_WB,human,#5FFF0F,Not assessed
human:MB-HB:2231,cluster,cross_species_WB,human,#6E0F74,Not assessed
human:MB-HB:2232,cluster,cross_species_WB,human,#BC21A5,Not assessed
human:MB-HB:2233,cluster,cross_species_WB,human,#700F76,Not assessed
human:MB-HB:2234,cluster,cross_species_WB,human,#BB21A4,Not assessed
human:MB-HB:2235,cluster,cross_species_WB,human,#720F77,Not assessed
human:MB-HB:2236,cluster,cross_species_WB,human,#528D70,Not assessed
human:MB-HB:2237,cluster,cross_species_WB,human,#B920A3,Not assessed
human:MB-HB:2238,cluster,cross_species_WB,human,#69A28A,Not assessed
human:MB-HB:2239,cluster,cross_species_WB,human,#579376,Not assessed
human:MB-HB:224,cluster,cross_species_WB,human,#EE5677,Not assessed
human:MB-HB:2240,cluster,cross_species_WB,human,#D05A78,Not assessed
human:MB-HB:2241,cluster,cross_species_WB,human,#BC2E6E,Not assessed
human:MB-HB:2242,cluster,cross_species_WB,human,#D05877,Not assessed
human:MB-HB:2243,cluster,cross_species_WB,human,#BF2F6E,Not assessed
human:MB-HB:2244,cluster,cross_species_WB,human,#CF5576,Not assessed
human:MB-HB:2245,cluster,cross_species_WB,human,#378EDC,Not assessed
human:MB-HB:2246,cluster,cross_species_WB,human,#C1306E,Not assessed
human:MB-HB:2247,cluster,cross_species_WB,human,#1782AE,Not assessed
human:MB-HB:2248,cluster,cross_species_WB,human,#358DDC,Not assessed
human:MB-HB:2249,cluster,cross_species_WB,human,#1782AF,Not assessed
human:MB-HB:225,cluster,cross_species_WB,human,#453DB9,Not assessed
human:MB-HB:2250,cluster,cross_species_WB,human,#7E5811,Not assessed
human:MB-HB:2251,cluster,cross_species_WB,human,#B39B1E,Not assessed
human:MB-HB:2252,cluster,cross_species_WB,human,#348DDC,Not assessed
human:MB-HB:2253,cluster,cross_species_WB,human,#815C12,Not assessed
human:MB-HB:2254,cluster,cross_species_WB,human,#B0971D,Not assessed
human:MB-HB:2255,cluster,cross_species_WB,human,#846012,Not assessed
human:MB-HB:2256,cluster,cross_species_WB,human,#094046,Not assessed
human:MB-HB:2257,cluster,cross_species_WB,human,#166685,Not assessed
human:MB-HB:2258,cluster,cross_species_WB,human,#094248,Not assessed
human:MB-HB:2259,cluster,cross_species_WB,human,#166583,Not assessed
human:MB-HB:226,cluster,cross_species_WB,human,#6C000E,Not assessed
human:MB-HB:2260,cluster,cross_species_WB,human,#0A4349,Not assessed
human:MB-HB:2261,cluster,cross_species_WB,human,#156482,Not assessed
human:MB-HB:2262,cluster,cross_species_WB,human,#0A454B,Not assessed
human:MB-HB:2263,cluster,cross_species_WB,human,#156380,Not assessed
human:MB-HB:2264,cluster,cross_species_WB,human,#0A464D,Not assessed
human:MB-HB:2265,cluster,cross_species_WB,human,#B05F48,Not assessed
human:MB-HB:2266,cluster,cross_species_WB,human,#1783B0,Not assessed
human:MB-HB:2267,cluster,cross_species_WB,human,#BD856B,Not assessed
human:MB-HB:2268,cluster,cross_species_WB,human,#328DDC,Not assessed
human:MB-HB:2269,cluster,cross_species_WB,human,#1883B2,Not assessed
human:MB-HB:227,cluster,cross_species_WB,human,#45070F,Not assessed
human:MB-HB:2270,cluster,cross_species_WB,human,#318DDC,Not assessed
human:MB-HB:2271,cluster,cross_species_WB,human,#1883B3,Not assessed
human:MB-HB:2272,cluster,cross_species_WB,human,#201AB9,Not assessed
human:MB-HB:2273,cluster,cross_species_WB,human,#2F8DDC,Not assessed
human:MB-HB:2274,cluster,cross_species_WB,human,#02004C,Not assessed
human:MB-HB:2275,cluster,cross_species_WB,human,#24048B,Not assessed
human:MB-HB:2276,cluster,cross_species_WB,human,#02004C,Not assessed
human:MB-HB:2277,cluster,cross_species_WB,human,#B5664D,Not assessed
human:MB-HB:2278,cluster,cross_species_WB,human,#4627DC,Not assessed
human:MB-HB:2279,cluster,cross_species_WB,human,#231BBC,Not assessed
human:MB-HB:228,cluster,cross_species_WB,human,#A23E1E,Not assessed
human:MB-HB:2280,cluster,cross_species_WB,human,#BB7E63,Not assessed
human:MB-HB:2281,cluster,cross_species_WB,human,#1884B4,Not assessed
human:MB-HB:2282,cluster,cross_species_WB,human,#539F89,Not assessed
human:MB-HB:2283,cluster,cross_species_WB,human,#84B6B1,Not assessed
human:MB-HB:2284,cluster,cross_species_WB,human,#C4F766,Not assessed
human:MB-HB:2285,cluster,cross_species_WB,human,#CEF8A4,Not assessed
human:MB-HB:2286,cluster,cross_species_WB,human,#8EFF97,Not assessed
human:MB-HB:2287,cluster,cross_species_WB,human,#77016E,Not assessed
human:MB-HB:2288,cluster,cross_species_WB,human,#66593D,Not assessed
human:MB-HB:2289,cluster,cross_species_WB,human,#48004C,Not assessed
human:MB-HB:229,cluster,cross_species_WB,human,#C31103,Not assessed
human:MB-HB:2290,cluster,cross_species_WB,human,#B3FEC2,Not assessed
human:MB-HB:2291,cluster,cross_species_WB,human,#54A08A,Not assessed
human:MB-HB:2292,cluster,cross_species_WB,human,#2F2779,Not assessed
human:MB-HB:2293,cluster,cross_species_WB,human,#1A1A58,Not assessed
human:MB-HB:2294,cluster,cross_species_WB,human,#73016C,Not assessed
human:MB-HB:2295,cluster,cross_species_WB,human,#2075A7,Not assessed
human:MB-HB:2296,cluster,cross_species_WB,human,#2479B3,Not assessed
human:MB-HB:2297,cluster,cross_species_WB,human,#3D9499,Not assessed
human:MB-HB:2298,cluster,cross_species_WB,human,#9EC9A0,Not assessed
human:MB-HB:2299,cluster,cross_species_WB,human,#83B5B0,Not assessed
human:MB-HB:23,cluster,cross_species_WB,human,#10004C,Not assessed
human:MB-HB:230,cluster,cross_species_WB,human,#222F7C,Not assessed
human:MB-HB:2300,cluster,cross_species_WB,human,#499FAD,Not assessed
human:MB-HB:2301,cluster,cross_species_WB,human,#55A18C,Not assessed
human:MB-HB:2302,cluster,cross_species_WB,human,#3E969B,Not assessed
human:MB-HB:2303,cluster,cross_species_WB,human,#81B5AF,Not assessed
human:MB-HB:2304,cluster,cross_species_WB,human,#56A38E,Not assessed
human:MB-HB:2305,cluster,cross_species_WB,human,#7FB4AE,Not assessed
human:MB-HB:2306,cluster,cross_species_WB,human,#57A48F,Not assessed
human:MB-HB:2307,cluster,cross_species_WB,human,#7EB4AD,Not assessed
human:MB-HB:2308,cluster,cross_species_WB,human,#58A591,Not assessed
human:MB-HB:2309,cluster,cross_species_WB,human,#7CB3AC,Not assessed
human:MB-HB:231,cluster,cross_species_WB,human,#33069F,Not assessed
human:MB-HB:2310,cluster,cross_species_WB,human,#2C2574,Not assessed
human:MB-HB:2311,cluster,cross_species_WB,human,#489EAB,Not assessed
human:MB-HB:2312,cluster,cross_species_WB,human,#59A693,Not assessed
human:MB-HB:2313,cluster,cross_species_WB,human,#1C1B5C,Not assessed
human:MB-HB:2314,cluster,cross_species_WB,human,#AC1C66,Not assessed
human:MB-HB:2315,cluster,cross_species_WB,human,#28236F,Not assessed
human:MB-HB:2316,cluster,cross_species_WB,human,#4A69CF,Not assessed
human:MB-HB:2317,cluster,cross_species_WB,human,#8B145C,Not assessed
human:MB-HB:2318,cluster,cross_species_WB,human,#796439,Not assessed
human:MB-HB:2319,cluster,cross_species_WB,human,#4C0030,Not assessed
human:MB-HB:232,cluster,cross_species_WB,human,#B20012,Not assessed
human:MB-HB:2320,cluster,cross_species_WB,human,#5A4528,Not assessed
human:MB-HB:2321,cluster,cross_species_WB,human,#850240,Not assessed
human:MB-HB:2322,cluster,cross_species_WB,human,#506BA9,Not assessed
human:MB-HB:2323,cluster,cross_species_WB,human,#4C002F,Not assessed
human:MB-HB:2324,cluster,cross_species_WB,human,#183053,Not assessed
human:MB-HB:2325,cluster,cross_species_WB,human,#273D78,Not assessed
human:MB-HB:2326,cluster,cross_species_WB,human,#3D5E8C,Not assessed
human:MB-HB:2327,cluster,cross_species_WB,human,#A53C33,Not assessed
human:MB-HB:2328,cluster,cross_species_WB,human,#44080C,Not assessed
human:MB-HB:2329,cluster,cross_species_WB,human,#902F19,Not assessed
human:MB-HB:233,cluster,cross_species_WB,human,#2B414C,Not assessed
human:MB-HB:2330,cluster,cross_species_WB,human,#3A37AD,Not assessed
human:MB-HB:2331,cluster,cross_species_WB,human,#273188,Not assessed
human:MB-HB:2332,cluster,cross_species_WB,human,#3635A9,Not assessed
human:MB-HB:2333,cluster,cross_species_WB,human,#29328D,Not assessed
human:MB-HB:2334,cluster,cross_species_WB,human,#3334A5,Not assessed
human:MB-HB:2335,cluster,cross_species_WB,human,#44080C,Not assessed
human:MB-HB:2336,cluster,cross_species_WB,human,#8E2D19,Not assessed
human:MB-HB:2337,cluster,cross_species_WB,human,#8A0008,Not assessed
human:MB-HB:2338,cluster,cross_species_WB,human,#44080C,Not assessed
human:MB-HB:2339,cluster,cross_species_WB,human,#8C2C18,Not assessed
human:MB-HB:234,cluster,cross_species_WB,human,#51677F,Not assessed
human:MB-HB:2340,cluster,cross_species_WB,human,#44080B,Not assessed
human:MB-HB:2341,cluster,cross_species_WB,human,#8B2B18,Not assessed
human:MB-HB:2342,cluster,cross_species_WB,human,#44080B,Not assessed
human:MB-HB:2343,cluster,cross_species_WB,human,#892A17,Not assessed
human:MB-HB:2344,cluster,cross_species_WB,human,#44090B,Not assessed
human:MB-HB:2345,cluster,cross_species_WB,human,#B3FBA8,Not assessed
human:MB-HB:2346,cluster,cross_species_WB,human,#8CFC66,Not assessed
human:MB-HB:2347,cluster,cross_species_WB,human,#41174F,Not assessed
human:MB-HB:2348,cluster,cross_species_WB,human,#51D36D,Not assessed
human:MB-HB:2349,cluster,cross_species_WB,human,#2ECA3D,Not assessed
human:MB-HB:235,cluster,cross_species_WB,human,#2E4551,Not assessed
human:MB-HB:2350,cluster,cross_species_WB,human,#4ED269,Not assessed
human:MB-HB:2351,cluster,cross_species_WB,human,#75287C,Not assessed
human:MB-HB:2352,cluster,cross_species_WB,human,#A2A46F,Not assessed
human:MB-HB:2353,cluster,cross_species_WB,human,#8F8C54,Not assessed
human:MB-HB:2354,cluster,cross_species_WB,human,#7FB200,Not assessed
human:MB-HB:2355,cluster,cross_species_WB,human,#88E402,Not assessed
human:MB-HB:2356,cluster,cross_species_WB,human,#431752,Not assessed
human:MB-HB:2357,cluster,cross_species_WB,human,#92FF9C,Not assessed
human:MB-HB:2358,cluster,cross_species_WB,human,#2FCD40,Not assessed
human:MB-HB:2359,cluster,cross_species_WB,human,#80B800,Not assessed
human:MB-HB:236,cluster,cross_species_WB,human,#4D647A,Not assessed
human:MB-HB:2360,cluster,cross_species_WB,human,#87DE02,Not assessed
human:MB-HB:2361,cluster,cross_species_WB,human,#A37DD3,Not assessed
human:MB-HB:2362,cluster,cross_species_WB,human,#593CC7,Not assessed
human:MB-HB:2363,cluster,cross_species_WB,human,#A17BD2,Not assessed
human:MB-HB:2364,cluster,cross_species_WB,human,#C2A5D9,Not assessed
human:MB-HB:2365,cluster,cross_species_WB,human,#6C4EC2,Not assessed
human:MB-HB:2366,cluster,cross_species_WB,human,#C0A3D8,Not assessed
human:MB-HB:2367,cluster,cross_species_WB,human,#5D3FC7,Not assessed
human:MB-HB:2368,cluster,cross_species_WB,human,#7A02B6,Not assessed
human:MB-HB:2369,cluster,cross_species_WB,human,#F8FF82,Not assessed
human:MB-HB:237,cluster,cross_species_WB,human,#314956,Not assessed
human:MB-HB:2370,cluster,cross_species_WB,human,#88CF52,Not assessed
human:MB-HB:2371,cluster,cross_species_WB,human,#82C431,Not assessed
human:MB-HB:2372,cluster,cross_species_WB,human,#87CF4F,Not assessed
human:MB-HB:2373,cluster,cross_species_WB,human,#83C632,Not assessed
human:MB-HB:2374,cluster,cross_species_WB,human,#FF40FA,Not assessed
human:MB-HB:2375,cluster,cross_species_WB,human,#2DE44A,Not assessed
human:MB-HB:2376,cluster,cross_species_WB,human,#FDA8E6,Not assessed
human:MB-HB:2377,cluster,cross_species_WB,human,#FF42F9,Not assessed
human:MB-HB:2378,cluster,cross_species_WB,human,#FDA6E6,Not assessed
human:MB-HB:2379,cluster,cross_species_WB,human,#FF44F8,Not assessed
human:MB-HB:238,cluster,cross_species_WB,human,#F80E00,Not assessed
human:MB-HB:2380,cluster,cross_species_WB,human,#FDA4E6,Not assessed
human:MB-HB:2381,cluster,cross_species_WB,human,#FF46F7,Not assessed
human:MB-HB:2382,cluster,cross_species_WB,human,#67E78F,Not assessed
human:MB-HB:2383,cluster,cross_species_WB,human,#FDA1E6,Not assessed
human:MB-HB:2384,cluster,cross_species_WB,human,#FF48F6,Not assessed
human:MB-HB:2385,cluster,cross_species_WB,human,#FD9FE6,Not assessed
human:MB-HB:2386,cluster,cross_species_WB,human,#FF4BF6,Not assessed
human:MB-HB:2387,cluster,cross_species_WB,human,#FD9DE6,Not assessed
human:MB-HB:2388,cluster,cross_species_WB,human,#32DCA7,Not assessed
human:MB-HB:2389,cluster,cross_species_WB,human,#DD0000,Not assessed
human:MB-HB:239,cluster,cross_species_WB,human,#827C49,Not assessed
human:MB-HB:2390,cluster,cross_species_WB,human,#FC4625,Not assessed
human:MB-HB:2391,cluster,cross_species_WB,human,#DF0100,Not assessed
human:MB-HB:2392,cluster,cross_species_WB,human,#FC4423,Not assessed
human:MB-HB:2393,cluster,cross_species_WB,human,#E10200,Not assessed
human:MB-HB:2394,cluster,cross_species_WB,human,#FC4221,Not assessed
human:MB-HB:2395,cluster,cross_species_WB,human,#E30300,Not assessed
human:MB-HB:2396,cluster,cross_species_WB,human,#FC3F1F,Not assessed
human:MB-HB:2397,cluster,cross_species_WB,human,#E40400,Not assessed
human:MB-HB:2398,cluster,cross_species_WB,human,#FD3D1D,Not assessed
human:MB-HB:2399,cluster,cross_species_WB,human,#E60500,Not assessed
human:MB-HB:24,cluster,cross_species_WB,human,#2B0C41,Not assessed
human:MB-HB:240,cluster,cross_species_WB,human,#2F113D,Not assessed
human:MB-HB:2400,cluster,cross_species_WB,human,#FD3A1B,Not assessed
human:MB-HB:2401,cluster,cross_species_WB,human,#E80600,Not assessed
human:MB-HB:2402,cluster,cross_species_WB,human,#476F73,Not assessed
human:MB-HB:2403,cluster,cross_species_WB,human,#FD3819,Not assessed
human:MB-HB:2404,cluster,cross_species_WB,human,#78237C,Not assessed
human:MB-HB:2405,cluster,cross_species_WB,human,#375D5D,Not assessed
human:MB-HB:2406,cluster,cross_species_WB,human,#A53597,Not assessed
human:MB-HB:2407,cluster,cross_species_WB,human,#446C6E,Not assessed
human:MB-HB:2408,cluster,cross_species_WB,human,#6F4ACE,Not assessed
human:MB-HB:2409,cluster,cross_species_WB,human,#84DA23,Not assessed
human:MB-HB:241,cluster,cross_species_WB,human,#A5A877,Not assessed
human:MB-HB:2410,cluster,cross_species_WB,human,#FED7B4,Not assessed
human:MB-HB:2411,cluster,cross_species_WB,human,#2C6169,Not assessed
human:MB-HB:2412,cluster,cross_species_WB,human,#230488,Not assessed
human:MB-HB:2413,cluster,cross_species_WB,human,#03004C,Not assessed
human:MB-HB:2414,cluster,cross_species_WB,human,#8769A2,Not assessed
human:MB-HB:2415,cluster,cross_species_WB,human,#432068,Not assessed
human:MB-HB:2416,cluster,cross_species_WB,human,#7A379B,Not assessed
human:MB-HB:2417,cluster,cross_species_WB,human,#FFC171,Not assessed
human:MB-HB:2418,cluster,cross_species_WB,human,#265C76,Not assessed
human:MB-HB:2419,cluster,cross_species_WB,human,#7E8713,Not assessed
human:MB-HB:242,cluster,cross_species_WB,human,#8B308C,Not assessed
human:MB-HB:2420,cluster,cross_species_WB,human,#8DA572,Not assessed
human:MB-HB:2421,cluster,cross_species_WB,human,#1A4B59,Not assessed
human:MB-HB:2422,cluster,cross_species_WB,human,#90AA1C,Not assessed
human:MB-HB:2423,cluster,cross_species_WB,human,#FC0E80,Not assessed
human:MB-HB:2424,cluster,cross_species_WB,human,#CB5300,Not assessed
human:MB-HB:2425,cluster,cross_species_WB,human,#FC990D,Not assessed
human:MB-HB:2426,cluster,cross_species_WB,human,#1ACAD6,Not assessed
human:MB-HB:2427,cluster,cross_species_WB,human,#37C6E3,Not assessed
human:MB-HB:2428,cluster,cross_species_WB,human,#CE5600,Not assessed
human:MB-HB:2429,cluster,cross_species_WB,human,#C60087,Not assessed
human:MB-HB:243,cluster,cross_species_WB,human,#3F4A13,Not assessed
human:MB-HB:2430,cluster,cross_species_WB,human,#FC9509,Not assessed
human:MB-HB:2431,cluster,cross_species_WB,human,#2F5334,Not assessed
human:MB-HB:2432,cluster,cross_species_WB,human,#4C785B,Not assessed
human:MB-HB:2433,cluster,cross_species_WB,human,#D25A00,Not assessed
human:MB-HB:2434,cluster,cross_species_WB,human,#FD9105,Not assessed
human:MB-HB:2435,cluster,cross_species_WB,human,#EE416F,Not assessed
human:MB-HB:2436,cluster,cross_species_WB,human,#9F137A,Not assessed
human:MB-HB:2437,cluster,cross_species_WB,human,#FF2910,Not assessed
human:MB-HB:2438,cluster,cross_species_WB,human,#305436,Not assessed
human:MB-HB:2439,cluster,cross_species_WB,human,#D78BFF,Not assessed
human:MB-HB:244,cluster,cross_species_WB,human,#668B2B,Not assessed
human:MB-HB:2440,cluster,cross_species_WB,human,#32C557,Not assessed
human:MB-HB:2441,cluster,cross_species_WB,human,#DC2F65,Not assessed
human:MB-HB:2442,cluster,cross_species_WB,human,#B51967,Not assessed
human:MB-HB:2443,cluster,cross_species_WB,human,#CF6D73,Not assessed
human:MB-HB:2444,cluster,cross_species_WB,human,#C94D62,Not assessed
human:MB-HB:2445,cluster,cross_species_WB,human,#FF7C09,Not assessed
human:MB-HB:2446,cluster,cross_species_WB,human,#FDB945,Not assessed
human:MB-HB:2447,cluster,cross_species_WB,human,#FF800D,Not assessed
human:MB-HB:2448,cluster,cross_species_WB,human,#7F8913,Not assessed
human:MB-HB:2449,cluster,cross_species_WB,human,#8FA91B,Not assessed
human:MB-HB:245,cluster,cross_species_WB,human,#445015,Not assessed
human:MB-HB:2450,cluster,cross_species_WB,human,#C0309F,Not assessed
human:MB-HB:2451,cluster,cross_species_WB,human,#CF53A4,Not assessed
human:MB-HB:2452,cluster,cross_species_WB,human,#000F7E,Not assessed
human:MB-HB:2453,cluster,cross_species_WB,human,#AFD3B1,Not assessed
human:MB-HB:2454,cluster,cross_species_WB,human,#0702B2,Not assessed
human:MB-HB:2455,cluster,cross_species_WB,human,#BF26E0,Not assessed
human:MB-HB:2456,cluster,cross_species_WB,human,#000F80,Not assessed
human:MB-HB:2457,cluster,cross_species_WB,human,#8DC38A,Not assessed
human:MB-HB:2458,cluster,cross_species_WB,human,#13DC00,Not assessed
human:MB-HB:2459,cluster,cross_species_WB,human,#7A02A9,Not assessed
human:MB-HB:246,cluster,cross_species_WB,human,#638528,Not assessed
human:MB-HB:2460,cluster,cross_species_WB,human,#0602B0,Not assessed
human:MB-HB:2461,cluster,cross_species_WB,human,#CCFEAA,Not assessed
human:MB-HB:2462,cluster,cross_species_WB,human,#FC16A7,Not assessed
human:MB-HB:2463,cluster,cross_species_WB,human,#26FC39,Not assessed
human:MB-HB:2464,cluster,cross_species_WB,human,#C9009B,Not assessed
human:MB-HB:2465,cluster,cross_species_WB,human,#FD029A,Not assessed
human:MB-HB:2466,cluster,cross_species_WB,human,#55684D,Not assessed
human:MB-HB:2467,cluster,cross_species_WB,human,#FC0B81,Not assessed
human:MB-HB:2468,cluster,cross_species_WB,human,#C80087,Not assessed
human:MB-HB:2469,cluster,cross_species_WB,human,#FC0882,Not assessed
human:MB-HB:247,cluster,cross_species_WB,human,#6D3BC6,Not assessed
human:MB-HB:2470,cluster,cross_species_WB,human,#93FBBA,Not assessed
human:MB-HB:2471,cluster,cross_species_WB,human,#B7FBD9,Not assessed
human:MB-HB:2472,cluster,cross_species_WB,human,#E70B9D,Not assessed
human:MB-HB:2473,cluster,cross_species_WB,human,#CB0087,Not assessed
human:MB-HB:2474,cluster,cross_species_WB,human,#F1389F,Not assessed
human:MB-HB:2475,cluster,cross_species_WB,human,#F20E9F,Not assessed
human:MB-HB:2476,cluster,cross_species_WB,human,#F22A9E,Not assessed
human:MB-HB:2477,cluster,cross_species_WB,human,#A46A01,Not assessed
human:MB-HB:2478,cluster,cross_species_WB,human,#30C1C2,Not assessed
human:MB-HB:2479,cluster,cross_species_WB,human,#51BECF,Not assessed
human:MB-HB:248,cluster,cross_species_WB,human,#B4FEC8,Not assessed
human:MB-HB:2480,cluster,cross_species_WB,human,#32C2C5,Not assessed
human:MB-HB:2481,cluster,cross_species_WB,human,#4DBFCE,Not assessed
human:MB-HB:2482,cluster,cross_species_WB,human,#C4FEB3,Not assessed
human:MB-HB:2483,cluster,cross_species_WB,human,#B8FF94,Not assessed
human:MB-HB:2484,cluster,cross_species_WB,human,#C4FEB3,Not assessed
human:MB-HB:2485,cluster,cross_species_WB,human,#B9FF96,Not assessed
human:MB-HB:2486,cluster,cross_species_WB,human,#81BB7D,Not assessed
human:MB-HB:2487,cluster,cross_species_WB,human,#5E7601,Not assessed
human:MB-HB:2488,cluster,cross_species_WB,human,#000E83,Not assessed
human:MB-HB:2489,cluster,cross_species_WB,human,#FD40A1,Not assessed
human:MB-HB:249,cluster,cross_species_WB,human,#76FF76,Not assessed
human:MB-HB:2490,cluster,cross_species_WB,human,#FB7AA8,Not assessed
human:MB-HB:2491,cluster,cross_species_WB,human,#500011,Not assessed
human:MB-HB:2492,cluster,cross_species_WB,human,#7B010D,Not assessed
human:MB-HB:2493,cluster,cross_species_WB,human,#520011,Not assessed
human:MB-HB:2494,cluster,cross_species_WB,human,#79010E,Not assessed
human:MB-HB:2495,cluster,cross_species_WB,human,#B3FEF0,Not assessed
human:MB-HB:2496,cluster,cross_species_WB,human,#7BFFD3,Not assessed
human:MB-HB:2497,cluster,cross_species_WB,human,#AB004D,Not assessed
human:MB-HB:2498,cluster,cross_species_WB,human,#53678E,Not assessed
human:MB-HB:2499,cluster,cross_species_WB,human,#6875A1,Not assessed
human:MB-HB:25,cluster,cross_species_WB,human,#560754,Not assessed
human:MB-HB:250,cluster,cross_species_WB,human,#E50A8F,Not assessed
human:MB-HB:2500,cluster,cross_species_WB,human,#541284,Not assessed
human:MB-HB:2501,cluster,cross_species_WB,human,#861DAE,Not assessed
human:MB-HB:2502,cluster,cross_species_WB,human,#CF5276,Not assessed
human:MB-HB:2503,cluster,cross_species_WB,human,#C3316E,Not assessed
human:MB-HB:2504,cluster,cross_species_WB,human,#15637E,Not assessed
human:MB-HB:2505,cluster,cross_species_WB,human,#0B474F,Not assessed
human:MB-HB:2506,cluster,cross_species_WB,human,#210386,Not assessed
human:MB-HB:2507,cluster,cross_species_WB,human,#4124DB,Not assessed
human:MB-HB:2508,cluster,cross_species_WB,human,#261CBF,Not assessed
human:MB-HB:2509,cluster,cross_species_WB,human,#C4F76D,Not assessed
human:MB-HB:251,cluster,cross_species_WB,human,#26B227,Not assessed
human:MB-HB:2510,cluster,cross_species_WB,human,#CCF89D,Not assessed
human:MB-HB:2511,cluster,cross_species_WB,human,#C5F774,Not assessed
human:MB-HB:2512,cluster,cross_species_WB,human,#7AB2AA,Not assessed
human:MB-HB:2513,cluster,cross_species_WB,human,#49004C,Not assessed
human:MB-HB:2514,cluster,cross_species_WB,human,#6F0169,Not assessed
human:MB-HB:2515,cluster,cross_species_WB,human,#5BA794,Not assessed
human:MB-HB:2516,cluster,cross_species_WB,human,#9BC79D,Not assessed
human:MB-HB:2517,cluster,cross_species_WB,human,#7480D6,Not assessed
human:MB-HB:2518,cluster,cross_species_WB,human,#506CD0,Not assessed
human:MB-HB:2519,cluster,cross_species_WB,human,#912B2B,Not assessed
human:MB-HB:252,cluster,cross_species_WB,human,#789E00,Not assessed
human:MB-HB:2520,cluster,cross_species_WB,human,#872817,Not assessed
human:MB-HB:2521,cluster,cross_species_WB,human,#45090B,Not assessed
human:MB-HB:2522,cluster,cross_species_WB,human,#722779,Not assessed
human:MB-HB:2523,cluster,cross_species_WB,human,#461855,Not assessed
human:MB-HB:2524,cluster,cross_species_WB,human,#6E51C3,Not assessed
human:MB-HB:2525,cluster,cross_species_WB,human,#BFA1D7,Not assessed
human:MB-HB:2526,cluster,cross_species_WB,human,#7153C3,Not assessed
human:MB-HB:2527,cluster,cross_species_WB,human,#40979D,Not assessed
human:MB-HB:2528,cluster,cross_species_WB,human,#B66ACF,Not assessed
human:MB-HB:2529,cluster,cross_species_WB,human,#B67519,Not assessed
human:MB-HB:253,cluster,cross_species_WB,human,#6AD689,Not assessed
human:MB-HB:2530,cluster,cross_species_WB,human,#BD9FD7,Not assessed
human:MB-HB:2531,cluster,cross_species_WB,human,#DCA62B,Not assessed
human:MB-HB:2532,cluster,cross_species_WB,human,#19B56C,Not assessed
human:MB-HB:2533,cluster,cross_species_WB,human,#FF4DF5,Not assessed
human:MB-HB:2534,cluster,cross_species_WB,human,#2CDCA2,Not assessed
human:MB-HB:2535,cluster,cross_species_WB,human,#FD9BE6,Not assessed
human:MB-HB:2536,cluster,cross_species_WB,human,#EA0700,Not assessed
human:MB-HB:2537,cluster,cross_species_WB,human,#4B7759,Not assessed
human:MB-HB:2538,cluster,cross_species_WB,human,#FD3518,Not assessed
human:MB-HB:2539,cluster,cross_species_WB,human,#44206A,Not assessed
human:MB-HB:254,cluster,cross_species_WB,human,#27B529,Not assessed
human:MB-HB:2540,cluster,cross_species_WB,human,#783799,Not assessed
human:MB-HB:2541,cluster,cross_species_WB,human,#46216B,Not assessed
human:MB-HB:2542,cluster,cross_species_WB,human,#763698,Not assessed
human:MB-HB:2543,cluster,cross_species_WB,human,#FEE2A2,Not assessed
human:MB-HB:2544,cluster,cross_species_WB,human,#B9C841,Not assessed
human:MB-HB:2545,cluster,cross_species_WB,human,#B7D176,Not assessed
human:MB-HB:2546,cluster,cross_species_WB,human,#D65E00,Not assessed
human:MB-HB:2547,cluster,cross_species_WB,human,#1BCCD9,Not assessed
human:MB-HB:2548,cluster,cross_species_WB,human,#D30099,Not assessed
human:MB-HB:2549,cluster,cross_species_WB,human,#4CCE76,Not assessed
human:MB-HB:255,cluster,cross_species_WB,human,#4934BB,Not assessed
human:MB-HB:2550,cluster,cross_species_WB,human,#35CB5D,Not assessed
human:MB-HB:2551,cluster,cross_species_WB,human,#808B14,Not assessed
human:MB-HB:2552,cluster,cross_species_WB,human,#8FA71B,Not assessed
human:MB-HB:2553,cluster,cross_species_WB,human,#818C14,Not assessed
human:MB-HB:2554,cluster,cross_species_WB,human,#3A4EC6,Not assessed
human:MB-HB:2555,cluster,cross_species_WB,human,#C5FFB3,Not assessed
human:MB-HB:2556,cluster,cross_species_WB,human,#5C64CC,Not assessed
human:MB-HB:2557,cluster,cross_species_WB,human,#C3FF8D,Not assessed
human:MB-HB:2558,cluster,cross_species_WB,human,#EB0884,Not assessed
human:MB-HB:2559,cluster,cross_species_WB,human,#D0293E,Not assessed
human:MB-HB:256,cluster,cross_species_WB,human,#B08BD6,Not assessed
human:MB-HB:2560,cluster,cross_species_WB,human,#FC0482,Not assessed
human:MB-HB:2561,cluster,cross_species_WB,human,#CE0088,Not assessed
human:MB-HB:2562,cluster,cross_species_WB,human,#7B0C6B,Not assessed
human:MB-HB:2563,cluster,cross_species_WB,human,#FC09A8,Not assessed
human:MB-HB:2564,cluster,cross_species_WB,human,#9D1279,Not assessed
human:MB-HB:2565,cluster,cross_species_WB,human,#7F4800,Not assessed
human:MB-HB:2566,cluster,cross_species_WB,human,#43FF0C,Not assessed
human:MB-HB:2567,cluster,cross_species_WB,human,#50FD42,Not assessed
human:MB-HB:2568,cluster,cross_species_WB,human,#CF5075,Not assessed
human:MB-HB:2569,cluster,cross_species_WB,human,#830028,Not assessed
human:MB-HB:257,cluster,cross_species_WB,human,#2A0063,Not assessed
human:MB-HB:2570,cluster,cross_species_WB,human,#AD0125,Not assessed
human:MB-HB:2571,cluster,cross_species_WB,human,#B3FEC1,Not assessed
human:MB-HB:2572,cluster,cross_species_WB,human,#CBF796,Not assessed
human:MB-HB:2573,cluster,cross_species_WB,human,#79B2A9,Not assessed
human:MB-HB:2574,cluster,cross_species_WB,human,#5DA795,Not assessed
human:MB-HB:2575,cluster,cross_species_WB,human,#7355C3,Not assessed
human:MB-HB:2576,cluster,cross_species_WB,human,#FFC575,Not assessed
human:MB-HB:2577,cluster,cross_species_WB,human,#FFA47A,Not assessed
human:MB-HB:2578,cluster,cross_species_WB,human,#D63E49,Not assessed
human:MB-HB:2579,cluster,cross_species_WB,human,#D9565A,Not assessed
human:MB-HB:258,cluster,cross_species_WB,human,#4B35BE,Not assessed
human:MB-HB:2580,cluster,cross_species_WB,human,#EE2567,Not assessed
human:MB-HB:2581,cluster,cross_species_WB,human,#A75070,Not assessed
human:MB-HB:2582,cluster,cross_species_WB,human,#904165,Not assessed
human:MB-HB:2583,cluster,cross_species_WB,human,#BC9DD6,Not assessed
human:MB-HB:2584,cluster,cross_species_WB,human,#7657C4,Not assessed
human:MB-HB:2585,cluster,cross_species_WB,human,#BA9BD6,Not assessed
human:MB-HB:2586,cluster,cross_species_WB,human,#14627C,Not assessed
human:MB-HB:2587,cluster,cross_species_WB,human,#69F5FE,Not assessed
human:MB-HB:2588,cluster,cross_species_WB,human,#F9029A,Not assessed
human:MB-HB:2589,cluster,cross_species_WB,human,#9B6101,Not assessed
human:MB-HB:259,cluster,cross_species_WB,human,#8135BE,Not assessed
human:MB-HB:2590,cluster,cross_species_WB,human,#FC0283,Not assessed
human:MB-HB:2591,cluster,cross_species_WB,human,#7859C4,Not assessed
human:MB-HB:2592,cluster,cross_species_WB,human,#B899D5,Not assessed
human:MB-HB:2593,cluster,cross_species_WB,human,#7B5BC5,Not assessed
human:MB-HB:2594,cluster,cross_species_WB,human,#B697D4,Not assessed
human:MB-HB:2595,cluster,cross_species_WB,human,#7D5EC5,Not assessed
human:MB-HB:2596,cluster,cross_species_WB,human,#FD653E,Not assessed
human:MB-HB:2597,cluster,cross_species_WB,human,#B595D4,Not assessed
human:MB-HB:2598,cluster,cross_species_WB,human,#7F60C6,Not assessed
human:MB-HB:2599,cluster,cross_species_WB,human,#FF3417,Not assessed
human:MB-HB:26,cluster,cross_species_WB,human,#5CF828,Not assessed
human:MB-HB:260,cluster,cross_species_WB,human,#30817C,Not assessed
human:MB-HB:2600,cluster,cross_species_WB,human,#B393D3,Not assessed
human:MB-HB:2601,cluster,cross_species_WB,human,#8262C6,Not assessed
human:MB-HB:2602,cluster,cross_species_WB,human,#B191D2,Not assessed
human:MB-HB:2603,cluster,cross_species_WB,human,#8464C7,Not assessed
human:MB-HB:261,cluster,cross_species_WB,human,#CA88D6,Not assessed
human:MB-HB:262,cluster,cross_species_WB,human,#63A4B9,Not assessed
human:MB-HB:263,cluster,cross_species_WB,human,#31837F,Not assessed
human:MB-HB:264,cluster,cross_species_WB,human,#8436C0,Not assessed
human:MB-HB:265,cluster,cross_species_WB,human,#C885D5,Not assessed
human:MB-HB:266,cluster,cross_species_WB,human,#8FD36B,Not assessed
human:MB-HB:267,cluster,cross_species_WB,human,#7EAE29,Not assessed
human:MB-HB:268,cluster,cross_species_WB,human,#8ED368,Not assessed
human:MB-HB:269,cluster,cross_species_WB,human,#7EB12A,Not assessed
human:MB-HB:27,cluster,cross_species_WB,human,#7E3E31,Not assessed
human:MB-HB:270,cluster,cross_species_WB,human,#1BE232,Not assessed
human:MB-HB:271,cluster,cross_species_WB,human,#8C8B08,Not assessed
human:MB-HB:272,cluster,cross_species_WB,human,#78E8A1,Not assessed
human:MB-HB:273,cluster,cross_species_WB,human,#9404CA,Not assessed
human:MB-HB:274,cluster,cross_species_WB,human,#2D0067,Not assessed
human:MB-HB:275,cluster,cross_species_WB,human,#AAE416,Not assessed
human:MB-HB:276,cluster,cross_species_WB,human,#8F04C7,Not assessed
human:MB-HB:277,cluster,cross_species_WB,human,#2A4C49,Not assessed
human:MB-HB:278,cluster,cross_species_WB,human,#4A4C00,Not assessed
human:MB-HB:279,cluster,cross_species_WB,human,#6B9503,Not assessed
human:MB-HB:28,cluster,cross_species_WB,human,#9F4341,Not assessed
human:MB-HB:280,cluster,cross_species_WB,human,#30006B,Not assessed
human:MB-HB:281,cluster,cross_species_WB,human,#908F08,Not assessed
human:MB-HB:282,cluster,cross_species_WB,human,#AAE116,Not assessed
human:MB-HB:283,cluster,cross_species_WB,human,#919308,Not assessed
human:MB-HB:284,cluster,cross_species_WB,human,#AADE15,Not assessed
human:MB-HB:285,cluster,cross_species_WB,human,#F929FF,Not assessed
human:MB-HB:286,cluster,cross_species_WB,human,#FDB5E5,Not assessed
human:MB-HB:287,cluster,cross_species_WB,human,#FA2BFF,Not assessed
human:MB-HB:288,cluster,cross_species_WB,human,#FC8056,Not assessed
human:MB-HB:289,cluster,cross_species_WB,human,#00D74C,Not assessed
human:MB-HB:29,cluster,cross_species_WB,human,#6F7C44,Not assessed
human:MB-HB:290,cluster,cross_species_WB,human,#00FF6C,Not assessed
human:MB-HB:291,cluster,cross_species_WB,human,#4C001A,Not assessed
human:MB-HB:292,cluster,cross_species_WB,human,#BF1A81,Not assessed
human:MB-HB:293,cluster,cross_species_WB,human,#FF1301,Not assessed
human:MB-HB:294,cluster,cross_species_WB,human,#A60805,Not assessed
human:MB-HB:295,cluster,cross_species_WB,human,#F97D52,Not assessed
human:MB-HB:296,cluster,cross_species_WB,human,#B40012,Not assessed
human:MB-HB:297,cluster,cross_species_WB,human,#F97B50,Not assessed
human:MB-HB:298,cluster,cross_species_WB,human,#2BB245,Not assessed
human:MB-HB:299,cluster,cross_species_WB,human,#63D28D,Not assessed
human:MB-HB:3,cluster,cross_species_WB,human,#1E4D4E,Not assessed
human:MB-HB:30,cluster,cross_species_WB,human,#5AC4AA,Not assessed
human:MB-HB:300,cluster,cross_species_WB,human,#254428,Not assessed
human:MB-HB:301,cluster,cross_species_WB,human,#4C0019,Not assessed
human:MB-HB:302,cluster,cross_species_WB,human,#A40704,Not assessed
human:MB-HB:303,cluster,cross_species_WB,human,#B73E9D,Not assessed
human:MB-HB:304,cluster,cross_species_WB,human,#044EF2,Not assessed
human:MB-HB:305,cluster,cross_species_WB,human,#005BA1,Not assessed
human:MB-HB:306,cluster,cross_species_WB,human,#044FEF,Not assessed
human:MB-HB:307,cluster,cross_species_WB,human,#51797F,Not assessed
human:MB-HB:308,cluster,cross_species_WB,human,#2D504E,Not assessed
human:MB-HB:309,cluster,cross_species_WB,human,#457993,Not assessed
human:MB-HB:31,cluster,cross_species_WB,human,#94AB7F,Not assessed
human:MB-HB:310,cluster,cross_species_WB,human,#4E767B,Not assessed
human:MB-HB:311,cluster,cross_species_WB,human,#611D6B,Not assessed
human:MB-HB:312,cluster,cross_species_WB,human,#B53D9D,Not assessed
human:MB-HB:313,cluster,cross_species_WB,human,#641E6D,Not assessed
human:MB-HB:314,cluster,cross_species_WB,human,#205153,Not assessed
human:MB-HB:315,cluster,cross_species_WB,human,#447891,Not assessed
human:MB-HB:316,cluster,cross_species_WB,human,#215355,Not assessed
human:MB-HB:317,cluster,cross_species_WB,human,#42778F,Not assessed
human:MB-HB:318,cluster,cross_species_WB,human,#225457,Not assessed
human:MB-HB:319,cluster,cross_species_WB,human,#B33C9C,Not assessed
human:MB-HB:32,cluster,cross_species_WB,human,#00034C,Not assessed
human:MB-HB:320,cluster,cross_species_WB,human,#41768D,Not assessed
human:MB-HB:321,cluster,cross_species_WB,human,#671E6F,Not assessed
human:MB-HB:322,cluster,cross_species_WB,human,#D228AD,Not assessed
human:MB-HB:323,cluster,cross_species_WB,human,#24565A,Not assessed
human:MB-HB:324,cluster,cross_species_WB,human,#4C0019,Not assessed
human:MB-HB:325,cluster,cross_species_WB,human,#B13B9B,Not assessed
human:MB-HB:326,cluster,cross_species_WB,human,#6A1F71,Not assessed
human:MB-HB:327,cluster,cross_species_WB,human,#40758B,Not assessed
human:MB-HB:328,cluster,cross_species_WB,human,#AF3A9B,Not assessed
human:MB-HB:329,cluster,cross_species_WB,human,#7651B0,Not assessed
human:MB-HB:33,cluster,cross_species_WB,human,#B30091,Not assessed
human:MB-HB:330,cluster,cross_species_WB,human,#6C2074,Not assessed
human:MB-HB:331,cluster,cross_species_WB,human,#25585C,Not assessed
human:MB-HB:332,cluster,cross_species_WB,human,#3E7489,Not assessed
human:MB-HB:333,cluster,cross_species_WB,human,#3929AF,Not assessed
human:MB-HB:334,cluster,cross_species_WB,human,#26595E,Not assessed
human:MB-HB:335,cluster,cross_species_WB,human,#3D7387,Not assessed
human:MB-HB:336,cluster,cross_species_WB,human,#275B60,Not assessed
human:MB-HB:337,cluster,cross_species_WB,human,#305553,Not assessed
human:MB-HB:338,cluster,cross_species_WB,human,#530A5D,Not assessed
human:MB-HB:339,cluster,cross_species_WB,human,#FFAA57,Not assessed
human:MB-HB:34,cluster,cross_species_WB,human,#6E480E,Not assessed
human:MB-HB:340,cluster,cross_species_WB,human,#3C7285,Not assessed
human:MB-HB:341,cluster,cross_species_WB,human,#00024C,Not assessed
human:MB-HB:342,cluster,cross_species_WB,human,#32069D,Not assessed
human:MB-HB:343,cluster,cross_species_WB,human,#9A363C,Not assessed
human:MB-HB:344,cluster,cross_species_WB,human,#BA2068,Not assessed
human:MB-HB:345,cluster,cross_species_WB,human,#7C1157,Not assessed
human:MB-HB:346,cluster,cross_species_WB,human,#604981,Not assessed
human:MB-HB:347,cluster,cross_species_WB,human,#9478A8,Not assessed
human:MB-HB:348,cluster,cross_species_WB,human,#BDFB74,Not assessed
human:MB-HB:349,cluster,cross_species_WB,human,#A45100,Not assessed
human:MB-HB:35,cluster,cross_species_WB,human,#10758F,Not assessed
human:MB-HB:350,cluster,cross_species_WB,human,#440062,Not assessed
human:MB-HB:351,cluster,cross_species_WB,human,#CC04C9,Not assessed
human:MB-HB:352,cluster,cross_species_WB,human,#B51E67,Not assessed
human:MB-HB:353,cluster,cross_species_WB,human,#480065,Not assessed
human:MB-HB:354,cluster,cross_species_WB,human,#C904C8,Not assessed
human:MB-HB:355,cluster,cross_species_WB,human,#C4DD00,Not assessed
human:MB-HB:356,cluster,cross_species_WB,human,#BDFB72,Not assessed
human:MB-HB:357,cluster,cross_species_WB,human,#C5DE00,Not assessed
human:MB-HB:358,cluster,cross_species_WB,human,#BDFB71,Not assessed
human:MB-HB:359,cluster,cross_species_WB,human,#C5E000,Not assessed
human:MB-HB:36,cluster,cross_species_WB,human,#21B800,Not assessed
human:MB-HB:360,cluster,cross_species_WB,human,#BDFB6F,Not assessed
human:MB-HB:361,cluster,cross_species_WB,human,#2D1650,Not assessed
human:MB-HB:362,cluster,cross_species_WB,human,#C6E100,Not assessed
human:MB-HB:363,cluster,cross_species_WB,human,#BDFB6E,Not assessed
human:MB-HB:364,cluster,cross_species_WB,human,#C6E300,Not assessed
human:MB-HB:365,cluster,cross_species_WB,human,#BDFB6C,Not assessed
human:MB-HB:366,cluster,cross_species_WB,human,#C7E400,Not assessed
human:MB-HB:367,cluster,cross_species_WB,human,#BCFB6B,Not assessed
human:MB-HB:368,cluster,cross_species_WB,human,#C7E600,Not assessed
human:MB-HB:369,cluster,cross_species_WB,human,#BCFB69,Not assessed
human:MB-HB:37,cluster,cross_species_WB,human,#6146C1,Not assessed
human:MB-HB:370,cluster,cross_species_WB,human,#C8E700,Not assessed
human:MB-HB:371,cluster,cross_species_WB,human,#BCFB68,Not assessed
human:MB-HB:372,cluster,cross_species_WB,human,#FEECB4,Not assessed
human:MB-HB:373,cluster,cross_species_WB,human,#9644B0,Not assessed
human:MB-HB:374,cluster,cross_species_WB,human,#BF6800,Not assessed
human:MB-HB:375,cluster,cross_species_WB,human,#C8E900,Not assessed
human:MB-HB:376,cluster,cross_species_WB,human,#BCFB66,Not assessed
human:MB-HB:377,cluster,cross_species_WB,human,#C9EA00,Not assessed
human:MB-HB:378,cluster,cross_species_WB,human,#D4A06E,Not assessed
human:MB-HB:379,cluster,cross_species_WB,human,#AC3D28,Not assessed
human:MB-HB:38,cluster,cross_species_WB,human,#361077,Not assessed
human:MB-HB:380,cluster,cross_species_WB,human,#D39D6B,Not assessed
human:MB-HB:381,cluster,cross_species_WB,human,#AE4029,Not assessed
human:MB-HB:382,cluster,cross_species_WB,human,#D39A68,Not assessed
human:MB-HB:383,cluster,cross_species_WB,human,#B1422A,Not assessed
human:MB-HB:384,cluster,cross_species_WB,human,#D29866,Not assessed
human:MB-HB:385,cluster,cross_species_WB,human,#B3452A,Not assessed
human:MB-HB:386,cluster,cross_species_WB,human,#D29563,Not assessed
human:MB-HB:387,cluster,cross_species_WB,human,#B5472B,Not assessed
human:MB-HB:388,cluster,cross_species_WB,human,#FFAE5B,Not assessed
human:MB-HB:389,cluster,cross_species_WB,human,#6AFF2E,Not assessed
human:MB-HB:39,cluster,cross_species_WB,human,#701FBA,Not assessed
human:MB-HB:390,cluster,cross_species_WB,human,#94FD88,Not assessed
human:MB-HB:391,cluster,cross_species_WB,human,#6DFF36,Not assessed
human:MB-HB:392,cluster,cross_species_WB,human,#FEEBB4,Not assessed
human:MB-HB:393,cluster,cross_species_WB,human,#00014C,Not assessed
human:MB-HB:394,cluster,cross_species_WB,human,#BCFB64,Not assessed
human:MB-HB:395,cluster,cross_species_WB,human,#8EFD80,Not assessed
human:MB-HB:396,cluster,cross_species_WB,human,#D19260,Not assessed
human:MB-HB:397,cluster,cross_species_WB,human,#B84A2C,Not assessed
human:MB-HB:398,cluster,cross_species_WB,human,#D18F5D,Not assessed
human:MB-HB:399,cluster,cross_species_WB,human,#FF7853,Not assessed
human:MB-HB:4,cluster,cross_species_WB,human,#5C1B67,Not assessed
human:MB-HB:40,cluster,cross_species_WB,human,#BF6AFF,Not assessed
human:MB-HB:400,cluster,cross_species_WB,human,#BA4C2D,Not assessed
human:MB-HB:401,cluster,cross_species_WB,human,#FDDEB5,Not assessed
human:MB-HB:402,cluster,cross_species_WB,human,#FF7A55,Not assessed
human:MB-HB:403,cluster,cross_species_WB,human,#FDDEB5,Not assessed
human:MB-HB:404,cluster,cross_species_WB,human,#FF7D58,Not assessed
human:MB-HB:405,cluster,cross_species_WB,human,#FDDDB5,Not assessed
human:MB-HB:406,cluster,cross_species_WB,human,#FF805A,Not assessed
human:MB-HB:407,cluster,cross_species_WB,human,#FDDDB4,Not assessed
human:MB-HB:408,cluster,cross_species_WB,human,#FF835C,Not assessed
human:MB-HB:409,cluster,cross_species_WB,human,#FDDCB4,Not assessed
human:MB-HB:41,cluster,cross_species_WB,human,#BEFB77,Not assessed
human:MB-HB:410,cluster,cross_species_WB,human,#FF855F,Not assessed
human:MB-HB:411,cluster,cross_species_WB,human,#FDDCB4,Not assessed
human:MB-HB:412,cluster,cross_species_WB,human,#FF8861,Not assessed
human:MB-HB:413,cluster,cross_species_WB,human,#FFB25F,Not assessed
human:MB-HB:414,cluster,cross_species_WB,human,#FEEAB4,Not assessed
human:MB-HB:415,cluster,cross_species_WB,human,#FFB664,Not assessed
human:MB-HB:416,cluster,cross_species_WB,human,#FEE8AF,Not assessed
human:MB-HB:417,cluster,cross_species_WB,human,#FFBA68,Not assessed
human:MB-HB:418,cluster,cross_species_WB,human,#FEE6AB,Not assessed
human:MB-HB:419,cluster,cross_species_WB,human,#FFBD6C,Not assessed
human:MB-HB:42,cluster,cross_species_WB,human,#C3DA00,Not assessed
human:MB-HB:420,cluster,cross_species_WB,human,#FEE4A6,Not assessed
human:MB-HB:421,cluster,cross_species_WB,human,#FDDBB4,Not assessed
human:MB-HB:422,cluster,cross_species_WB,human,#FF8B63,Not assessed
human:MB-HB:423,cluster,cross_species_WB,human,#FDDBB4,Not assessed
human:MB-HB:424,cluster,cross_species_WB,human,#FF8D65,Not assessed
human:MB-HB:425,cluster,cross_species_WB,human,#FDDBB4,Not assessed
human:MB-HB:426,cluster,cross_species_WB,human,#FF9068,Not assessed
human:MB-HB:427,cluster,cross_species_WB,human,#FDDAB4,Not assessed
human:MB-HB:428,cluster,cross_species_WB,human,#FF926A,Not assessed
human:MB-HB:429,cluster,cross_species_WB,human,#FEDAB4,Not assessed
human:MB-HB:43,cluster,cross_species_WB,human,#79A515,Not assessed
human:MB-HB:430,cluster,cross_species_WB,human,#FF956C,Not assessed
human:MB-HB:431,cluster,cross_species_WB,human,#FED9B4,Not assessed
human:MB-HB:432,cluster,cross_species_WB,human,#2E1751,Not assessed
human:MB-HB:433,cluster,cross_species_WB,human,#9443AF,Not assessed
human:MB-HB:434,cluster,cross_species_WB,human,#301853,Not assessed
human:MB-HB:435,cluster,cross_species_WB,human,#FF976F,Not assessed
human:MB-HB:436,cluster,cross_species_WB,human,#9242AD,Not assessed
human:MB-HB:437,cluster,cross_species_WB,human,#311855,Not assessed
human:MB-HB:438,cluster,cross_species_WB,human,#D445E1,Not assessed
human:MB-HB:439,cluster,cross_species_WB,human,#7514B0,Not assessed
human:MB-HB:44,cluster,cross_species_WB,human,#BEFB75,Not assessed
human:MB-HB:440,cluster,cross_species_WB,human,#D342E1,Not assessed
human:MB-HB:441,cluster,cross_species_WB,human,#7914B2,Not assessed
human:MB-HB:442,cluster,cross_species_WB,human,#D13FE1,Not assessed
human:MB-HB:443,cluster,cross_species_WB,human,#7C15B5,Not assessed
human:MB-HB:444,cluster,cross_species_WB,human,#CF3CE1,Not assessed
human:MB-HB:445,cluster,cross_species_WB,human,#7F15B7,Not assessed
human:MB-HB:446,cluster,cross_species_WB,human,#3F95BC,Not assessed
human:MB-HB:447,cluster,cross_species_WB,human,#CD39E0,Not assessed
human:MB-HB:448,cluster,cross_species_WB,human,#123B41,Not assessed
human:MB-HB:449,cluster,cross_species_WB,human,#2E6589,Not assessed
human:MB-HB:45,cluster,cross_species_WB,human,#2C0058,Not assessed
human:MB-HB:450,cluster,cross_species_WB,human,#133D45,Not assessed
human:MB-HB:451,cluster,cross_species_WB,human,#207377,Not assessed
human:MB-HB:452,cluster,cross_species_WB,human,#4B0069,Not assessed
human:MB-HB:453,cluster,cross_species_WB,human,#2D6486,Not assessed
human:MB-HB:454,cluster,cross_species_WB,human,#C504C6,Not assessed
human:MB-HB:455,cluster,cross_species_WB,human,#144048,Not assessed
human:MB-HB:456,cluster,cross_species_WB,human,#2B6283,Not assessed
human:MB-HB:457,cluster,cross_species_WB,human,#15424B,Not assessed
human:MB-HB:458,cluster,cross_species_WB,human,#2A6180,Not assessed
human:MB-HB:459,cluster,cross_species_WB,human,#16444F,Not assessed
human:MB-HB:46,cluster,cross_species_WB,human,#C4DB00,Not assessed
human:MB-HB:460,cluster,cross_species_WB,human,#4F006C,Not assessed
human:MB-HB:461,cluster,cross_species_WB,human,#C003C2,Not assessed
human:MB-HB:462,cluster,cross_species_WB,human,#520070,Not assessed
human:MB-HB:463,cluster,cross_species_WB,human,#34028D,Not assessed
human:MB-HB:464,cluster,cross_species_WB,human,#12004D,Not assessed
human:MB-HB:465,cluster,cross_species_WB,human,#3D95BA,Not assessed
human:MB-HB:466,cluster,cross_species_WB,human,#285F7C,Not assessed
human:MB-HB:467,cluster,cross_species_WB,human,#184752,Not assessed
human:MB-HB:468,cluster,cross_species_WB,human,#21757A,Not assessed
human:MB-HB:469,cluster,cross_species_WB,human,#5C1A73,Not assessed
human:MB-HB:47,cluster,cross_species_WB,human,#86DD3E,Not assessed
human:MB-HB:470,cluster,cross_species_WB,human,#C9EC00,Not assessed
human:MB-HB:471,cluster,cross_species_WB,human,#2F0D43,Not assessed
human:MB-HB:472,cluster,cross_species_WB,human,#3C94B7,Not assessed
human:MB-HB:473,cluster,cross_species_WB,human,#7AA916,Not assessed
human:MB-HB:474,cluster,cross_species_WB,human,#85DD3A,Not assessed
human:MB-HB:475,cluster,cross_species_WB,human,#B06179,Not assessed
human:MB-HB:476,cluster,cross_species_WB,human,#80375D,Not assessed
human:MB-HB:477,cluster,cross_species_WB,human,#AF5D77,Not assessed
human:MB-HB:478,cluster,cross_species_WB,human,#580756,Not assessed
human:MB-HB:479,cluster,cross_species_WB,human,#BD1A80,Not assessed
human:MB-HB:48,cluster,cross_species_WB,human,#9204BC,Not assessed
human:MB-HB:480,cluster,cross_species_WB,human,#023D8D,Not assessed
human:MB-HB:481,cluster,cross_species_WB,human,#5A0757,Not assessed
human:MB-HB:482,cluster,cross_species_WB,human,#BB1980,Not assessed
human:MB-HB:483,cluster,cross_species_WB,human,#5D0859,Not assessed
human:MB-HB:484,cluster,cross_species_WB,human,#B91980,Not assessed
human:MB-HB:485,cluster,cross_species_WB,human,#B60011,Not assessed
human:MB-HB:486,cluster,cross_species_WB,human,#5F085B,Not assessed
human:MB-HB:487,cluster,cross_species_WB,human,#B7187F,Not assessed
human:MB-HB:488,cluster,cross_species_WB,human,#61085C,Not assessed
human:MB-HB:489,cluster,cross_species_WB,human,#FA794E,Not assessed
human:MB-HB:49,cluster,cross_species_WB,human,#2F005D,Not assessed
human:MB-HB:490,cluster,cross_species_WB,human,#B80010,Not assessed
human:MB-HB:491,cluster,cross_species_WB,human,#FA774D,Not assessed
human:MB-HB:492,cluster,cross_species_WB,human,#B5187F,Not assessed
human:MB-HB:493,cluster,cross_species_WB,human,#64095E,Not assessed
human:MB-HB:494,cluster,cross_species_WB,human,#95262F,Not assessed
human:MB-HB:495,cluster,cross_species_WB,human,#910067,Not assessed
human:MB-HB:496,cluster,cross_species_WB,human,#CA6F58,Not assessed
human:MB-HB:497,cluster,cross_species_WB,human,#B3177F,Not assessed
human:MB-HB:498,cluster,cross_species_WB,human,#C62900,Not assessed
human:MB-HB:499,cluster,cross_species_WB,human,#66095F,Not assessed
human:MB-HB:5,cluster,cross_species_WB,human,#3D2F79,Not assessed
human:MB-HB:50,cluster,cross_species_WB,human,#8D03B8,Not assessed
human:MB-HB:500,cluster,cross_species_WB,human,#98BAFF,Not assessed
human:MB-HB:501,cluster,cross_species_WB,human,#B0177E,Not assessed
human:MB-HB:502,cluster,cross_species_WB,human,#CBFEB4,Not assessed
human:MB-HB:503,cluster,cross_species_WB,human,#C43873,Not assessed
human:MB-HB:504,cluster,cross_species_WB,human,#680961,Not assessed
human:MB-HB:505,cluster,cross_species_WB,human,#D48094,Not assessed
human:MB-HB:506,cluster,cross_species_WB,human,#C73E75,Not assessed
human:MB-HB:507,cluster,cross_species_WB,human,#CD057F,Not assessed
human:MB-HB:508,cluster,cross_species_WB,human,#D27990,Not assessed
human:MB-HB:509,cluster,cross_species_WB,human,#C84678,Not assessed
human:MB-HB:51,cluster,cross_species_WB,human,#9E1464,Not assessed
human:MB-HB:510,cluster,cross_species_WB,human,#D1728C,Not assessed
human:MB-HB:511,cluster,cross_species_WB,human,#83395F,Not assessed
human:MB-HB:512,cluster,cross_species_WB,human,#B90010,Not assessed
human:MB-HB:513,cluster,cross_species_WB,human,#C94D7B,Not assessed
human:MB-HB:514,cluster,cross_species_WB,human,#FA754B,Not assessed
human:MB-HB:515,cluster,cross_species_WB,human,#AE5975,Not assessed
human:MB-HB:516,cluster,cross_species_WB,human,#863B60,Not assessed
human:MB-HB:517,cluster,cross_species_WB,human,#AC5573,Not assessed
human:MB-HB:518,cluster,cross_species_WB,human,#BB000F,Not assessed
human:MB-HB:519,cluster,cross_species_WB,human,#15BFBD,Not assessed
human:MB-HB:52,cluster,cross_species_WB,human,#CE6900,Not assessed
human:MB-HB:520,cluster,cross_species_WB,human,#52C1E4,Not assessed
human:MB-HB:521,cluster,cross_species_WB,human,#16C2C3,Not assessed
human:MB-HB:522,cluster,cross_species_WB,human,#4EC2E4,Not assessed
human:MB-HB:523,cluster,cross_species_WB,human,#3B4533,Not assessed
human:MB-HB:524,cluster,cross_species_WB,human,#17C4C6,Not assessed
human:MB-HB:525,cluster,cross_species_WB,human,#5E7657,Not assessed
human:MB-HB:526,cluster,cross_species_WB,human,#404C38,Not assessed
human:MB-HB:527,cluster,cross_species_WB,human,#FB8127,Not assessed
human:MB-HB:528,cluster,cross_species_WB,human,#5A6F52,Not assessed
human:MB-HB:529,cluster,cross_species_WB,human,#30FF90,Not assessed
human:MB-HB:53,cluster,cross_species_WB,human,#DE476B,Not assessed
human:MB-HB:530,cluster,cross_species_WB,human,#70FF43,Not assessed
human:MB-HB:531,cluster,cross_species_WB,human,#86FDD1,Not assessed
human:MB-HB:532,cluster,cross_species_WB,human,#A5FDA5,Not assessed
human:MB-HB:533,cluster,cross_species_WB,human,#72FF48,Not assessed
human:MB-HB:534,cluster,cross_species_WB,human,#A1FE9F,Not assessed
human:MB-HB:535,cluster,cross_species_WB,human,#AE167E,Not assessed
human:MB-HB:536,cluster,cross_species_WB,human,#6B0962,Not assessed
human:MB-HB:537,cluster,cross_species_WB,human,#1FFFE7,Not assessed
human:MB-HB:538,cluster,cross_species_WB,human,#BF8678,Not assessed
human:MB-HB:539,cluster,cross_species_WB,human,#7DEFFD,Not assessed
human:MB-HB:54,cluster,cross_species_WB,human,#BD345A,Not assessed
human:MB-HB:540,cluster,cross_species_WB,human,#A54845,Not assessed
human:MB-HB:541,cluster,cross_species_WB,human,#BD7E71,Not assessed
human:MB-HB:542,cluster,cross_species_WB,human,#AB4E49,Not assessed
human:MB-HB:543,cluster,cross_species_WB,human,#B37756,Not assessed
human:MB-HB:544,cluster,cross_species_WB,human,#BB766A,Not assessed
human:MB-HB:545,cluster,cross_species_WB,human,#88F77E,Not assessed
human:MB-HB:546,cluster,cross_species_WB,human,#61F835,Not assessed
human:MB-HB:547,cluster,cross_species_WB,human,#CC2D00,Not assessed
human:MB-HB:548,cluster,cross_species_WB,human,#FC7A20,Not assessed
human:MB-HB:549,cluster,cross_species_WB,human,#D23200,Not assessed
human:MB-HB:55,cluster,cross_species_WB,human,#1F4F51,Not assessed
human:MB-HB:550,cluster,cross_species_WB,human,#80F772,Not assessed
human:MB-HB:551,cluster,cross_species_WB,human,#73FF4E,Not assessed
human:MB-HB:552,cluster,cross_species_WB,human,#844334,Not assessed
human:MB-HB:553,cluster,cross_species_WB,human,#FC731A,Not assessed
human:MB-HB:554,cluster,cross_species_WB,human,#D83600,Not assessed
human:MB-HB:555,cluster,cross_species_WB,human,#B1714F,Not assessed
human:MB-HB:556,cluster,cross_species_WB,human,#894837,Not assessed
human:MB-HB:557,cluster,cross_species_WB,human,#AC6B4C,Not assessed
human:MB-HB:558,cluster,cross_species_WB,human,#8E4C3A,Not assessed
human:MB-HB:559,cluster,cross_species_WB,human,#26FFEB,Not assessed
human:MB-HB:56,cluster,cross_species_WB,human,#1076FF,Not assessed
human:MB-HB:560,cluster,cross_species_WB,human,#76F1FD,Not assessed
human:MB-HB:561,cluster,cross_species_WB,human,#2CFFEF,Not assessed
human:MB-HB:562,cluster,cross_species_WB,human,#618340,Not assessed
human:MB-HB:563,cluster,cross_species_WB,human,#3E4B1F,Not assessed
human:MB-HB:564,cluster,cross_species_WB,human,#9ED329,Not assessed
human:MB-HB:565,cluster,cross_species_WB,human,#5D00A1,Not assessed
human:MB-HB:566,cluster,cross_species_WB,human,#5F803E,Not assessed
human:MB-HB:567,cluster,cross_species_WB,human,#707E46,Not assessed
human:MB-HB:568,cluster,cross_species_WB,human,#FFFF47,Not assessed
human:MB-HB:569,cluster,cross_species_WB,human,#6B0027,Not assessed
human:MB-HB:57,cluster,cross_species_WB,human,#D68D89,Not assessed
human:MB-HB:570,cluster,cross_species_WB,human,#C40320,Not assessed
human:MB-HB:571,cluster,cross_species_WB,human,#710027,Not assessed
human:MB-HB:572,cluster,cross_species_WB,human,#5C580A,Not assessed
human:MB-HB:573,cluster,cross_species_WB,human,#C3AC57,Not assessed
human:MB-HB:574,cluster,cross_species_WB,human,#D6D49C,Not assessed
human:MB-HB:575,cluster,cross_species_WB,human,#9ED228,Not assessed
human:MB-HB:576,cluster,cross_species_WB,human,#414E21,Not assessed
human:MB-HB:577,cluster,cross_species_WB,human,#5D7D3C,Not assessed
human:MB-HB:578,cluster,cross_species_WB,human,#BE0321,Not assessed
human:MB-HB:579,cluster,cross_species_WB,human,#770028,Not assessed
human:MB-HB:58,cluster,cross_species_WB,human,#4CFA6B,Not assessed
human:MB-HB:580,cluster,cross_species_WB,human,#7E5435,Not assessed
human:MB-HB:581,cluster,cross_species_WB,human,#AF8D5A,Not assessed
human:MB-HB:582,cluster,cross_species_WB,human,#ECFEA0,Not assessed
human:MB-HB:583,cluster,cross_species_WB,human,#C5B15E,Not assessed
human:MB-HB:584,cluster,cross_species_WB,human,#BF04F6,Not assessed
human:MB-HB:585,cluster,cross_species_WB,human,#206575,Not assessed
human:MB-HB:586,cluster,cross_species_WB,human,#6500A9,Not assessed
human:MB-HB:587,cluster,cross_species_WB,human,#B503EE,Not assessed
human:MB-HB:588,cluster,cross_species_WB,human,#6D00B1,Not assessed
human:MB-HB:589,cluster,cross_species_WB,human,#AB02E7,Not assessed
human:MB-HB:59,cluster,cross_species_WB,human,#20BA00,Not assessed
human:MB-HB:590,cluster,cross_species_WB,human,#435223,Not assessed
human:MB-HB:591,cluster,cross_species_WB,human,#5B793A,Not assessed
human:MB-HB:592,cluster,cross_species_WB,human,#93AA7C,Not assessed
human:MB-HB:593,cluster,cross_species_WB,human,#7500B9,Not assessed
human:MB-HB:594,cluster,cross_species_WB,human,#728048,Not assessed
human:MB-HB:595,cluster,cross_species_WB,human,#A202E0,Not assessed
human:MB-HB:596,cluster,cross_species_WB,human,#91A97A,Not assessed
human:MB-HB:597,cluster,cross_species_WB,human,#6448C1,Not assessed
human:MB-HB:598,cluster,cross_species_WB,human,#6FC9B8,Not assessed
human:MB-HB:599,cluster,cross_species_WB,human,#7BAE17,Not assessed
human:MB-HB:6,cluster,cross_species_WB,human,#467A95,Not assessed
human:MB-HB:60,cluster,cross_species_WB,human,#BDFF68,Not assessed
human:MB-HB:600,cluster,cross_species_WB,human,#85DC35,Not assessed
human:MB-HB:601,cluster,cross_species_WB,human,#49C2E4,Not assessed
human:MB-HB:602,cluster,cross_species_WB,human,#2DB94B,Not assessed
human:MB-HB:603,cluster,cross_species_WB,human,#17C6CA,Not assessed
human:MB-HB:604,cluster,cross_species_WB,human,#EE1164,Not assessed
human:MB-HB:605,cluster,cross_species_WB,human,#A45500,Not assessed
human:MB-HB:606,cluster,cross_species_WB,human,#FE3800,Not assessed
human:MB-HB:607,cluster,cross_species_WB,human,#B43E00,Not assessed
human:MB-HB:608,cluster,cross_species_WB,human,#FBAF25,Not assessed
human:MB-HB:609,cluster,cross_species_WB,human,#B84200,Not assessed
human:MB-HB:61,cluster,cross_species_WB,human,#C7ABDB,Not assessed
human:MB-HB:610,cluster,cross_species_WB,human,#BF6C00,Not assessed
human:MB-HB:611,cluster,cross_species_WB,human,#EFB4FE,Not assessed
human:MB-HB:612,cluster,cross_species_WB,human,#FBAB21,Not assessed
human:MB-HB:613,cluster,cross_species_WB,human,#C36FFF,Not assessed
human:MB-HB:614,cluster,cross_species_WB,human,#57856A,Not assessed
human:MB-HB:615,cluster,cross_species_WB,human,#EEB4FE,Not assessed
human:MB-HB:616,cluster,cross_species_WB,human,#C875FF,Not assessed
human:MB-HB:617,cluster,cross_species_WB,human,#264629,Not assessed
human:MB-HB:618,cluster,cross_species_WB,human,#568468,Not assessed
human:MB-HB:619,cluster,cross_species_WB,human,#27482A,Not assessed
human:MB-HB:62,cluster,cross_species_WB,human,#44B72B,Not assessed
human:MB-HB:620,cluster,cross_species_WB,human,#BC4500,Not assessed
human:MB-HB:621,cluster,cross_species_WB,human,#B5B832,Not assessed
human:MB-HB:622,cluster,cross_species_WB,human,#BDD78F,Not assessed
human:MB-HB:623,cluster,cross_species_WB,human,#B5BA33,Not assessed
human:MB-HB:624,cluster,cross_species_WB,human,#BCD78D,Not assessed
human:MB-HB:625,cluster,cross_species_WB,human,#B6BB34,Not assessed
human:MB-HB:626,cluster,cross_species_WB,human,#81FBA9,Not assessed
human:MB-HB:627,cluster,cross_species_WB,human,#BBD68B,Not assessed
human:MB-HB:628,cluster,cross_species_WB,human,#B7BD34,Not assessed
human:MB-HB:629,cluster,cross_species_WB,human,#BBD689,Not assessed
human:MB-HB:63,cluster,cross_species_WB,human,#7FD88E,Not assessed
human:MB-HB:630,cluster,cross_species_WB,human,#B8BF35,Not assessed
human:MB-HB:631,cluster,cross_species_WB,human,#558267,Not assessed
human:MB-HB:632,cluster,cross_species_WB,human,#EDB3FE,Not assessed
human:MB-HB:633,cluster,cross_species_WB,human,#28492C,Not assessed
human:MB-HB:634,cluster,cross_species_WB,human,#548165,Not assessed
human:MB-HB:635,cluster,cross_species_WB,human,#5BD186,Not assessed
human:MB-HB:636,cluster,cross_species_WB,human,#BAD587,Not assessed
human:MB-HB:637,cluster,cross_species_WB,human,#B8C136,Not assessed
human:MB-HB:638,cluster,cross_species_WB,human,#BAD585,Not assessed
human:MB-HB:639,cluster,cross_species_WB,human,#B9C237,Not assessed
human:MB-HB:64,cluster,cross_species_WB,human,#43B92C,Not assessed
human:MB-HB:640,cluster,cross_species_WB,human,#BCFB63,Not assessed
human:MB-HB:641,cluster,cross_species_WB,human,#CAED00,Not assessed
human:MB-HB:642,cluster,cross_species_WB,human,#BCFB61,Not assessed
human:MB-HB:643,cluster,cross_species_WB,human,#CAEF00,Not assessed
human:MB-HB:644,cluster,cross_species_WB,human,#BCFB60,Not assessed
human:MB-HB:645,cluster,cross_species_WB,human,#CBF000,Not assessed
human:MB-HB:646,cluster,cross_species_WB,human,#BCFB5E,Not assessed
human:MB-HB:647,cluster,cross_species_WB,human,#CBF200,Not assessed
human:MB-HB:648,cluster,cross_species_WB,human,#BCFC5D,Not assessed
human:MB-HB:649,cluster,cross_species_WB,human,#CBF300,Not assessed
human:MB-HB:65,cluster,cross_species_WB,human,#7CD78B,Not assessed
human:MB-HB:650,cluster,cross_species_WB,human,#BCFC5B,Not assessed
human:MB-HB:651,cluster,cross_species_WB,human,#CCF500,Not assessed
human:MB-HB:652,cluster,cross_species_WB,human,#BCFC5A,Not assessed
human:MB-HB:653,cluster,cross_species_WB,human,#CCF600,Not assessed
human:MB-HB:654,cluster,cross_species_WB,human,#BCFC58,Not assessed
human:MB-HB:655,cluster,cross_species_WB,human,#CCF800,Not assessed
human:MB-HB:656,cluster,cross_species_WB,human,#43BE2E,Not assessed
human:MB-HB:657,cluster,cross_species_WB,human,#BCFC56,Not assessed
human:MB-HB:658,cluster,cross_species_WB,human,#77D685,Not assessed
human:MB-HB:659,cluster,cross_species_WB,human,#CDF900,Not assessed
human:MB-HB:66,cluster,cross_species_WB,human,#43BB2D,Not assessed
human:MB-HB:660,cluster,cross_species_WB,human,#BCFC55,Not assessed
human:MB-HB:661,cluster,cross_species_WB,human,#CDFB00,Not assessed
human:MB-HB:662,cluster,cross_species_WB,human,#BCFC53,Not assessed
human:MB-HB:663,cluster,cross_species_WB,human,#CEFC00,Not assessed
human:MB-HB:664,cluster,cross_species_WB,human,#BCFC52,Not assessed
human:MB-HB:665,cluster,cross_species_WB,human,#CEFE00,Not assessed
human:MB-HB:666,cluster,cross_species_WB,human,#BCFC50,Not assessed
human:MB-HB:667,cluster,cross_species_WB,human,#CEFF00,Not assessed
human:MB-HB:668,cluster,cross_species_WB,human,#BCFC4F,Not assessed
human:MB-HB:669,cluster,cross_species_WB,human,#CDFF02,Not assessed
human:MB-HB:67,cluster,cross_species_WB,human,#363A80,Not assessed
human:MB-HB:670,cluster,cross_species_WB,human,#BCFC4D,Not assessed
human:MB-HB:671,cluster,cross_species_WB,human,#CDFF03,Not assessed
human:MB-HB:672,cluster,cross_species_WB,human,#320061,Not assessed
human:MB-HB:673,cluster,cross_species_WB,human,#8803B4,Not assessed
human:MB-HB:674,cluster,cross_species_WB,human,#360065,Not assessed
human:MB-HB:675,cluster,cross_species_WB,human,#BCFC4C,Not assessed
human:MB-HB:676,cluster,cross_species_WB,human,#7DB218,Not assessed
human:MB-HB:677,cluster,cross_species_WB,human,#8303B1,Not assessed
human:MB-HB:678,cluster,cross_species_WB,human,#390069,Not assessed
human:MB-HB:679,cluster,cross_species_WB,human,#D58986,Not assessed
human:MB-HB:68,cluster,cross_species_WB,human,#79D788,Not assessed
human:MB-HB:680,cluster,cross_species_WB,human,#C1375A,Not assessed
human:MB-HB:681,cluster,cross_species_WB,human,#D48684,Not assessed
human:MB-HB:682,cluster,cross_species_WB,human,#A11465,Not assessed
human:MB-HB:683,cluster,cross_species_WB,human,#C4385A,Not assessed
human:MB-HB:684,cluster,cross_species_WB,human,#DD446A,Not assessed
human:MB-HB:685,cluster,cross_species_WB,human,#A31565,Not assessed
human:MB-HB:686,cluster,cross_species_WB,human,#D48281,Not assessed
human:MB-HB:687,cluster,cross_species_WB,human,#DD4169,Not assessed
human:MB-HB:688,cluster,cross_species_WB,human,#FBCD35,Not assessed
human:MB-HB:689,cluster,cross_species_WB,human,#A61565,Not assessed
human:MB-HB:69,cluster,cross_species_WB,human,#FF24A4,Not assessed
human:MB-HB:690,cluster,cross_species_WB,human,#DD3E68,Not assessed
human:MB-HB:691,cluster,cross_species_WB,human,#A91666,Not assessed
human:MB-HB:692,cluster,cross_species_WB,human,#DD3B68,Not assessed
human:MB-HB:693,cluster,cross_species_WB,human,#AB1766,Not assessed
human:MB-HB:694,cluster,cross_species_WB,human,#DC3867,Not assessed
human:MB-HB:695,cluster,cross_species_WB,human,#D26E00,Not assessed
human:MB-HB:696,cluster,cross_species_WB,human,#FCC930,Not assessed
human:MB-HB:697,cluster,cross_species_WB,human,#D77300,Not assessed
human:MB-HB:698,cluster,cross_species_WB,human,#8C94FC,Not assessed
human:MB-HB:699,cluster,cross_species_WB,human,#C6395A,Not assessed
human:MB-HB:7,cluster,cross_species_WB,human,#B93F9E,Not assessed
human:MB-HB:70,cluster,cross_species_WB,human,#FB94B1,Not assessed
human:MB-HB:700,cluster,cross_species_WB,human,#D37E7E,Not assessed
human:MB-HB:701,cluster,cross_species_WB,human,#AE1766,Not assessed
human:MB-HB:702,cluster,cross_species_WB,human,#C73C5B,Not assessed
human:MB-HB:703,cluster,cross_species_WB,human,#FCC62B,Not assessed
human:MB-HB:704,cluster,cross_species_WB,human,#DC7900,Not assessed
human:MB-HB:705,cluster,cross_species_WB,human,#FCC226,Not assessed
human:MB-HB:706,cluster,cross_species_WB,human,#EF5E00,Not assessed
human:MB-HB:707,cluster,cross_species_WB,human,#D37B7C,Not assessed
human:MB-HB:708,cluster,cross_species_WB,human,#5E5A0B,Not assessed
human:MB-HB:709,cluster,cross_species_WB,human,#9DD028,Not assessed
human:MB-HB:71,cluster,cross_species_WB,human,#367D35,Not assessed
human:MB-HB:710,cluster,cross_species_WB,human,#5F5C0B,Not assessed
human:MB-HB:711,cluster,cross_species_WB,human,#9DCF27,Not assessed
human:MB-HB:712,cluster,cross_species_WB,human,#615F0B,Not assessed
human:MB-HB:713,cluster,cross_species_WB,human,#9DCD27,Not assessed
human:MB-HB:714,cluster,cross_species_WB,human,#63610B,Not assessed
human:MB-HB:715,cluster,cross_species_WB,human,#9CCC26,Not assessed
human:MB-HB:716,cluster,cross_species_WB,human,#65630C,Not assessed
human:MB-HB:717,cluster,cross_species_WB,human,#9CCA26,Not assessed
human:MB-HB:718,cluster,cross_species_WB,human,#66650C,Not assessed
human:MB-HB:719,cluster,cross_species_WB,human,#9BC825,Not assessed
human:MB-HB:72,cluster,cross_species_WB,human,#FF1ED2,Not assessed
human:MB-HB:720,cluster,cross_species_WB,human,#3A61C6,Not assessed
human:MB-HB:721,cluster,cross_species_WB,human,#516DCA,Not assessed
human:MB-HB:722,cluster,cross_species_WB,human,#FCCD5F,Not assessed
human:MB-HB:723,cluster,cross_species_WB,human,#B02A99,Not assessed
human:MB-HB:724,cluster,cross_species_WB,human,#F36200,Not assessed
human:MB-HB:725,cluster,cross_species_WB,human,#FCCA5C,Not assessed
human:MB-HB:726,cluster,cross_species_WB,human,#F66600,Not assessed
human:MB-HB:727,cluster,cross_species_WB,human,#68670C,Not assessed
human:MB-HB:728,cluster,cross_species_WB,human,#9BC724,Not assessed
human:MB-HB:729,cluster,cross_species_WB,human,#3E83BB,Not assessed
human:MB-HB:73,cluster,cross_species_WB,human,#FF28A3,Not assessed
human:MB-HB:730,cluster,cross_species_WB,human,#FCC858,Not assessed
human:MB-HB:731,cluster,cross_species_WB,human,#216779,Not assessed
human:MB-HB:732,cluster,cross_species_WB,human,#FA6A00,Not assessed
human:MB-HB:733,cluster,cross_species_WB,human,#3D82B8,Not assessed
human:MB-HB:734,cluster,cross_species_WB,human,#4BC137,Not assessed
human:MB-HB:735,cluster,cross_species_WB,human,#FCC554,Not assessed
human:MB-HB:736,cluster,cross_species_WB,human,#6A6A0D,Not assessed
human:MB-HB:737,cluster,cross_species_WB,human,#FD6F00,Not assessed
human:MB-HB:738,cluster,cross_species_WB,human,#D366A7,Not assessed
human:MB-HB:739,cluster,cross_species_WB,human,#FCC250,Not assessed
human:MB-HB:74,cluster,cross_species_WB,human,#005973,Not assessed
human:MB-HB:740,cluster,cross_species_WB,human,#FF7302,Not assessed
human:MB-HB:741,cluster,cross_species_WB,human,#B42B9B,Not assessed
human:MB-HB:742,cluster,cross_species_WB,human,#D261A6,Not assessed
human:MB-HB:743,cluster,cross_species_WB,human,#AF2993,Not assessed
human:MB-HB:744,cluster,cross_species_WB,human,#B90222,Not assessed
human:MB-HB:745,cluster,cross_species_WB,human,#D368A2,Not assessed
human:MB-HB:746,cluster,cross_species_WB,human,#B22A95,Not assessed
human:MB-HB:747,cluster,cross_species_WB,human,#D264A1,Not assessed
human:MB-HB:748,cluster,cross_species_WB,human,#9AC524,Not assessed
human:MB-HB:749,cluster,cross_species_WB,human,#6C6C0D,Not assessed
human:MB-HB:75,cluster,cross_species_WB,human,#FD7FC7,Not assessed
human:MB-HB:750,cluster,cross_species_WB,human,#9AC423,Not assessed
human:MB-HB:751,cluster,cross_species_WB,human,#6D6E0D,Not assessed
human:MB-HB:752,cluster,cross_species_WB,human,#99C223,Not assessed
human:MB-HB:753,cluster,cross_species_WB,human,#6E6F0E,Not assessed
human:MB-HB:754,cluster,cross_species_WB,human,#99C122,Not assessed
human:MB-HB:755,cluster,cross_species_WB,human,#70710E,Not assessed
human:MB-HB:756,cluster,cross_species_WB,human,#98BF22,Not assessed
human:MB-HB:757,cluster,cross_species_WB,human,#71730E,Not assessed
human:MB-HB:758,cluster,cross_species_WB,human,#98BD21,Not assessed
human:MB-HB:759,cluster,cross_species_WB,human,#866AFF,Not assessed
human:MB-HB:76,cluster,cross_species_WB,human,#7F363C,Not assessed
human:MB-HB:760,cluster,cross_species_WB,human,#72740F,Not assessed
human:MB-HB:761,cluster,cross_species_WB,human,#D3B4FE,Not assessed
human:MB-HB:762,cluster,cross_species_WB,human,#285C63,Not assessed
human:MB-HB:763,cluster,cross_species_WB,human,#22697C,Not assessed
human:MB-HB:764,cluster,cross_species_WB,human,#83D58B,Not assessed
human:MB-HB:765,cluster,cross_species_WB,human,#3B81B5,Not assessed
human:MB-HB:766,cluster,cross_species_WB,human,#236B7F,Not assessed
human:MB-HB:767,cluster,cross_species_WB,human,#F14AFF,Not assessed
human:MB-HB:768,cluster,cross_species_WB,human,#FE9DF6,Not assessed
human:MB-HB:769,cluster,cross_species_WB,human,#F95FFF,Not assessed
human:MB-HB:77,cluster,cross_species_WB,human,#3E3F77,Not assessed
human:MB-HB:770,cluster,cross_species_WB,human,#4BC539,Not assessed
human:MB-HB:771,cluster,cross_species_WB,human,#FE88FA,Not assessed
human:MB-HB:772,cluster,cross_species_WB,human,#B52C96,Not assessed
human:MB-HB:773,cluster,cross_species_WB,human,#8C6FFF,Not assessed
human:MB-HB:774,cluster,cross_species_WB,human,#B82D9C,Not assessed
human:MB-HB:775,cluster,cross_species_WB,human,#3A80B2,Not assessed
human:MB-HB:776,cluster,cross_species_WB,human,#D15CA5,Not assessed
human:MB-HB:777,cluster,cross_species_WB,human,#7FD486,Not assessed
human:MB-HB:778,cluster,cross_species_WB,human,#BC2E9E,Not assessed
human:MB-HB:779,cluster,cross_species_WB,human,#97BC21,Not assessed
human:MB-HB:78,cluster,cross_species_WB,human,#001459,Not assessed
human:MB-HB:780,cluster,cross_species_WB,human,#4DC63C,Not assessed
human:MB-HB:781,cluster,cross_species_WB,human,#7BD380,Not assessed
human:MB-HB:782,cluster,cross_species_WB,human,#73760F,Not assessed
human:MB-HB:783,cluster,cross_species_WB,human,#D160A0,Not assessed
human:MB-HB:784,cluster,cross_species_WB,human,#B92D97,Not assessed
human:MB-HB:785,cluster,cross_species_WB,human,#D15CA0,Not assessed
human:MB-HB:786,cluster,cross_species_WB,human,#BC2E99,Not assessed
human:MB-HB:787,cluster,cross_species_WB,human,#D0589F,Not assessed
human:MB-HB:788,cluster,cross_species_WB,human,#C0309A,Not assessed
human:MB-HB:789,cluster,cross_species_WB,human,#D2B4FE,Not assessed
human:MB-HB:79,cluster,cross_species_WB,human,#2105D3,Not assessed
human:MB-HB:790,cluster,cross_species_WB,human,#9041AC,Not assessed
human:MB-HB:791,cluster,cross_species_WB,human,#9375FF,Not assessed
human:MB-HB:792,cluster,cross_species_WB,human,#D1B3FE,Not assessed
human:MB-HB:793,cluster,cross_species_WB,human,#321956,Not assessed
human:MB-HB:794,cluster,cross_species_WB,human,#1376FF,Not assessed
human:MB-HB:795,cluster,cross_species_WB,human,#8A92FC,Not assessed
human:MB-HB:796,cluster,cross_species_WB,human,#8E40AB,Not assessed
human:MB-HB:797,cluster,cross_species_WB,human,#341958,Not assessed
human:MB-HB:798,cluster,cross_species_WB,human,#8C3FA9,Not assessed
human:MB-HB:799,cluster,cross_species_WB,human,#351A5A,Not assessed
human:MB-HB:8,cluster,cross_species_WB,human,#3807A5,Not assessed
human:MB-HB:80,cluster,cross_species_WB,human,#00145C,Not assessed
human:MB-HB:800,cluster,cross_species_WB,human,#8A3FA8,Not assessed
human:MB-HB:801,cluster,cross_species_WB,human,#371B5B,Not assessed
human:MB-HB:802,cluster,cross_species_WB,human,#893EA6,Not assessed
human:MB-HB:803,cluster,cross_species_WB,human,#C73F5C,Not assessed
human:MB-HB:804,cluster,cross_species_WB,human,#D2797A,Not assessed
human:MB-HB:805,cluster,cross_species_WB,human,#381B5D,Not assessed
human:MB-HB:806,cluster,cross_species_WB,human,#1676FF,Not assessed
human:MB-HB:807,cluster,cross_species_WB,human,#7E3835,Not assessed
human:MB-HB:808,cluster,cross_species_WB,human,#8791FC,Not assessed
human:MB-HB:809,cluster,cross_species_WB,human,#1975FF,Not assessed
human:MB-HB:81,cluster,cross_species_WB,human,#1F05D1,Not assessed
human:MB-HB:810,cluster,cross_species_WB,human,#848FFC,Not assessed
human:MB-HB:811,cluster,cross_species_WB,human,#1C75FF,Not assessed
human:MB-HB:812,cluster,cross_species_WB,human,#818DFD,Not assessed
human:MB-HB:813,cluster,cross_species_WB,human,#1E75FF,Not assessed
human:MB-HB:814,cluster,cross_species_WB,human,#7E8CFD,Not assessed
human:MB-HB:815,cluster,cross_species_WB,human,#2175FF,Not assessed
human:MB-HB:816,cluster,cross_species_WB,human,#7B8AFD,Not assessed
human:MB-HB:817,cluster,cross_species_WB,human,#C7425D,Not assessed
human:MB-HB:818,cluster,cross_species_WB,human,#2475FF,Not assessed
human:MB-HB:819,cluster,cross_species_WB,human,#D17678,Not assessed
human:MB-HB:82,cluster,cross_species_WB,human,#00145E,Not assessed
human:MB-HB:820,cluster,cross_species_WB,human,#7889FD,Not assessed
human:MB-HB:821,cluster,cross_species_WB,human,#2775FF,Not assessed
human:MB-HB:822,cluster,cross_species_WB,human,#7587FD,Not assessed
human:MB-HB:823,cluster,cross_species_WB,human,#C8455E,Not assessed
human:MB-HB:824,cluster,cross_species_WB,human,#2A75FF,Not assessed
human:MB-HB:825,cluster,cross_species_WB,human,#D17376,Not assessed
human:MB-HB:826,cluster,cross_species_WB,human,#7286FD,Not assessed
human:MB-HB:827,cluster,cross_species_WB,human,#C8475F,Not assessed
human:MB-HB:828,cluster,cross_species_WB,human,#D07075,Not assessed
human:MB-HB:829,cluster,cross_species_WB,human,#47FA66,Not assessed
human:MB-HB:83,cluster,cross_species_WB,human,#1D05CF,Not assessed
human:MB-HB:830,cluster,cross_species_WB,human,#8316BA,Not assessed
human:MB-HB:831,cluster,cross_species_WB,human,#4A7377,Not assessed
human:MB-HB:832,cluster,cross_species_WB,human,#1FBF00,Not assessed
human:MB-HB:833,cluster,cross_species_WB,human,#45FA63,Not assessed
human:MB-HB:834,cluster,cross_species_WB,human,#1EC100,Not assessed
human:MB-HB:835,cluster,cross_species_WB,human,#43FA60,Not assessed
human:MB-HB:836,cluster,cross_species_WB,human,#1EC300,Not assessed
human:MB-HB:837,cluster,cross_species_WB,human,#40FA5C,Not assessed
human:MB-HB:838,cluster,cross_species_WB,human,#1DC600,Not assessed
human:MB-HB:839,cluster,cross_species_WB,human,#3EFA59,Not assessed
human:MB-HB:84,cluster,cross_species_WB,human,#001461,Not assessed
human:MB-HB:840,cluster,cross_species_WB,human,#1CC800,Not assessed
human:MB-HB:841,cluster,cross_species_WB,human,#3CFB56,Not assessed
human:MB-HB:842,cluster,cross_species_WB,human,#1BCA00,Not assessed
human:MB-HB:843,cluster,cross_species_WB,human,#39FB53,Not assessed
human:MB-HB:844,cluster,cross_species_WB,human,#1ACC00,Not assessed
human:MB-HB:845,cluster,cross_species_WB,human,#37FB50,Not assessed
human:MB-HB:846,cluster,cross_species_WB,human,#19CF00,Not assessed
human:MB-HB:847,cluster,cross_species_WB,human,#CA36E0,Not assessed
human:MB-HB:848,cluster,cross_species_WB,human,#001464,Not assessed
human:MB-HB:849,cluster,cross_species_WB,human,#785210,Not assessed
human:MB-HB:85,cluster,cross_species_WB,human,#1B05CC,Not assessed
human:MB-HB:850,cluster,cross_species_WB,human,#873DA5,Not assessed
human:MB-HB:851,cluster,cross_species_WB,human,#1904CA,Not assessed
human:MB-HB:852,cluster,cross_species_WB,human,#69BDD3,Not assessed
human:MB-HB:853,cluster,cross_species_WB,human,#81BD7A,Not assessed
human:MB-HB:854,cluster,cross_species_WB,human,#8DD265,Not assessed
human:MB-HB:855,cluster,cross_species_WB,human,#AEFF69,Not assessed
human:MB-HB:856,cluster,cross_species_WB,human,#BCFDB4,Not assessed
human:MB-HB:857,cluster,cross_species_WB,human,#FBA81D,Not assessed
human:MB-HB:858,cluster,cross_species_WB,human,#256C82,Not assessed
human:MB-HB:859,cluster,cross_species_WB,human,#659900,Not assessed
human:MB-HB:86,cluster,cross_species_WB,human,#00A139,Not assessed
human:MB-HB:860,cluster,cross_species_WB,human,#FB2094,Not assessed
human:MB-HB:861,cluster,cross_species_WB,human,#A90082,Not assessed
human:MB-HB:862,cluster,cross_species_WB,human,#7FFFF5,Not assessed
human:MB-HB:863,cluster,cross_species_WB,human,#B4F8FE,Not assessed
human:MB-HB:864,cluster,cross_species_WB,human,#8FFFFA,Not assessed
human:MB-HB:865,cluster,cross_species_WB,human,#B70093,Not assessed
human:MB-HB:866,cluster,cross_species_WB,human,#AFFF6C,Not assessed
human:MB-HB:867,cluster,cross_species_WB,human,#623100,Not assessed
human:MB-HB:868,cluster,cross_species_WB,human,#B7D6B9,Not assessed
human:MB-HB:869,cluster,cross_species_WB,human,#B67D03,Not assessed
human:MB-HB:87,cluster,cross_species_WB,human,#1BFAB9,Not assessed
human:MB-HB:870,cluster,cross_species_WB,human,#6B3800,Not assessed
human:MB-HB:871,cluster,cross_species_WB,human,#AD7402,Not assessed
human:MB-HB:872,cluster,cross_species_WB,human,#494C00,Not assessed
human:MB-HB:873,cluster,cross_species_WB,human,#FCFF1F,Not assessed
human:MB-HB:874,cluster,cross_species_WB,human,#6A9002,Not assessed
human:MB-HB:875,cluster,cross_species_WB,human,#484C00,Not assessed
human:MB-HB:876,cluster,cross_species_WB,human,#E0FD7D,Not assessed
human:MB-HB:877,cluster,cross_species_WB,human,#F9FF26,Not assessed
human:MB-HB:878,cluster,cross_species_WB,human,#E1FD76,Not assessed
human:MB-HB:879,cluster,cross_species_WB,human,#B4FEC7,Not assessed
human:MB-HB:88,cluster,cross_species_WB,human,#00A43B,Not assessed
human:MB-HB:880,cluster,cross_species_WB,human,#29B0A8,Not assessed
human:MB-HB:881,cluster,cross_species_WB,human,#BEFF6C,Not assessed
human:MB-HB:882,cluster,cross_species_WB,human,#66BDD2,Not assessed
human:MB-HB:883,cluster,cross_species_WB,human,#2BB3AD,Not assessed
human:MB-HB:884,cluster,cross_species_WB,human,#62BDD2,Not assessed
human:MB-HB:885,cluster,cross_species_WB,human,#8837C3,Not assessed
human:MB-HB:886,cluster,cross_species_WB,human,#2CB6B1,Not assessed
human:MB-HB:887,cluster,cross_species_WB,human,#16A65D,Not assessed
human:MB-HB:888,cluster,cross_species_WB,human,#60A3B8,Not assessed
human:MB-HB:889,cluster,cross_species_WB,human,#AD88D5,Not assessed
human:MB-HB:89,cluster,cross_species_WB,human,#00588D,Not assessed
human:MB-HB:890,cluster,cross_species_WB,human,#8B03C4,Not assessed
human:MB-HB:891,cluster,cross_species_WB,human,#5E2922,Not assessed
human:MB-HB:892,cluster,cross_species_WB,human,#BCFDB4,Not assessed
human:MB-HB:893,cluster,cross_species_WB,human,#93523B,Not assessed
human:MB-HB:894,cluster,cross_species_WB,human,#AFFF6F,Not assessed
human:MB-HB:895,cluster,cross_species_WB,human,#BDFDB4,Not assessed
human:MB-HB:896,cluster,cross_species_WB,human,#AFFF72,Not assessed
human:MB-HB:897,cluster,cross_species_WB,human,#BDFDB4,Not assessed
human:MB-HB:898,cluster,cross_species_WB,human,#B0FF75,Not assessed
human:MB-HB:899,cluster,cross_species_WB,human,#BEFEB4,Not assessed
human:MB-HB:9,cluster,cross_species_WB,human,#00034C,Not assessed
human:MB-HB:90,cluster,cross_species_WB,human,#B0B12A,Not assessed
human:MB-HB:900,cluster,cross_species_WB,human,#4A361F,Not assessed
human:MB-HB:901,cluster,cross_species_WB,human,#806C3E,Not assessed
human:MB-HB:902,cluster,cross_species_WB,human,#5FBDD1,Not assessed
human:MB-HB:903,cluster,cross_species_WB,human,#FDBF4C,Not assessed
human:MB-HB:904,cluster,cross_species_WB,human,#688C02,Not assessed
human:MB-HB:905,cluster,cross_species_WB,human,#523D23,Not assessed
human:MB-HB:906,cluster,cross_species_WB,human,#474C00,Not assessed
human:MB-HB:907,cluster,cross_species_WB,human,#42004C,Not assessed
human:MB-HB:908,cluster,cross_species_WB,human,#8F67D3,Not assessed
human:MB-HB:909,cluster,cross_species_WB,human,#8E037B,Not assessed
human:MB-HB:91,cluster,cross_species_WB,human,#0E4BF9,Not assessed
human:MB-HB:910,cluster,cross_species_WB,human,#F6FF2C,Not assessed
human:MB-HB:911,cluster,cross_species_WB,human,#E2FD6F,Not assessed
human:MB-HB:912,cluster,cross_species_WB,human,#43C02E,Not assessed
human:MB-HB:913,cluster,cross_species_WB,human,#3A1C5E,Not assessed
human:MB-HB:914,cluster,cross_species_WB,human,#74D682,Not assessed
human:MB-HB:915,cluster,cross_species_WB,human,#42C22F,Not assessed
human:MB-HB:916,cluster,cross_species_WB,human,#404091,Not assessed
human:MB-HB:917,cluster,cross_species_WB,human,#72D57F,Not assessed
human:MB-HB:918,cluster,cross_species_WB,human,#42C430,Not assessed
human:MB-HB:919,cluster,cross_species_WB,human,#6FD57B,Not assessed
human:MB-HB:92,cluster,cross_species_WB,human,#005890,Not assessed
human:MB-HB:920,cluster,cross_species_WB,human,#42C631,Not assessed
human:MB-HB:921,cluster,cross_species_WB,human,#6DD478,Not assessed
human:MB-HB:922,cluster,cross_species_WB,human,#41C832,Not assessed
human:MB-HB:923,cluster,cross_species_WB,human,#0377C6,Not assessed
human:MB-HB:924,cluster,cross_species_WB,human,#104E77,Not assessed
human:MB-HB:925,cluster,cross_species_WB,human,#005E7C,Not assessed
human:MB-HB:926,cluster,cross_species_WB,human,#CCFEB4,Not assessed
human:MB-HB:927,cluster,cross_species_WB,human,#7066A5,Not assessed
human:MB-HB:928,cluster,cross_species_WB,human,#FF23D0,Not assessed
human:MB-HB:929,cluster,cross_species_WB,human,#FD79C6,Not assessed
human:MB-HB:93,cluster,cross_species_WB,human,#68C036,Not assessed
human:MB-HB:930,cluster,cross_species_WB,human,#FF29CE,Not assessed
human:MB-HB:931,cluster,cross_species_WB,human,#FD73C6,Not assessed
human:MB-HB:932,cluster,cross_species_WB,human,#FF2ECD,Not assessed
human:MB-HB:933,cluster,cross_species_WB,human,#FD6DC5,Not assessed
human:MB-HB:934,cluster,cross_species_WB,human,#5AAF68,Not assessed
human:MB-HB:935,cluster,cross_species_WB,human,#FF34CB,Not assessed
human:MB-HB:936,cluster,cross_species_WB,human,#FE67C5,Not assessed
human:MB-HB:937,cluster,cross_species_WB,human,#388338,Not assessed
human:MB-HB:938,cluster,cross_species_WB,human,#49740F,Not assessed
human:MB-HB:939,cluster,cross_species_WB,human,#5CBC20,Not assessed
human:MB-HB:94,cluster,cross_species_WB,human,#8DD585,Not assessed
human:MB-HB:940,cluster,cross_species_WB,human,#54AD61,Not assessed
human:MB-HB:941,cluster,cross_species_WB,human,#4C7B10,Not assessed
human:MB-HB:942,cluster,cross_species_WB,human,#42437D,Not assessed
human:MB-HB:943,cluster,cross_species_WB,human,#FB90AF,Not assessed
human:MB-HB:944,cluster,cross_species_WB,human,#FF2CA3,Not assessed
human:MB-HB:945,cluster,cross_species_WB,human,#FB8CAE,Not assessed
human:MB-HB:946,cluster,cross_species_WB,human,#FF30A2,Not assessed
human:MB-HB:947,cluster,cross_species_WB,human,#FB89AD,Not assessed
human:MB-HB:948,cluster,cross_species_WB,human,#675FA2,Not assessed
human:MB-HB:949,cluster,cross_species_WB,human,#BEFF71,Not assessed
human:MB-HB:95,cluster,cross_species_WB,human,#68C338,Not assessed
human:MB-HB:950,cluster,cross_species_WB,human,#CDFEB4,Not assessed
human:MB-HB:951,cluster,cross_species_WB,human,#BFFF76,Not assessed
human:MB-HB:952,cluster,cross_species_WB,human,#CEFEB3,Not assessed
human:MB-HB:953,cluster,cross_species_WB,human,#BFFF7A,Not assessed
human:MB-HB:954,cluster,cross_species_WB,human,#CFFEB3,Not assessed
human:MB-HB:955,cluster,cross_species_WB,human,#FE34A2,Not assessed
human:MB-HB:956,cluster,cross_species_WB,human,#FB85AB,Not assessed
human:MB-HB:957,cluster,cross_species_WB,human,#FE38A1,Not assessed
human:MB-HB:958,cluster,cross_species_WB,human,#17AC2C,Not assessed
human:MB-HB:959,cluster,cross_species_WB,human,#FB81AA,Not assessed
human:MB-HB:96,cluster,cross_species_WB,human,#3506A1,Not assessed
human:MB-HB:960,cluster,cross_species_WB,human,#1FCC43,Not assessed
human:MB-HB:961,cluster,cross_species_WB,human,#1F64BA,Not assessed
human:MB-HB:962,cluster,cross_species_WB,human,#125485,Not assessed
human:MB-HB:963,cluster,cross_species_WB,human,#001366,Not assessed
human:MB-HB:964,cluster,cross_species_WB,human,#1704C8,Not assessed
human:MB-HB:965,cluster,cross_species_WB,human,#001369,Not assessed
human:MB-HB:966,cluster,cross_species_WB,human,#1504C5,Not assessed
human:MB-HB:967,cluster,cross_species_WB,human,#00136B,Not assessed
human:MB-HB:968,cluster,cross_species_WB,human,#1304C3,Not assessed
human:MB-HB:969,cluster,cross_species_WB,human,#6AD475,Not assessed
human:MB-HB:97,cluster,cross_species_WB,human,#8BD481,Not assessed
human:MB-HB:970,cluster,cross_species_WB,human,#00126E,Not assessed
human:MB-HB:971,cluster,cross_species_WB,human,#1203C1,Not assessed
human:MB-HB:972,cluster,cross_species_WB,human,#001271,Not assessed
human:MB-HB:973,cluster,cross_species_WB,human,#1003BE,Not assessed
human:MB-HB:974,cluster,cross_species_WB,human,#001273,Not assessed
human:MB-HB:975,cluster,cross_species_WB,human,#804D48,Not assessed
human:MB-HB:976,cluster,cross_species_WB,human,#18FAB6,Not assessed
human:MB-HB:977,cluster,cross_species_WB,human,#A98879,Not assessed
human:MB-HB:978,cluster,cross_species_WB,human,#00A73E,Not assessed
human:MB-HB:979,cluster,cross_species_WB,human,#46B12A,Not assessed
human:MB-HB:98,cluster,cross_species_WB,human,#49814C,Not assessed
human:MB-HB:980,cluster,cross_species_WB,human,#15FAB3,Not assessed
human:MB-HB:981,cluster,cross_species_WB,human,#00AA41,Not assessed
human:MB-HB:982,cluster,cross_species_WB,human,#11FAB0,Not assessed
human:MB-HB:983,cluster,cross_species_WB,human,#00AD43,Not assessed
human:MB-HB:984,cluster,cross_species_WB,human,#0EFBAD,Not assessed
human:MB-HB:985,cluster,cross_species_WB,human,#00B046,Not assessed
human:MB-HB:986,cluster,cross_species_WB,human,#0BFBA9,Not assessed
human:MB-HB:987,cluster,cross_species_WB,human,#00B349,Not assessed
human:MB-HB:988,cluster,cross_species_WB,human,#08FBA6,Not assessed
human:MB-HB:989,cluster,cross_species_WB,human,#00B64C,Not assessed
human:MB-HB:99,cluster,cross_species_WB,human,#4DFFB0,Not assessed
human:MB-HB:990,cluster,cross_species_WB,human,#84514B,Not assessed
human:MB-HB:991,cluster,cross_species_WB,human,#A78375,Not assessed
human:MB-HB:992,cluster,cross_species_WB,human,#04FBA3,Not assessed
human:MB-HB:993,cluster,cross_species_WB,human,#88554E,Not assessed
human:MB-HB:994,cluster,cross_species_WB,human,#64D264,Not assessed
human:MB-HB:995,cluster,cross_species_WB,human,#A57E70,Not assessed
human:MB-HB:996,cluster,cross_species_WB,human,#8C5951,Not assessed
human:MB-HB:997,cluster,cross_species_WB,human,#00B94F,Not assessed
human:MB-HB:998,cluster,cross_species_WB,human,#03F99F,Not assessed
human:MB-HB:999,cluster,cross_species_WB,human,#69C639,Not assessed
human:NN-IMN:1,cluster,cross_species_WB,human,#094432,Not assessed
human:NN-IMN:10,cluster,cross_species_WB,human,#6D721E,Not assessed
human:NN-IMN:100,cluster,cross_species_WB,human,#742EAF,Not assessed
human:NN-IMN:101,cluster,cross_species_WB,human,#E300D0,Not assessed
human:NN-IMN:102,cluster,cross_species_WB,human,#B54003,Not assessed
human:NN-IMN:103,cluster,cross_species_WB,human,#FE9ED5,Not assessed
human:NN-IMN:104,cluster,cross_species_WB,human,#D399DA,Not assessed
human:NN-IMN:105,cluster,cross_species_WB,human,#762EB0,Not assessed
human:NN-IMN:106,cluster,cross_species_WB,human,#B67081,Not assessed
human:NN-IMN:107,cluster,cross_species_WB,human,#6D2B50,Not assessed
human:NN-IMN:108,cluster,cross_species_WB,human,#B56F80,Not assessed
human:NN-IMN:109,cluster,cross_species_WB,human,#6E2B51,Not assessed
human:NN-IMN:11,cluster,cross_species_WB,human,#FDCBA5,Not assessed
human:NN-IMN:110,cluster,cross_species_WB,human,#B56E7F,Not assessed
human:NN-IMN:111,cluster,cross_species_WB,human,#6F2C52,Not assessed
human:NN-IMN:112,cluster,cross_species_WB,human,#B46D7F,Not assessed
human:NN-IMN:113,cluster,cross_species_WB,human,#702C52,Not assessed
human:NN-IMN:114,cluster,cross_species_WB,human,#B46C7E,Not assessed
human:NN-IMN:115,cluster,cross_species_WB,human,#712D53,Not assessed
human:NN-IMN:116,cluster,cross_species_WB,human,#A01450,Not assessed
human:NN-IMN:117,cluster,cross_species_WB,human,#B46B7D,Not assessed
human:NN-IMN:118,cluster,cross_species_WB,human,#7BD6D4,Not assessed
human:NN-IMN:119,cluster,cross_species_WB,human,#722D53,Not assessed
human:NN-IMN:12,cluster,cross_species_WB,human,#B67281,Not assessed
human:NN-IMN:120,cluster,cross_species_WB,human,#B36A7D,Not assessed
human:NN-IMN:121,cluster,cross_species_WB,human,#6F751F,Not assessed
human:NN-IMN:122,cluster,cross_species_WB,human,#8EBB3F,Not assessed
human:NN-IMN:123,cluster,cross_species_WB,human,#707720,Not assessed
human:NN-IMN:124,cluster,cross_species_WB,human,#8EB93D,Not assessed
human:NN-IMN:125,cluster,cross_species_WB,human,#732E54,Not assessed
human:NN-IMN:126,cluster,cross_species_WB,human,#B3697C,Not assessed
human:NN-IMN:127,cluster,cross_species_WB,human,#742E54,Not assessed
human:NN-IMN:128,cluster,cross_species_WB,human,#B3677B,Not assessed
human:NN-IMN:129,cluster,cross_species_WB,human,#752F55,Not assessed
human:NN-IMN:13,cluster,cross_species_WB,human,#8FBE40,Not assessed
human:NN-IMN:130,cluster,cross_species_WB,human,#351F3B,Not assessed
human:NN-IMN:131,cluster,cross_species_WB,human,#727A21,Not assessed
human:NN-IMN:132,cluster,cross_species_WB,human,#23A073,Not assessed
human:NN-IMN:133,cluster,cross_species_WB,human,#B2667B,Not assessed
human:NN-IMN:134,cluster,cross_species_WB,human,#8DB73C,Not assessed
human:NN-IMN:135,cluster,cross_species_WB,human,#D398D9,Not assessed
human:NN-IMN:136,cluster,cross_species_WB,human,#737C22,Not assessed
human:NN-IMN:137,cluster,cross_species_WB,human,#FB6DC3,Not assessed
human:NN-IMN:138,cluster,cross_species_WB,human,#762F55,Not assessed
human:NN-IMN:139,cluster,cross_species_WB,human,#772FB1,Not assessed
human:NN-IMN:14,cluster,cross_species_WB,human,#219B6E,Not assessed
human:NN-IMN:140,cluster,cross_species_WB,human,#FEC79F,Not assessed
human:NN-IMN:141,cluster,cross_species_WB,human,#FF754E,Not assessed
human:NN-IMN:142,cluster,cross_species_WB,human,#8CB43B,Not assessed
human:NN-IMN:143,cluster,cross_species_WB,human,#757F23,Not assessed
human:NN-IMN:144,cluster,cross_species_WB,human,#FEC29A,Not assessed
human:NN-IMN:145,cluster,cross_species_WB,human,#8CB23A,Not assessed
human:NN-IMN:146,cluster,cross_species_WB,human,#B2657A,Not assessed
human:NN-IMN:147,cluster,cross_species_WB,human,#773056,Not assessed
human:NN-IMN:148,cluster,cross_species_WB,human,#B16479,Not assessed
human:NN-IMN:149,cluster,cross_species_WB,human,#D297D9,Not assessed
human:NN-IMN:15,cluster,cross_species_WB,human,#7FD7D6,Not assessed
human:NN-IMN:150,cluster,cross_species_WB,human,#7AD6D4,Not assessed
human:NN-IMN:151,cluster,cross_species_WB,human,#23A074,Not assessed
human:NN-IMN:152,cluster,cross_species_WB,human,#79D5D3,Not assessed
human:NN-IMN:153,cluster,cross_species_WB,human,#23A175,Not assessed
human:NN-IMN:154,cluster,cross_species_WB,human,#78D5D3,Not assessed
human:NN-IMN:155,cluster,cross_species_WB,human,#F300AE,Not assessed
human:NN-IMN:156,cluster,cross_species_WB,human,#C2BD00,Not assessed
human:NN-IMN:157,cluster,cross_species_WB,human,#BDFA41,Not assessed
human:NN-IMN:158,cluster,cross_species_WB,human,#DD4456,Not assessed
human:NN-IMN:159,cluster,cross_species_WB,human,#C5C100,Not assessed
human:NN-IMN:16,cluster,cross_species_WB,human,#EC00AE,Not assessed
human:NN-IMN:160,cluster,cross_species_WB,human,#BDFB3E,Not assessed
human:NN-IMN:161,cluster,cross_species_WB,human,#8D6086,Not assessed
human:NN-IMN:162,cluster,cross_species_WB,human,#C8C600,Not assessed
human:NN-IMN:163,cluster,cross_species_WB,human,#782FB2,Not assessed
human:NN-IMN:164,cluster,cross_species_WB,human,#BEFB3B,Not assessed
human:NN-IMN:165,cluster,cross_species_WB,human,#FC5B9E,Not assessed
human:NN-IMN:166,cluster,cross_species_WB,human,#F600AE,Not assessed
human:NN-IMN:167,cluster,cross_species_WB,human,#0538B1,Not assessed
human:NN-IMN:168,cluster,cross_species_WB,human,#A31450,Not assessed
human:NN-IMN:169,cluster,cross_species_WB,human,#DD4255,Not assessed
human:NN-IMN:17,cluster,cross_species_WB,human,#FC629F,Not assessed
human:NN-IMN:170,cluster,cross_species_WB,human,#A51550,Not assessed
human:NN-IMN:171,cluster,cross_species_WB,human,#DD3F54,Not assessed
human:NN-IMN:172,cluster,cross_species_WB,human,#5BFF7B,Not assessed
human:NN-IMN:173,cluster,cross_species_WB,human,#B4FDD8,Not assessed
human:NN-IMN:174,cluster,cross_species_WB,human,#24A276,Not assessed
human:NN-IMN:175,cluster,cross_species_WB,human,#5CFF7D,Not assessed
human:NN-IMN:176,cluster,cross_species_WB,human,#B4FDD8,Not assessed
human:NN-IMN:177,cluster,cross_species_WB,human,#5EFF7F,Not assessed
human:NN-IMN:178,cluster,cross_species_WB,human,#B4FDD7,Not assessed
human:NN-IMN:179,cluster,cross_species_WB,human,#5FFF80,Not assessed
human:NN-IMN:18,cluster,cross_species_WB,human,#0339A3,Not assessed
human:NN-IMN:180,cluster,cross_species_WB,human,#E500D0,Not assessed
human:NN-IMN:181,cluster,cross_species_WB,human,#FB6AC2,Not assessed
human:NN-IMN:182,cluster,cross_species_WB,human,#B4FDD7,Not assessed
human:NN-IMN:183,cluster,cross_species_WB,human,#E700D1,Not assessed
human:NN-IMN:184,cluster,cross_species_WB,human,#773156,Not assessed
human:NN-IMN:185,cluster,cross_species_WB,human,#FB68C2,Not assessed
human:NN-IMN:186,cluster,cross_species_WB,human,#B16379,Not assessed
human:NN-IMN:187,cluster,cross_species_WB,human,#E900D2,Not assessed
human:NN-IMN:188,cluster,cross_species_WB,human,#61FF82,Not assessed
human:NN-IMN:189,cluster,cross_species_WB,human,#FB66C2,Not assessed
human:NN-IMN:19,cluster,cross_species_WB,human,#9A1350,Not assessed
human:NN-IMN:190,cluster,cross_species_WB,human,#77D5D2,Not assessed
human:NN-IMN:191,cluster,cross_species_WB,human,#EB00D3,Not assessed
human:NN-IMN:192,cluster,cross_species_WB,human,#FB64C2,Not assessed
human:NN-IMN:193,cluster,cross_species_WB,human,#ED00D3,Not assessed
human:NN-IMN:194,cluster,cross_species_WB,human,#8288CF,Not assessed
human:NN-IMN:195,cluster,cross_species_WB,human,#C8C3E4,Not assessed
human:NN-IMN:196,cluster,cross_species_WB,human,#D196D9,Not assessed
human:NN-IMN:197,cluster,cross_species_WB,human,#7930B3,Not assessed
human:NN-IMN:198,cluster,cross_species_WB,human,#24A377,Not assessed
human:NN-IMN:199,cluster,cross_species_WB,human,#783157,Not assessed
human:NN-IMN:2,cluster,cross_species_WB,human,#D800CC,Not assessed
human:NN-IMN:20,cluster,cross_species_WB,human,#DE4C59,Not assessed
human:NN-IMN:200,cluster,cross_species_WB,human,#76D5D2,Not assessed
human:NN-IMN:201,cluster,cross_species_WB,human,#24A478,Not assessed
human:NN-IMN:202,cluster,cross_species_WB,human,#B4FDD7,Not assessed
human:NN-IMN:203,cluster,cross_species_WB,human,#75D5D1,Not assessed
human:NN-IMN:204,cluster,cross_species_WB,human,#25A579,Not assessed
human:NN-IMN:205,cluster,cross_species_WB,human,#D195D8,Not assessed
human:NN-IMN:206,cluster,cross_species_WB,human,#74D5D1,Not assessed
human:NN-IMN:207,cluster,cross_species_WB,human,#0C2BEA,Not assessed
human:NN-IMN:208,cluster,cross_species_WB,human,#FB62C2,Not assessed
human:NN-IMN:209,cluster,cross_species_WB,human,#EF00D4,Not assessed
human:NN-IMN:21,cluster,cross_species_WB,human,#9C1350,Not assessed
human:NN-IMN:210,cluster,cross_species_WB,human,#FB60C2,Not assessed
human:NN-IMN:211,cluster,cross_species_WB,human,#F100D5,Not assessed
human:NN-IMN:212,cluster,cross_species_WB,human,#FB5EC2,Not assessed
human:NN-IMN:213,cluster,cross_species_WB,human,#4C302A,Not assessed
human:NN-IMN:214,cluster,cross_species_WB,human,#7F6552,Not assessed
human:NN-IMN:215,cluster,cross_species_WB,human,#B16278,Not assessed
human:NN-IMN:216,cluster,cross_species_WB,human,#768124,Not assessed
human:NN-IMN:217,cluster,cross_species_WB,human,#CBCA00,Not assessed
human:NN-IMN:218,cluster,cross_species_WB,human,#8BB039,Not assessed
human:NN-IMN:219,cluster,cross_species_WB,human,#BFFB38,Not assessed
human:NN-IMN:22,cluster,cross_species_WB,human,#C38257,Not assessed
human:NN-IMN:220,cluster,cross_species_WB,human,#A71550,Not assessed
human:NN-IMN:221,cluster,cross_species_WB,human,#DD3D53,Not assessed
human:NN-IMN:222,cluster,cross_species_WB,human,#62FF84,Not assessed
human:NN-IMN:223,cluster,cross_species_WB,human,#2B454D,Not assessed
human:NN-IMN:224,cluster,cross_species_WB,human,#B4FDD7,Not assessed
human:NN-IMN:225,cluster,cross_species_WB,human,#788425,Not assessed
human:NN-IMN:226,cluster,cross_species_WB,human,#64FF86,Not assessed
human:NN-IMN:227,cluster,cross_species_WB,human,#8AAD37,Not assessed
human:NN-IMN:228,cluster,cross_species_WB,human,#361F3B,Not assessed
human:NN-IMN:229,cluster,cross_species_WB,human,#8C5F86,Not assessed
human:NN-IMN:23,cluster,cross_species_WB,human,#229C6F,Not assessed
human:NN-IMN:230,cluster,cross_species_WB,human,#37203C,Not assessed
human:NN-IMN:231,cluster,cross_species_WB,human,#8C5E85,Not assessed
human:NN-IMN:232,cluster,cross_species_WB,human,#38203D,Not assessed
human:NN-IMN:233,cluster,cross_species_WB,human,#8B5E85,Not assessed
human:NN-IMN:234,cluster,cross_species_WB,human,#39213E,Not assessed
human:NN-IMN:235,cluster,cross_species_WB,human,#8A5D84,Not assessed
human:NN-IMN:236,cluster,cross_species_WB,human,#3A213F,Not assessed
human:NN-IMN:237,cluster,cross_species_WB,human,#895C83,Not assessed
human:NN-IMN:238,cluster,cross_species_WB,human,#3A2240,Not assessed
human:NN-IMN:239,cluster,cross_species_WB,human,#BB36C0,Not assessed
human:NN-IMN:24,cluster,cross_species_WB,human,#7ED6D5,Not assessed
human:NN-IMN:240,cluster,cross_species_WB,human,#D585C3,Not assessed
human:NN-IMN:241,cluster,cross_species_WB,human,#BF37C3,Not assessed
human:NN-IMN:242,cluster,cross_species_WB,human,#895C83,Not assessed
human:NN-IMN:243,cluster,cross_species_WB,human,#3B2341,Not assessed
human:NN-IMN:244,cluster,cross_species_WB,human,#885B82,Not assessed
human:NN-IMN:245,cluster,cross_species_WB,human,#D482C2,Not assessed
human:NN-IMN:246,cluster,cross_species_WB,human,#C439C6,Not assessed
human:NN-IMN:247,cluster,cross_species_WB,human,#3C2341,Not assessed
human:NN-IMN:248,cluster,cross_species_WB,human,#875A82,Not assessed
human:NN-IMN:249,cluster,cross_species_WB,human,#3D2442,Not assessed
human:NN-IMN:25,cluster,cross_species_WB,human,#4DFF6A,Not assessed
human:NN-IMN:250,cluster,cross_species_WB,human,#875981,Not assessed
human:NN-IMN:251,cluster,cross_species_WB,human,#50677D,Not assessed
human:NN-IMN:252,cluster,cross_species_WB,human,#858AD0,Not assessed
human:NN-IMN:253,cluster,cross_species_WB,human,#2D4750,Not assessed
human:NN-IMN:254,cluster,cross_species_WB,human,#4E667B,Not assessed
human:NN-IMN:255,cluster,cross_species_WB,human,#2E4852,Not assessed
human:NN-IMN:256,cluster,cross_species_WB,human,#4D6579,Not assessed
human:NN-IMN:257,cluster,cross_species_WB,human,#304A54,Not assessed
human:NN-IMN:258,cluster,cross_species_WB,human,#25A67A,Not assessed
human:NN-IMN:259,cluster,cross_species_WB,human,#7A30B4,Not assessed
human:NN-IMN:26,cluster,cross_species_WB,human,#DB00CC,Not assessed
human:NN-IMN:260,cluster,cross_species_WB,human,#D094D8,Not assessed
human:NN-IMN:261,cluster,cross_species_WB,human,#73D4D0,Not assessed
human:NN-IMN:262,cluster,cross_species_WB,human,#25A67B,Not assessed
human:NN-IMN:263,cluster,cross_species_WB,human,#7C30B5,Not assessed
human:NN-IMN:264,cluster,cross_species_WB,human,#3E2443,Not assessed
human:NN-IMN:265,cluster,cross_species_WB,human,#4E322C,Not assessed
human:NN-IMN:266,cluster,cross_species_WB,human,#72D4D0,Not assessed
human:NN-IMN:267,cluster,cross_species_WB,human,#D093D8,Not assessed
human:NN-IMN:268,cluster,cross_species_WB,human,#865981,Not assessed
human:NN-IMN:269,cluster,cross_species_WB,human,#2B7810,Not assessed
human:NN-IMN:27,cluster,cross_species_WB,human,#732DAE,Not assessed
human:NN-IMN:270,cluster,cross_species_WB,human,#3F2544,Not assessed
human:NN-IMN:271,cluster,cross_species_WB,human,#2BB91F,Not assessed
human:NN-IMN:272,cluster,cross_species_WB,human,#2C7D11,Not assessed
human:NN-IMN:273,cluster,cross_species_WB,human,#2BB41E,Not assessed
human:NN-IMN:274,cluster,cross_species_WB,human,#793257,Not assessed
human:NN-IMN:275,cluster,cross_species_WB,human,#B06177,Not assessed
human:NN-IMN:276,cluster,cross_species_WB,human,#B4FDD6,Not assessed
human:NN-IMN:277,cluster,cross_species_WB,human,#65FF88,Not assessed
human:NN-IMN:278,cluster,cross_species_WB,human,#B4FDD6,Not assessed
human:NN-IMN:279,cluster,cross_species_WB,human,#67FF89,Not assessed
human:NN-IMN:28,cluster,cross_species_WB,human,#FB75C3,Not assessed
human:NN-IMN:280,cluster,cross_species_WB,human,#B4FDD6,Not assessed
human:NN-IMN:281,cluster,cross_species_WB,human,#0537B6,Not assessed
human:NN-IMN:282,cluster,cross_species_WB,human,#69FF8B,Not assessed
human:NN-IMN:283,cluster,cross_species_WB,human,#0B2CE5,Not assessed
human:NN-IMN:284,cluster,cross_species_WB,human,#F300D5,Not assessed
human:NN-IMN:285,cluster,cross_species_WB,human,#798626,Not assessed
human:NN-IMN:286,cluster,cross_species_WB,human,#A43300,Not assessed
human:NN-IMN:287,cluster,cross_species_WB,human,#CC4E00,Not assessed
human:NN-IMN:288,cluster,cross_species_WB,human,#7A3258,Not assessed
human:NN-IMN:289,cluster,cross_species_WB,human,#B05F77,Not assessed
human:NN-IMN:29,cluster,cross_species_WB,human,#DD00CD,Not assessed
human:NN-IMN:290,cluster,cross_species_WB,human,#7D31B6,Not assessed
human:NN-IMN:291,cluster,cross_species_WB,human,#7B3358,Not assessed
human:NN-IMN:292,cluster,cross_species_WB,human,#855880,Not assessed
human:NN-IMN:293,cluster,cross_species_WB,human,#B05E76,Not assessed
human:NN-IMN:294,cluster,cross_species_WB,human,#402545,Not assessed
human:NN-IMN:295,cluster,cross_species_WB,human,#845780,Not assessed
human:NN-IMN:296,cluster,cross_species_WB,human,#412646,Not assessed
human:NN-IMN:297,cluster,cross_species_WB,human,#FF7C53,Not assessed
human:NN-IMN:298,cluster,cross_species_WB,human,#FEBE94,Not assessed
human:NN-IMN:299,cluster,cross_species_WB,human,#26A77D,Not assessed
human:NN-IMN:3,cluster,cross_species_WB,human,#FB77C3,Not assessed
human:NN-IMN:30,cluster,cross_species_WB,human,#FB73C3,Not assessed
human:NN-IMN:300,cluster,cross_species_WB,human,#71D4CF,Not assessed
human:NN-IMN:301,cluster,cross_species_WB,human,#26A87E,Not assessed
human:NN-IMN:302,cluster,cross_species_WB,human,#70D4CF,Not assessed
human:NN-IMN:303,cluster,cross_species_WB,human,#7C3359,Not assessed
human:NN-IMN:304,cluster,cross_species_WB,human,#AF5D75,Not assessed
human:NN-IMN:305,cluster,cross_species_WB,human,#7D3459,Not assessed
human:NN-IMN:306,cluster,cross_species_WB,human,#AF5C75,Not assessed
human:NN-IMN:307,cluster,cross_species_WB,human,#89AB36,Not assessed
human:NN-IMN:308,cluster,cross_species_WB,human,#7A8927,Not assessed
human:NN-IMN:309,cluster,cross_species_WB,human,#26A97F,Not assessed
human:NN-IMN:31,cluster,cross_species_WB,human,#DF00CE,Not assessed
human:NN-IMN:310,cluster,cross_species_WB,human,#6FD4CE,Not assessed
human:NN-IMN:311,cluster,cross_species_WB,human,#CCCE00,Not assessed
human:NN-IMN:312,cluster,cross_species_WB,human,#27AA80,Not assessed
human:NN-IMN:313,cluster,cross_species_WB,human,#C0FB35,Not assessed
human:NN-IMN:314,cluster,cross_species_WB,human,#CDD000,Not assessed
human:NN-IMN:315,cluster,cross_species_WB,human,#C1FB32,Not assessed
human:NN-IMN:316,cluster,cross_species_WB,human,#FC589E,Not assessed
human:NN-IMN:317,cluster,cross_species_WB,human,#CED300,Not assessed
human:NN-IMN:318,cluster,cross_species_WB,human,#C2FB2F,Not assessed
human:NN-IMN:319,cluster,cross_species_WB,human,#FC5CC2,Not assessed
human:NN-IMN:32,cluster,cross_species_WB,human,#472C27,Not assessed
human:NN-IMN:320,cluster,cross_species_WB,human,#B4FDD6,Not assessed
human:NN-IMN:321,cluster,cross_species_WB,human,#CF92D8,Not assessed
human:NN-IMN:322,cluster,cross_species_WB,human,#7E31B7,Not assessed
human:NN-IMN:323,cluster,cross_species_WB,human,#CE90D7,Not assessed
human:NN-IMN:324,cluster,cross_species_WB,human,#F900AE,Not assessed
human:NN-IMN:325,cluster,cross_species_WB,human,#7F32B8,Not assessed
human:NN-IMN:326,cluster,cross_species_WB,human,#6ED3CE,Not assessed
human:NN-IMN:327,cluster,cross_species_WB,human,#F500D6,Not assessed
human:NN-IMN:328,cluster,cross_species_WB,human,#27AB81,Not assessed
human:NN-IMN:329,cluster,cross_species_WB,human,#6DD3CD,Not assessed
human:NN-IMN:33,cluster,cross_species_WB,human,#836955,Not assessed
human:NN-IMN:330,cluster,cross_species_WB,human,#27AC82,Not assessed
human:NN-IMN:331,cluster,cross_species_WB,human,#FC5AC2,Not assessed
human:NN-IMN:332,cluster,cross_species_WB,human,#F700D6,Not assessed
human:NN-IMN:333,cluster,cross_species_WB,human,#FC58C3,Not assessed
human:NN-IMN:334,cluster,cross_species_WB,human,#A91650,Not assessed
human:NN-IMN:335,cluster,cross_species_WB,human,#7E345A,Not assessed
human:NN-IMN:336,cluster,cross_species_WB,human,#AF5B74,Not assessed
human:NN-IMN:337,cluster,cross_species_WB,human,#7F355A,Not assessed
human:NN-IMN:338,cluster,cross_species_WB,human,#AE5A74,Not assessed
human:NN-IMN:339,cluster,cross_species_WB,human,#80355B,Not assessed
human:NN-IMN:34,cluster,cross_species_WB,human,#492E28,Not assessed
human:NN-IMN:340,cluster,cross_species_WB,human,#AE5973,Not assessed
human:NN-IMN:341,cluster,cross_species_WB,human,#81365B,Not assessed
human:NN-IMN:342,cluster,cross_species_WB,human,#AE5772,Not assessed
human:NN-IMN:343,cluster,cross_species_WB,human,#6AFF8D,Not assessed
human:NN-IMN:344,cluster,cross_species_WB,human,#CE8FD7,Not assessed
human:NN-IMN:345,cluster,cross_species_WB,human,#B4FED5,Not assessed
human:NN-IMN:346,cluster,cross_species_WB,human,#6CFF8F,Not assessed
human:NN-IMN:347,cluster,cross_species_WB,human,#8032B9,Not assessed
human:NN-IMN:348,cluster,cross_species_WB,human,#B4FED5,Not assessed
human:NN-IMN:349,cluster,cross_species_WB,human,#88A935,Not assessed
human:NN-IMN:35,cluster,cross_species_WB,human,#B5FDDA,Not assessed
human:NN-IMN:350,cluster,cross_species_WB,human,#7C8B28,Not assessed
human:NN-IMN:351,cluster,cross_species_WB,human,#CD8ED7,Not assessed
human:NN-IMN:352,cluster,cross_species_WB,human,#87A634,Not assessed
human:NN-IMN:353,cluster,cross_species_WB,human,#84577F,Not assessed
human:NN-IMN:354,cluster,cross_species_WB,human,#422647,Not assessed
human:NN-IMN:355,cluster,cross_species_WB,human,#83567E,Not assessed
human:NN-IMN:356,cluster,cross_species_WB,human,#432747,Not assessed
human:NN-IMN:357,cluster,cross_species_WB,human,#D37EC2,Not assessed
human:NN-IMN:358,cluster,cross_species_WB,human,#82557E,Not assessed
human:NN-IMN:359,cluster,cross_species_WB,human,#442748,Not assessed
human:NN-IMN:36,cluster,cross_species_WB,human,#229D70,Not assessed
human:NN-IMN:360,cluster,cross_species_WB,human,#82557D,Not assessed
human:NN-IMN:361,cluster,cross_species_WB,human,#442849,Not assessed
human:NN-IMN:362,cluster,cross_species_WB,human,#4B6377,Not assessed
human:NN-IMN:363,cluster,cross_species_WB,human,#314B56,Not assessed
human:NN-IMN:364,cluster,cross_species_WB,human,#496275,Not assessed
human:NN-IMN:365,cluster,cross_species_WB,human,#8233BA,Not assessed
human:NN-IMN:366,cluster,cross_species_WB,human,#334D58,Not assessed
human:NN-IMN:367,cluster,cross_species_WB,human,#CC8DD6,Not assessed
human:NN-IMN:368,cluster,cross_species_WB,human,#8333BB,Not assessed
human:NN-IMN:369,cluster,cross_species_WB,human,#DD3A52,Not assessed
human:NN-IMN:37,cluster,cross_species_WB,human,#4EFF6C,Not assessed
human:NN-IMN:370,cluster,cross_species_WB,human,#CC8CD6,Not assessed
human:NN-IMN:371,cluster,cross_species_WB,human,#6CD3CD,Not assessed
human:NN-IMN:372,cluster,cross_species_WB,human,#28AC83,Not assessed
human:NN-IMN:373,cluster,cross_species_WB,human,#8433BC,Not assessed
human:NN-IMN:374,cluster,cross_species_WB,human,#6BD3CC,Not assessed
human:NN-IMN:375,cluster,cross_species_WB,human,#0637BB,Not assessed
human:NN-IMN:376,cluster,cross_species_WB,human,#FC559E,Not assessed
human:NN-IMN:377,cluster,cross_species_WB,human,#CFD600,Not assessed
human:NN-IMN:378,cluster,cross_species_WB,human,#C3FC2C,Not assessed
human:NN-IMN:379,cluster,cross_species_WB,human,#6DFF90,Not assessed
human:NN-IMN:38,cluster,cross_species_WB,human,#B5FDDA,Not assessed
human:NN-IMN:380,cluster,cross_species_WB,human,#28AD84,Not assessed
human:NN-IMN:381,cluster,cross_species_WB,human,#CB8BD6,Not assessed
human:NN-IMN:382,cluster,cross_species_WB,human,#8534BD,Not assessed
human:NN-IMN:383,cluster,cross_species_WB,human,#CA8AD6,Not assessed
human:NN-IMN:384,cluster,cross_species_WB,human,#8634BE,Not assessed
human:NN-IMN:385,cluster,cross_species_WB,human,#CA89D5,Not assessed
human:NN-IMN:386,cluster,cross_species_WB,human,#6AD3CC,Not assessed
human:NN-IMN:387,cluster,cross_species_WB,human,#28AE85,Not assessed
human:NN-IMN:388,cluster,cross_species_WB,human,#69D3CB,Not assessed
human:NN-IMN:389,cluster,cross_species_WB,human,#29AF86,Not assessed
human:NN-IMN:39,cluster,cross_species_WB,human,#816753,Not assessed
human:NN-IMN:390,cluster,cross_species_WB,human,#F900D7,Not assessed
human:NN-IMN:391,cluster,cross_species_WB,human,#7D6250,Not assessed
human:NN-IMN:392,cluster,cross_species_WB,human,#50342D,Not assessed
human:NN-IMN:393,cluster,cross_species_WB,human,#B4FED5,Not assessed
human:NN-IMN:394,cluster,cross_species_WB,human,#8835BF,Not assessed
human:NN-IMN:395,cluster,cross_species_WB,human,#C987D5,Not assessed
human:NN-IMN:396,cluster,cross_species_WB,human,#FD00AD,Not assessed
human:NN-IMN:397,cluster,cross_species_WB,human,#FC519E,Not assessed
human:NN-IMN:398,cluster,cross_species_WB,human,#8935C0,Not assessed
human:NN-IMN:399,cluster,cross_species_WB,human,#C886D5,Not assessed
human:NN-IMN:4,cluster,cross_species_WB,human,#69294E,Not assessed
human:NN-IMN:40,cluster,cross_species_WB,human,#7DD6D5,Not assessed
human:NN-IMN:400,cluster,cross_species_WB,human,#8A36C1,Not assessed
human:NN-IMN:401,cluster,cross_species_WB,human,#6FFF92,Not assessed
human:NN-IMN:402,cluster,cross_species_WB,human,#C885D4,Not assessed
human:NN-IMN:403,cluster,cross_species_WB,human,#8B36C2,Not assessed
human:NN-IMN:404,cluster,cross_species_WB,human,#C784D4,Not assessed
human:NN-IMN:405,cluster,cross_species_WB,human,#8C37C3,Not assessed
human:NN-IMN:41,cluster,cross_species_WB,human,#FF6F48,Not assessed
human:NN-IMN:42,cluster,cross_species_WB,human,#50FF6E,Not assessed
human:NN-IMN:43,cluster,cross_species_WB,human,#651300,Not assessed
human:NN-IMN:44,cluster,cross_species_WB,human,#B5FDDA,Not assessed
human:NN-IMN:45,cluster,cross_species_WB,human,#331E39,Not assessed
human:NN-IMN:46,cluster,cross_species_WB,human,#8E6187,Not assessed
human:NN-IMN:47,cluster,cross_species_WB,human,#F000AE,Not assessed
human:NN-IMN:48,cluster,cross_species_WB,human,#FC5F9F,Not assessed
human:NN-IMN:49,cluster,cross_species_WB,human,#274047,Not assessed
human:NN-IMN:5,cluster,cross_species_WB,human,#B77483,Not assessed
human:NN-IMN:50,cluster,cross_species_WB,human,#7B83CD,Not assessed
human:NN-IMN:51,cluster,cross_species_WB,human,#CEC9E7,Not assessed
human:NN-IMN:52,cluster,cross_species_WB,human,#341E3A,Not assessed
human:NN-IMN:53,cluster,cross_species_WB,human,#7E86CE,Not assessed
human:NN-IMN:54,cluster,cross_species_WB,human,#FF6DC8,Not assessed
human:NN-IMN:55,cluster,cross_species_WB,human,#FB71C3,Not assessed
human:NN-IMN:56,cluster,cross_species_WB,human,#556C83,Not assessed
human:NN-IMN:57,cluster,cross_species_WB,human,#284249,Not assessed
human:NN-IMN:58,cluster,cross_species_WB,human,#546A81,Not assessed
human:NN-IMN:59,cluster,cross_species_WB,human,#2A434B,Not assessed
human:NN-IMN:6,cluster,cross_species_WB,human,#6A294F,Not assessed
human:NN-IMN:60,cluster,cross_species_WB,human,#52697F,Not assessed
human:NN-IMN:61,cluster,cross_species_WB,human,#229E71,Not assessed
human:NN-IMN:62,cluster,cross_species_WB,human,#51FF6F,Not assessed
human:NN-IMN:63,cluster,cross_species_WB,human,#6C2A50,Not assessed
human:NN-IMN:64,cluster,cross_species_WB,human,#2B730F,Not assessed
human:NN-IMN:65,cluster,cross_species_WB,human,#8E6087,Not assessed
human:NN-IMN:66,cluster,cross_species_WB,human,#2ABE21,Not assessed
human:NN-IMN:67,cluster,cross_species_WB,human,#B5FDDA,Not assessed
human:NN-IMN:68,cluster,cross_species_WB,human,#53FF71,Not assessed
human:NN-IMN:69,cluster,cross_species_WB,human,#B5FDD9,Not assessed
human:NN-IMN:7,cluster,cross_species_WB,human,#B67382,Not assessed
human:NN-IMN:70,cluster,cross_species_WB,human,#7CD6D5,Not assessed
human:NN-IMN:71,cluster,cross_species_WB,human,#239F72,Not assessed
human:NN-IMN:72,cluster,cross_species_WB,human,#E100CF,Not assessed
human:NN-IMN:73,cluster,cross_species_WB,human,#FF49CF,Not assessed
human:NN-IMN:74,cluster,cross_species_WB,human,#142BF1,Not assessed
human:NN-IMN:75,cluster,cross_species_WB,human,#0438A8,Not assessed
human:NN-IMN:76,cluster,cross_species_WB,human,#0F29F2,Not assessed
human:NN-IMN:77,cluster,cross_species_WB,human,#FEB4D4,Not assessed
human:NN-IMN:78,cluster,cross_species_WB,human,#D49BDA,Not assessed
human:NN-IMN:79,cluster,cross_species_WB,human,#FF75C9,Not assessed
human:NN-IMN:8,cluster,cross_species_WB,human,#6B2A4F,Not assessed
human:NN-IMN:80,cluster,cross_species_WB,human,#FEB3D5,Not assessed
human:NN-IMN:81,cluster,cross_species_WB,human,#D6BE9C,Not assessed
human:NN-IMN:82,cluster,cross_species_WB,human,#54FF73,Not assessed
human:NN-IMN:83,cluster,cross_species_WB,human,#B5FDD9,Not assessed
human:NN-IMN:84,cluster,cross_species_WB,human,#56FF75,Not assessed
human:NN-IMN:85,cluster,cross_species_WB,human,#B5FDD9,Not assessed
human:NN-IMN:86,cluster,cross_species_WB,human,#57FF77,Not assessed
human:NN-IMN:87,cluster,cross_species_WB,human,#CBC6E5,Not assessed
human:NN-IMN:88,cluster,cross_species_WB,human,#B5FDD9,Not assessed
human:NN-IMN:89,cluster,cross_species_WB,human,#59FF79,Not assessed
human:NN-IMN:9,cluster,cross_species_WB,human,#FF6843,Not assessed
human:NN-IMN:90,cluster,cross_species_WB,human,#B5FDD8,Not assessed
human:NN-IMN:91,cluster,cross_species_WB,human,#C5895E,Not assessed
human:NN-IMN:92,cluster,cross_species_WB,human,#D4B895,Not assessed
human:NN-IMN:93,cluster,cross_species_WB,human,#C78F65,Not assessed
human:NN-IMN:94,cluster,cross_species_WB,human,#DE4958,Not assessed
human:NN-IMN:95,cluster,cross_species_WB,human,#9E1350,Not assessed
human:NN-IMN:96,cluster,cross_species_WB,human,#DD4757,Not assessed
human:NN-IMN:97,cluster,cross_species_WB,human,#0438AC,Not assessed
human:NN-IMN:98,cluster,cross_species_WB,human,#0D29EF,Not assessed
human:NN-IMN:99,cluster,cross_species_WB,human,#FB6FC3,Not assessed
human:Pallium-Glut:1,cluster,cross_species_WB,human,#5515A6,Not assessed
human:Pallium-Glut:10,cluster,cross_species_WB,human,#A61A05,Not assessed
human:Pallium-Glut:100,cluster,cross_species_WB,human,#17894F,Not assessed
human:Pallium-Glut:101,cluster,cross_species_WB,human,#CDFDB5,Not assessed
human:Pallium-Glut:102,cluster,cross_species_WB,human,#BCFF2A,Not assessed
human:Pallium-Glut:103,cluster,cross_species_WB,human,#CDFDB5,Not assessed
human:Pallium-Glut:104,cluster,cross_species_WB,human,#9F1E45,Not assessed
human:Pallium-Glut:105,cluster,cross_species_WB,human,#764981,Not assessed
human:Pallium-Glut:106,cluster,cross_species_WB,human,#BCFD00,Not assessed
human:Pallium-Glut:107,cluster,cross_species_WB,human,#F90E96,Not assessed
human:Pallium-Glut:108,cluster,cross_species_WB,human,#930085,Not assessed
human:Pallium-Glut:109,cluster,cross_species_WB,human,#F90C97,Not assessed
human:Pallium-Glut:11,cluster,cross_species_WB,human,#EEA157,Not assessed
human:Pallium-Glut:110,cluster,cross_species_WB,human,#FEBFB4,Not assessed
human:Pallium-Glut:111,cluster,cross_species_WB,human,#BCFF2B,Not assessed
human:Pallium-Glut:112,cluster,cross_species_WB,human,#FF687C,Not assessed
human:Pallium-Glut:113,cluster,cross_species_WB,human,#FEBEB4,Not assessed
human:Pallium-Glut:114,cluster,cross_species_WB,human,#FF6C7E,Not assessed
human:Pallium-Glut:115,cluster,cross_species_WB,human,#950086,Not assessed
human:Pallium-Glut:116,cluster,cross_species_WB,human,#A778A8,Not assessed
human:Pallium-Glut:117,cluster,cross_species_WB,human,#6AC2FF,Not assessed
human:Pallium-Glut:118,cluster,cross_species_WB,human,#FA0998,Not assessed
human:Pallium-Glut:119,cluster,cross_species_WB,human,#980087,Not assessed
human:Pallium-Glut:12,cluster,cross_species_WB,human,#A81B05,Not assessed
human:Pallium-Glut:120,cluster,cross_species_WB,human,#FA0698,Not assessed
human:Pallium-Glut:121,cluster,cross_species_WB,human,#8728FF,Not assessed
human:Pallium-Glut:122,cluster,cross_species_WB,human,#EEB5FD,Not assessed
human:Pallium-Glut:123,cluster,cross_species_WB,human,#892AFF,Not assessed
human:Pallium-Glut:124,cluster,cross_species_WB,human,#EDB5FD,Not assessed
human:Pallium-Glut:125,cluster,cross_species_WB,human,#072C45,Not assessed
human:Pallium-Glut:126,cluster,cross_species_WB,human,#1E3FA1,Not assessed
human:Pallium-Glut:127,cluster,cross_species_WB,human,#082C45,Not assessed
human:Pallium-Glut:128,cluster,cross_species_WB,human,#1E3FA0,Not assessed
human:Pallium-Glut:129,cluster,cross_species_WB,human,#082C45,Not assessed
human:Pallium-Glut:13,cluster,cross_species_WB,human,#EEA055,Not assessed
human:Pallium-Glut:130,cluster,cross_species_WB,human,#8B2CFF,Not assessed
human:Pallium-Glut:131,cluster,cross_species_WB,human,#EDB5FD,Not assessed
human:Pallium-Glut:132,cluster,cross_species_WB,human,#C1D79F,Not assessed
human:Pallium-Glut:133,cluster,cross_species_WB,human,#7D7035,Not assessed
human:Pallium-Glut:134,cluster,cross_species_WB,human,#FEBDB4,Not assessed
human:Pallium-Glut:135,cluster,cross_species_WB,human,#AFAF5A,Not assessed
human:Pallium-Glut:136,cluster,cross_species_WB,human,#253D10,Not assessed
human:Pallium-Glut:137,cluster,cross_species_WB,human,#5060C2,Not assessed
human:Pallium-Glut:138,cluster,cross_species_WB,human,#ABA2D8,Not assessed
human:Pallium-Glut:139,cluster,cross_species_WB,human,#1E3F9E,Not assessed
human:Pallium-Glut:14,cluster,cross_species_WB,human,#D105B3,Not assessed
human:Pallium-Glut:140,cluster,cross_species_WB,human,#5361C3,Not assessed
human:Pallium-Glut:141,cluster,cross_species_WB,human,#A89FD7,Not assessed
human:Pallium-Glut:142,cluster,cross_species_WB,human,#5663C3,Not assessed
human:Pallium-Glut:143,cluster,cross_species_WB,human,#A59DD6,Not assessed
human:Pallium-Glut:144,cluster,cross_species_WB,human,#5964C4,Not assessed
human:Pallium-Glut:145,cluster,cross_species_WB,human,#3E9132,Not assessed
human:Pallium-Glut:146,cluster,cross_species_WB,human,#A29AD5,Not assessed
human:Pallium-Glut:147,cluster,cross_species_WB,human,#B4FDBC,Not assessed
human:Pallium-Glut:148,cluster,cross_species_WB,human,#5B66C5,Not assessed
human:Pallium-Glut:149,cluster,cross_species_WB,human,#9F97D4,Not assessed
human:Pallium-Glut:15,cluster,cross_species_WB,human,#A91C05,Not assessed
human:Pallium-Glut:150,cluster,cross_species_WB,human,#5E67C5,Not assessed
human:Pallium-Glut:151,cluster,cross_species_WB,human,#9C95D4,Not assessed
human:Pallium-Glut:152,cluster,cross_species_WB,human,#B4CFFE,Not assessed
human:Pallium-Glut:153,cluster,cross_species_WB,human,#082C45,Not assessed
human:Pallium-Glut:154,cluster,cross_species_WB,human,#6169C6,Not assessed
human:Pallium-Glut:155,cluster,cross_species_WB,human,#9992D3,Not assessed
human:Pallium-Glut:156,cluster,cross_species_WB,human,#646BC7,Not assessed
human:Pallium-Glut:157,cluster,cross_species_WB,human,#CF05B3,Not assessed
human:Pallium-Glut:158,cluster,cross_species_WB,human,#4E0061,Not assessed
human:Pallium-Glut:159,cluster,cross_species_WB,human,#CC05B2,Not assessed
human:Pallium-Glut:16,cluster,cross_species_WB,human,#EE9E53,Not assessed
human:Pallium-Glut:160,cluster,cross_species_WB,human,#B2C458,Not assessed
human:Pallium-Glut:161,cluster,cross_species_WB,human,#C0D69B,Not assessed
human:Pallium-Glut:162,cluster,cross_species_WB,human,#EE964A,Not assessed
human:Pallium-Glut:163,cluster,cross_species_WB,human,#154AA5,Not assessed
human:Pallium-Glut:164,cluster,cross_species_WB,human,#510064,Not assessed
human:Pallium-Glut:165,cluster,cross_species_WB,human,#CA04B1,Not assessed
human:Pallium-Glut:166,cluster,cross_species_WB,human,#540067,Not assessed
human:Pallium-Glut:167,cluster,cross_species_WB,human,#3F4CDD,Not assessed
human:Pallium-Glut:168,cluster,cross_species_WB,human,#7C5E99,Not assessed
human:Pallium-Glut:169,cluster,cross_species_WB,human,#164AA7,Not assessed
human:Pallium-Glut:17,cluster,cross_species_WB,human,#AB1D05,Not assessed
human:Pallium-Glut:170,cluster,cross_species_WB,human,#3C4BDD,Not assessed
human:Pallium-Glut:171,cluster,cross_species_WB,human,#B32307,Not assessed
human:Pallium-Glut:172,cluster,cross_species_WB,human,#164AAA,Not assessed
human:Pallium-Glut:173,cluster,cross_species_WB,human,#EE9448,Not assessed
human:Pallium-Glut:174,cluster,cross_species_WB,human,#B52407,Not assessed
human:Pallium-Glut:175,cluster,cross_species_WB,human,#6D8CFF,Not assessed
human:Pallium-Glut:176,cluster,cross_species_WB,human,#FB3454,Not assessed
human:Pallium-Glut:177,cluster,cross_species_WB,human,#D30057,Not assessed
human:Pallium-Glut:178,cluster,cross_species_WB,human,#229D76,Not assessed
human:Pallium-Glut:179,cluster,cross_species_WB,human,#45082E,Not assessed
human:Pallium-Glut:18,cluster,cross_species_WB,human,#EE9D52,Not assessed
human:Pallium-Glut:180,cluster,cross_species_WB,human,#7CD4D6,Not assessed
human:Pallium-Glut:181,cluster,cross_species_WB,human,#1D3F9D,Not assessed
human:Pallium-Glut:182,cluster,cross_species_WB,human,#229E77,Not assessed
human:Pallium-Glut:183,cluster,cross_species_WB,human,#9D1D45,Not assessed
human:Pallium-Glut:184,cluster,cross_species_WB,human,#7BD4D6,Not assessed
human:Pallium-Glut:185,cluster,cross_species_WB,human,#EE9347,Not assessed
human:Pallium-Glut:186,cluster,cross_species_WB,human,#45082E,Not assessed
human:Pallium-Glut:187,cluster,cross_species_WB,human,#00D28C,Not assessed
human:Pallium-Glut:188,cluster,cross_species_WB,human,#31FCE1,Not assessed
human:Pallium-Glut:189,cluster,cross_species_WB,human,#00D994,Not assessed
human:Pallium-Glut:19,cluster,cross_species_WB,human,#AC1E06,Not assessed
human:Pallium-Glut:190,cluster,cross_species_WB,human,#C704B1,Not assessed
human:Pallium-Glut:191,cluster,cross_species_WB,human,#29FCDD,Not assessed
human:Pallium-Glut:192,cluster,cross_species_WB,human,#421A78,Not assessed
human:Pallium-Glut:193,cluster,cross_species_WB,human,#8231B8,Not assessed
human:Pallium-Glut:194,cluster,cross_species_WB,human,#D2FF19,Not assessed
human:Pallium-Glut:195,cluster,cross_species_WB,human,#239F78,Not assessed
human:Pallium-Glut:196,cluster,cross_species_WB,human,#B62507,Not assessed
human:Pallium-Glut:197,cluster,cross_species_WB,human,#00E09C,Not assessed
human:Pallium-Glut:198,cluster,cross_species_WB,human,#B2C55C,Not assessed
human:Pallium-Glut:199,cluster,cross_species_WB,human,#22FDD9,Not assessed
human:Pallium-Glut:2,cluster,cross_species_WB,human,#4D5EC2,Not assessed
human:Pallium-Glut:20,cluster,cross_species_WB,human,#EE9B50,Not assessed
human:Pallium-Glut:200,cluster,cross_species_WB,human,#BED497,Not assessed
human:Pallium-Glut:201,cluster,cross_species_WB,human,#B2C660,Not assessed
human:Pallium-Glut:202,cluster,cross_species_WB,human,#00E7A5,Not assessed
human:Pallium-Glut:203,cluster,cross_species_WB,human,#1AFDD5,Not assessed
human:Pallium-Glut:204,cluster,cross_species_WB,human,#00EEAD,Not assessed
human:Pallium-Glut:205,cluster,cross_species_WB,human,#FDDD00,Not assessed
human:Pallium-Glut:206,cluster,cross_species_WB,human,#7AD4D6,Not assessed
human:Pallium-Glut:207,cluster,cross_species_WB,human,#23A17A,Not assessed
human:Pallium-Glut:208,cluster,cross_species_WB,human,#EE9145,Not assessed
human:Pallium-Glut:209,cluster,cross_species_WB,human,#85FF67,Not assessed
human:Pallium-Glut:21,cluster,cross_species_WB,human,#AE1F06,Not assessed
human:Pallium-Glut:210,cluster,cross_species_WB,human,#B4FEBB,Not assessed
human:Pallium-Glut:211,cluster,cross_species_WB,human,#9A0088,Not assessed
human:Pallium-Glut:212,cluster,cross_species_WB,human,#F90599,Not assessed
human:Pallium-Glut:213,cluster,cross_species_WB,human,#86FF6A,Not assessed
human:Pallium-Glut:214,cluster,cross_species_WB,human,#253C10,Not assessed
human:Pallium-Glut:215,cluster,cross_species_WB,human,#B4FEBB,Not assessed
human:Pallium-Glut:216,cluster,cross_species_WB,human,#9D0089,Not assessed
human:Pallium-Glut:217,cluster,cross_species_WB,human,#87FF6D,Not assessed
human:Pallium-Glut:218,cluster,cross_species_WB,human,#F60599,Not assessed
human:Pallium-Glut:219,cluster,cross_species_WB,human,#B4FEBA,Not assessed
human:Pallium-Glut:22,cluster,cross_species_WB,human,#83FF60,Not assessed
human:Pallium-Glut:220,cluster,cross_species_WB,human,#D5A49A,Not assessed
human:Pallium-Glut:221,cluster,cross_species_WB,human,#A0008B,Not assessed
human:Pallium-Glut:222,cluster,cross_species_WB,human,#C76B66,Not assessed
human:Pallium-Glut:223,cluster,cross_species_WB,human,#5A1BA4,Not assessed
human:Pallium-Glut:224,cluster,cross_species_WB,human,#89FF71,Not assessed
human:Pallium-Glut:225,cluster,cross_species_WB,human,#A140D7,Not assessed
human:Pallium-Glut:226,cluster,cross_species_WB,human,#B4FEB9,Not assessed
human:Pallium-Glut:227,cluster,cross_species_WB,human,#611DAB,Not assessed
human:Pallium-Glut:228,cluster,cross_species_WB,human,#3D8F31,Not assessed
human:Pallium-Glut:229,cluster,cross_species_WB,human,#D2978D,Not assessed
human:Pallium-Glut:23,cluster,cross_species_WB,human,#8B0081,Not assessed
human:Pallium-Glut:230,cluster,cross_species_WB,human,#8AFF74,Not assessed
human:Pallium-Glut:231,cluster,cross_species_WB,human,#9B38D6,Not assessed
human:Pallium-Glut:232,cluster,cross_species_WB,human,#B4FEB8,Not assessed
human:Pallium-Glut:233,cluster,cross_species_WB,human,#243C10,Not assessed
human:Pallium-Glut:234,cluster,cross_species_WB,human,#3D8D30,Not assessed
human:Pallium-Glut:235,cluster,cross_species_WB,human,#253E11,Not assessed
human:Pallium-Glut:236,cluster,cross_species_WB,human,#3D8B30,Not assessed
human:Pallium-Glut:237,cluster,cross_species_WB,human,#264011,Not assessed
human:Pallium-Glut:238,cluster,cross_species_WB,human,#3D8A2F,Not assessed
human:Pallium-Glut:239,cluster,cross_species_WB,human,#274212,Not assessed
human:Pallium-Glut:24,cluster,cross_species_WB,human,#F91495,Not assessed
human:Pallium-Glut:240,cluster,cross_species_WB,human,#B72607,Not assessed
human:Pallium-Glut:241,cluster,cross_species_WB,human,#EE9044,Not assessed
human:Pallium-Glut:242,cluster,cross_species_WB,human,#3C882E,Not assessed
human:Pallium-Glut:243,cluster,cross_species_WB,human,#9C1D44,Not assessed
human:Pallium-Glut:244,cluster,cross_species_WB,human,#45082E,Not assessed
human:Pallium-Glut:245,cluster,cross_species_WB,human,#9B1C44,Not assessed
human:Pallium-Glut:246,cluster,cross_species_WB,human,#BFFC84,Not assessed
human:Pallium-Glut:247,cluster,cross_species_WB,human,#D1FF1C,Not assessed
human:Pallium-Glut:248,cluster,cross_species_WB,human,#BEFD80,Not assessed
human:Pallium-Glut:249,cluster,cross_species_WB,human,#79D4D5,Not assessed
human:Pallium-Glut:25,cluster,cross_species_WB,human,#2E5A72,Not assessed
human:Pallium-Glut:250,cluster,cross_species_WB,human,#45082E,Not assessed
human:Pallium-Glut:251,cluster,cross_species_WB,human,#EA37FB,Not assessed
human:Pallium-Glut:252,cluster,cross_species_WB,human,#CFFF1F,Not assessed
human:Pallium-Glut:253,cluster,cross_species_WB,human,#F40499,Not assessed
human:Pallium-Glut:254,cluster,cross_species_WB,human,#8BFF77,Not assessed
human:Pallium-Glut:255,cluster,cross_species_WB,human,#A2008C,Not assessed
human:Pallium-Glut:256,cluster,cross_species_WB,human,#F2049A,Not assessed
human:Pallium-Glut:257,cluster,cross_species_WB,human,#A5008D,Not assessed
human:Pallium-Glut:258,cluster,cross_species_WB,human,#F0049A,Not assessed
human:Pallium-Glut:259,cluster,cross_species_WB,human,#CEFDB5,Not assessed
human:Pallium-Glut:26,cluster,cross_species_WB,human,#B4FDBD,Not assessed
human:Pallium-Glut:260,cluster,cross_species_WB,human,#B92707,Not assessed
human:Pallium-Glut:261,cluster,cross_species_WB,human,#082B45,Not assessed
human:Pallium-Glut:262,cluster,cross_species_WB,human,#A5CCFB,Not assessed
human:Pallium-Glut:263,cluster,cross_species_WB,human,#B3FEB7,Not assessed
human:Pallium-Glut:264,cluster,cross_species_WB,human,#70C3FF,Not assessed
human:Pallium-Glut:265,cluster,cross_species_WB,human,#315D78,Not assessed
human:Pallium-Glut:266,cluster,cross_species_WB,human,#627BB1,Not assessed
human:Pallium-Glut:267,cluster,cross_species_WB,human,#BEFD7D,Not assessed
human:Pallium-Glut:268,cluster,cross_species_WB,human,#2A807D,Not assessed
human:Pallium-Glut:269,cluster,cross_species_WB,human,#BCFF2C,Not assessed
human:Pallium-Glut:27,cluster,cross_species_WB,human,#2C004C,Not assessed
human:Pallium-Glut:270,cluster,cross_species_WB,human,#CEFDB5,Not assessed
human:Pallium-Glut:271,cluster,cross_species_WB,human,#BCFF2D,Not assessed
human:Pallium-Glut:272,cluster,cross_species_WB,human,#325E79,Not assessed
human:Pallium-Glut:273,cluster,cross_species_WB,human,#607AB1,Not assessed
human:Pallium-Glut:274,cluster,cross_species_WB,human,#335F7B,Not assessed
human:Pallium-Glut:275,cluster,cross_species_WB,human,#CEFDB5,Not assessed
human:Pallium-Glut:276,cluster,cross_species_WB,human,#BBFF2E,Not assessed
human:Pallium-Glut:277,cluster,cross_species_WB,human,#CEFDB5,Not assessed
human:Pallium-Glut:278,cluster,cross_species_WB,human,#BBFF2F,Not assessed
human:Pallium-Glut:279,cluster,cross_species_WB,human,#5E79B0,Not assessed
human:Pallium-Glut:28,cluster,cross_species_WB,human,#253D10,Not assessed
human:Pallium-Glut:280,cluster,cross_species_WB,human,#CEFDB5,Not assessed
human:Pallium-Glut:281,cluster,cross_species_WB,human,#345F7D,Not assessed
human:Pallium-Glut:282,cluster,cross_species_WB,human,#BBFF30,Not assessed
human:Pallium-Glut:283,cluster,cross_species_WB,human,#CEFDB5,Not assessed
human:Pallium-Glut:284,cluster,cross_species_WB,human,#5C78AF,Not assessed
human:Pallium-Glut:285,cluster,cross_species_WB,human,#35607F,Not assessed
human:Pallium-Glut:286,cluster,cross_species_WB,human,#5A77AF,Not assessed
human:Pallium-Glut:287,cluster,cross_species_WB,human,#BBFF31,Not assessed
human:Pallium-Glut:288,cluster,cross_species_WB,human,#366180,Not assessed
human:Pallium-Glut:289,cluster,cross_species_WB,human,#24CEFF,Not assessed
human:Pallium-Glut:29,cluster,cross_species_WB,human,#3E9233,Not assessed
human:Pallium-Glut:290,cluster,cross_species_WB,human,#5876AE,Not assessed
human:Pallium-Glut:291,cluster,cross_species_WB,human,#CFFDB5,Not assessed
human:Pallium-Glut:292,cluster,cross_species_WB,human,#BBFF32,Not assessed
human:Pallium-Glut:293,cluster,cross_species_WB,human,#CFFDB5,Not assessed
human:Pallium-Glut:294,cluster,cross_species_WB,human,#376282,Not assessed
human:Pallium-Glut:295,cluster,cross_species_WB,human,#BBFF33,Not assessed
human:Pallium-Glut:296,cluster,cross_species_WB,human,#CFFDB4,Not assessed
human:Pallium-Glut:297,cluster,cross_species_WB,human,#5675AD,Not assessed
human:Pallium-Glut:298,cluster,cross_species_WB,human,#BAFF34,Not assessed
human:Pallium-Glut:299,cluster,cross_species_WB,human,#CFFDB4,Not assessed
human:Pallium-Glut:3,cluster,cross_species_WB,human,#ADA4D9,Not assessed
human:Pallium-Glut:30,cluster,cross_species_WB,human,#450730,Not assessed
human:Pallium-Glut:300,cluster,cross_species_WB,human,#BAFF35,Not assessed
human:Pallium-Glut:301,cluster,cross_species_WB,human,#F9620E,Not assessed
human:Pallium-Glut:302,cluster,cross_species_WB,human,#930100,Not assessed
human:Pallium-Glut:303,cluster,cross_species_WB,human,#991C44,Not assessed
human:Pallium-Glut:304,cluster,cross_species_WB,human,#FA5E0B,Not assessed
human:Pallium-Glut:305,cluster,cross_species_WB,human,#CEFDB2,Not assessed
human:Pallium-Glut:306,cluster,cross_species_WB,human,#BAFF37,Not assessed
human:Pallium-Glut:307,cluster,cross_species_WB,human,#CEFDB1,Not assessed
human:Pallium-Glut:308,cluster,cross_species_WB,human,#BAFF38,Not assessed
human:Pallium-Glut:309,cluster,cross_species_WB,human,#CDFDB0,Not assessed
human:Pallium-Glut:31,cluster,cross_species_WB,human,#D5FF13,Not assessed
human:Pallium-Glut:310,cluster,cross_species_WB,human,#BAFF39,Not assessed
human:Pallium-Glut:311,cluster,cross_species_WB,human,#CDFDAF,Not assessed
human:Pallium-Glut:312,cluster,cross_species_WB,human,#BAFF3A,Not assessed
human:Pallium-Glut:313,cluster,cross_species_WB,human,#58006A,Not assessed
human:Pallium-Glut:314,cluster,cross_species_WB,human,#CCFDAE,Not assessed
human:Pallium-Glut:315,cluster,cross_species_WB,human,#BAFF3B,Not assessed
human:Pallium-Glut:316,cluster,cross_species_WB,human,#A3CBFB,Not assessed
human:Pallium-Glut:317,cluster,cross_species_WB,human,#CCFDAD,Not assessed
human:Pallium-Glut:318,cluster,cross_species_WB,human,#BAFF3C,Not assessed
human:Pallium-Glut:319,cluster,cross_species_WB,human,#CBFDAC,Not assessed
human:Pallium-Glut:32,cluster,cross_species_WB,human,#C0FC8A,Not assessed
human:Pallium-Glut:320,cluster,cross_species_WB,human,#B9FF3D,Not assessed
human:Pallium-Glut:321,cluster,cross_species_WB,human,#CBFDAB,Not assessed
human:Pallium-Glut:322,cluster,cross_species_WB,human,#B9FF3E,Not assessed
human:Pallium-Glut:323,cluster,cross_species_WB,human,#CAFDAA,Not assessed
human:Pallium-Glut:324,cluster,cross_species_WB,human,#B9FF3F,Not assessed
human:Pallium-Glut:325,cluster,cross_species_WB,human,#CAFDA9,Not assessed
human:Pallium-Glut:326,cluster,cross_species_WB,human,#24A27B,Not assessed
human:Pallium-Glut:327,cluster,cross_species_WB,human,#B9FF40,Not assessed
human:Pallium-Glut:328,cluster,cross_species_WB,human,#78D4D5,Not assessed
human:Pallium-Glut:329,cluster,cross_species_WB,human,#24A37C,Not assessed
human:Pallium-Glut:33,cluster,cross_species_WB,human,#124337,Not assessed
human:Pallium-Glut:330,cluster,cross_species_WB,human,#76D4D5,Not assessed
human:Pallium-Glut:331,cluster,cross_species_WB,human,#24A47E,Not assessed
human:Pallium-Glut:332,cluster,cross_species_WB,human,#45082D,Not assessed
human:Pallium-Glut:333,cluster,cross_species_WB,human,#75D4D5,Not assessed
human:Pallium-Glut:334,cluster,cross_species_WB,human,#25A57F,Not assessed
human:Pallium-Glut:335,cluster,cross_species_WB,human,#74D4D5,Not assessed
human:Pallium-Glut:336,cluster,cross_species_WB,human,#3949DD,Not assessed
human:Pallium-Glut:337,cluster,cross_species_WB,human,#174AAD,Not assessed
human:Pallium-Glut:338,cluster,cross_species_WB,human,#3648DC,Not assessed
human:Pallium-Glut:339,cluster,cross_species_WB,human,#174AAF,Not assessed
human:Pallium-Glut:34,cluster,cross_species_WB,human,#D4FF16,Not assessed
human:Pallium-Glut:340,cluster,cross_species_WB,human,#3347DC,Not assessed
human:Pallium-Glut:341,cluster,cross_species_WB,human,#184AB2,Not assessed
human:Pallium-Glut:342,cluster,cross_species_WB,human,#EE8E42,Not assessed
human:Pallium-Glut:343,cluster,cross_species_WB,human,#BA2807,Not assessed
human:Pallium-Glut:344,cluster,cross_species_WB,human,#3046DC,Not assessed
human:Pallium-Glut:345,cluster,cross_species_WB,human,#981C44,Not assessed
human:Pallium-Glut:346,cluster,cross_species_WB,human,#45082D,Not assessed
human:Pallium-Glut:347,cluster,cross_species_WB,human,#CEFF22,Not assessed
human:Pallium-Glut:348,cluster,cross_species_WB,human,#961B44,Not assessed
human:Pallium-Glut:349,cluster,cross_species_WB,human,#45082D,Not assessed
human:Pallium-Glut:35,cluster,cross_species_WB,human,#EE9A4F,Not assessed
human:Pallium-Glut:350,cluster,cross_species_WB,human,#951B43,Not assessed
human:Pallium-Glut:351,cluster,cross_species_WB,human,#25A680,Not assessed
human:Pallium-Glut:352,cluster,cross_species_WB,human,#EE8D41,Not assessed
human:Pallium-Glut:353,cluster,cross_species_WB,human,#B4D0FE,Not assessed
human:Pallium-Glut:354,cluster,cross_species_WB,human,#284413,Not assessed
human:Pallium-Glut:355,cluster,cross_species_WB,human,#73D4D4,Not assessed
human:Pallium-Glut:356,cluster,cross_species_WB,human,#C504B0,Not assessed
human:Pallium-Glut:357,cluster,cross_species_WB,human,#1D3F9B,Not assessed
human:Pallium-Glut:358,cluster,cross_species_WB,human,#44082D,Not assessed
human:Pallium-Glut:359,cluster,cross_species_WB,human,#386384,Not assessed
human:Pallium-Glut:36,cluster,cross_species_WB,human,#BFFC87,Not assessed
human:Pallium-Glut:360,cluster,cross_species_WB,human,#082B45,Not assessed
human:Pallium-Glut:361,cluster,cross_species_WB,human,#76C3FF,Not assessed
human:Pallium-Glut:362,cluster,cross_species_WB,human,#B3D1FE,Not assessed
human:Pallium-Glut:363,cluster,cross_species_WB,human,#26CDFF,Not assessed
human:Pallium-Glut:364,cluster,cross_species_WB,human,#A7BF03,Not assessed
human:Pallium-Glut:365,cluster,cross_species_WB,human,#FC2F53,Not assessed
human:Pallium-Glut:366,cluster,cross_species_WB,human,#D70057,Not assessed
human:Pallium-Glut:367,cluster,cross_species_WB,human,#838500,Not assessed
human:Pallium-Glut:368,cluster,cross_species_WB,human,#FC2B52,Not assessed
human:Pallium-Glut:369,cluster,cross_species_WB,human,#DB0056,Not assessed
human:Pallium-Glut:37,cluster,cross_species_WB,human,#84FF64,Not assessed
human:Pallium-Glut:370,cluster,cross_species_WB,human,#FC2751,Not assessed
human:Pallium-Glut:371,cluster,cross_species_WB,human,#DF0055,Not assessed
human:Pallium-Glut:372,cluster,cross_species_WB,human,#FC2350,Not assessed
human:Pallium-Glut:373,cluster,cross_species_WB,human,#5B006C,Not assessed
human:Pallium-Glut:374,cluster,cross_species_WB,human,#C203AF,Not assessed
human:Pallium-Glut:375,cluster,cross_species_WB,human,#E30054,Not assessed
human:Pallium-Glut:376,cluster,cross_species_WB,human,#164F43,Not assessed
human:Pallium-Glut:377,cluster,cross_species_WB,human,#287D79,Not assessed
human:Pallium-Glut:378,cluster,cross_species_WB,human,#185347,Not assessed
human:Pallium-Glut:379,cluster,cross_species_WB,human,#BC2908,Not assessed
human:Pallium-Glut:38,cluster,cross_species_WB,human,#C45B59,Not assessed
human:Pallium-Glut:380,cluster,cross_species_WB,human,#5E006F,Not assessed
human:Pallium-Glut:381,cluster,cross_species_WB,human,#277974,Not assessed
human:Pallium-Glut:382,cluster,cross_species_WB,human,#C003AF,Not assessed
human:Pallium-Glut:383,cluster,cross_species_WB,human,#BDFD7A,Not assessed
human:Pallium-Glut:384,cluster,cross_species_WB,human,#941A43,Not assessed
human:Pallium-Glut:385,cluster,cross_species_WB,human,#19574C,Not assessed
human:Pallium-Glut:386,cluster,cross_species_WB,human,#25756F,Not assessed
human:Pallium-Glut:387,cluster,cross_species_WB,human,#A0CBFB,Not assessed
human:Pallium-Glut:388,cluster,cross_species_WB,human,#28CCFF,Not assessed
human:Pallium-Glut:389,cluster,cross_species_WB,human,#9ECAFB,Not assessed
human:Pallium-Glut:39,cluster,cross_species_WB,human,#8E0082,Not assessed
human:Pallium-Glut:390,cluster,cross_species_WB,human,#2BCCFF,Not assessed
human:Pallium-Glut:391,cluster,cross_species_WB,human,#9CC9FB,Not assessed
human:Pallium-Glut:392,cluster,cross_species_WB,human,#2DCBFF,Not assessed
human:Pallium-Glut:393,cluster,cross_species_WB,human,#99C9FB,Not assessed
human:Pallium-Glut:394,cluster,cross_species_WB,human,#2FCAFF,Not assessed
human:Pallium-Glut:395,cluster,cross_species_WB,human,#97C8FB,Not assessed
human:Pallium-Glut:396,cluster,cross_species_WB,human,#31CAFF,Not assessed
human:Pallium-Glut:397,cluster,cross_species_WB,human,#95C7FB,Not assessed
human:Pallium-Glut:398,cluster,cross_species_WB,human,#34C9FF,Not assessed
human:Pallium-Glut:399,cluster,cross_species_WB,human,#93C7FB,Not assessed
human:Pallium-Glut:4,cluster,cross_species_WB,human,#48005C,Not assessed
human:Pallium-Glut:40,cluster,cross_species_WB,human,#F91196,Not assessed
human:Pallium-Glut:400,cluster,cross_species_WB,human,#36C8FF,Not assessed
human:Pallium-Glut:401,cluster,cross_species_WB,human,#90C6FB,Not assessed
human:Pallium-Glut:402,cluster,cross_species_WB,human,#39C8FE,Not assessed
human:Pallium-Glut:403,cluster,cross_species_WB,human,#8EC6FB,Not assessed
human:Pallium-Glut:404,cluster,cross_species_WB,human,#3BC7FE,Not assessed
human:Pallium-Glut:405,cluster,cross_species_WB,human,#8CC5FB,Not assessed
human:Pallium-Glut:406,cluster,cross_species_WB,human,#3EC7FE,Not assessed
human:Pallium-Glut:407,cluster,cross_species_WB,human,#89C5FB,Not assessed
human:Pallium-Glut:408,cluster,cross_species_WB,human,#40C6FE,Not assessed
human:Pallium-Glut:409,cluster,cross_species_WB,human,#CCFF25,Not assessed
human:Pallium-Glut:41,cluster,cross_species_WB,human,#BDFF26,Not assessed
human:Pallium-Glut:410,cluster,cross_species_WB,human,#B7B4FE,Not assessed
human:Pallium-Glut:411,cluster,cross_species_WB,human,#718EFF,Not assessed
human:Pallium-Glut:412,cluster,cross_species_WB,human,#B6B4FE,Not assessed
human:Pallium-Glut:413,cluster,cross_species_WB,human,#748FFF,Not assessed
human:Pallium-Glut:414,cluster,cross_species_WB,human,#B5B4FE,Not assessed
human:Pallium-Glut:415,cluster,cross_species_WB,human,#7890FF,Not assessed
human:Pallium-Glut:416,cluster,cross_species_WB,human,#B4B3FE,Not assessed
human:Pallium-Glut:417,cluster,cross_species_WB,human,#7B92FF,Not assessed
human:Pallium-Glut:418,cluster,cross_species_WB,human,#B3B4FE,Not assessed
human:Pallium-Glut:419,cluster,cross_species_WB,human,#7F94FF,Not assessed
human:Pallium-Glut:42,cluster,cross_species_WB,human,#900083,Not assessed
human:Pallium-Glut:420,cluster,cross_species_WB,human,#B3B4FE,Not assessed
human:Pallium-Glut:421,cluster,cross_species_WB,human,#8295FF,Not assessed
human:Pallium-Glut:422,cluster,cross_species_WB,human,#B1B2FE,Not assessed
human:Pallium-Glut:423,cluster,cross_species_WB,human,#44082C,Not assessed
human:Pallium-Glut:424,cluster,cross_species_WB,human,#25A781,Not assessed
human:Pallium-Glut:425,cluster,cross_species_WB,human,#72D4D4,Not assessed
human:Pallium-Glut:426,cluster,cross_species_WB,human,#26A883,Not assessed
human:Pallium-Glut:427,cluster,cross_species_WB,human,#70D4D3,Not assessed
human:Pallium-Glut:428,cluster,cross_species_WB,human,#26A984,Not assessed
human:Pallium-Glut:429,cluster,cross_species_WB,human,#6FD4D2,Not assessed
human:Pallium-Glut:43,cluster,cross_species_WB,human,#687EB3,Not assessed
human:Pallium-Glut:430,cluster,cross_species_WB,human,#A93EDD,Not assessed
human:Pallium-Glut:431,cluster,cross_species_WB,human,#27AA85,Not assessed
human:Pallium-Glut:432,cluster,cross_species_WB,human,#6ED3D2,Not assessed
human:Pallium-Glut:433,cluster,cross_species_WB,human,#5916AA,Not assessed
human:Pallium-Glut:434,cluster,cross_species_WB,human,#AF0DC6,Not assessed
human:Pallium-Glut:435,cluster,cross_species_WB,human,#A539DD,Not assessed
human:Pallium-Glut:436,cluster,cross_species_WB,human,#5D17AE,Not assessed
human:Pallium-Glut:437,cluster,cross_species_WB,human,#27AB87,Not assessed
human:Pallium-Glut:438,cluster,cross_species_WB,human,#6DD3D1,Not assessed
human:Pallium-Glut:439,cluster,cross_species_WB,human,#27AC88,Not assessed
human:Pallium-Glut:44,cluster,cross_species_WB,human,#2F5B74,Not assessed
human:Pallium-Glut:440,cluster,cross_species_WB,human,#6BD3D1,Not assessed
human:Pallium-Glut:441,cluster,cross_species_WB,human,#8300CF,Not assessed
human:Pallium-Glut:442,cluster,cross_species_WB,human,#E833FB,Not assessed
human:Pallium-Glut:443,cluster,cross_species_WB,human,#8800D3,Not assessed
human:Pallium-Glut:444,cluster,cross_species_WB,human,#E62FFC,Not assessed
human:Pallium-Glut:445,cluster,cross_species_WB,human,#610072,Not assessed
human:Pallium-Glut:446,cluster,cross_species_WB,human,#8C00D7,Not assessed
human:Pallium-Glut:447,cluster,cross_species_WB,human,#E42CFC,Not assessed
human:Pallium-Glut:448,cluster,cross_species_WB,human,#9100DA,Not assessed
human:Pallium-Glut:449,cluster,cross_species_WB,human,#E128FC,Not assessed
human:Pallium-Glut:45,cluster,cross_species_WB,human,#CDFDB5,Not assessed
human:Pallium-Glut:450,cluster,cross_species_WB,human,#0A4A1F,Not assessed
human:Pallium-Glut:451,cluster,cross_species_WB,human,#837638,Not assessed
human:Pallium-Glut:452,cluster,cross_species_WB,human,#158248,Not assessed
human:Pallium-Glut:453,cluster,cross_species_WB,human,#C9FDA8,Not assessed
human:Pallium-Glut:454,cluster,cross_species_WB,human,#B9FF41,Not assessed
human:Pallium-Glut:455,cluster,cross_species_WB,human,#BD03AE,Not assessed
human:Pallium-Glut:456,cluster,cross_species_WB,human,#C9FDA7,Not assessed
human:Pallium-Glut:457,cluster,cross_species_WB,human,#B9FF42,Not assessed
human:Pallium-Glut:458,cluster,cross_species_WB,human,#C9FDA5,Not assessed
human:Pallium-Glut:459,cluster,cross_species_WB,human,#B9FF43,Not assessed
human:Pallium-Glut:46,cluster,cross_species_WB,human,#667DB3,Not assessed
human:Pallium-Glut:460,cluster,cross_species_WB,human,#C8FDA4,Not assessed
human:Pallium-Glut:461,cluster,cross_species_WB,human,#B9FF44,Not assessed
human:Pallium-Glut:462,cluster,cross_species_WB,human,#C8FDA3,Not assessed
human:Pallium-Glut:463,cluster,cross_species_WB,human,#B9FF46,Not assessed
human:Pallium-Glut:464,cluster,cross_species_WB,human,#C7FDA2,Not assessed
human:Pallium-Glut:465,cluster,cross_species_WB,human,#B9FF47,Not assessed
human:Pallium-Glut:466,cluster,cross_species_WB,human,#C7FDA1,Not assessed
human:Pallium-Glut:467,cluster,cross_species_WB,human,#B9FF48,Not assessed
human:Pallium-Glut:468,cluster,cross_species_WB,human,#C6FDA0,Not assessed
human:Pallium-Glut:469,cluster,cross_species_WB,human,#650075,Not assessed
human:Pallium-Glut:47,cluster,cross_species_WB,human,#305C76,Not assessed
human:Pallium-Glut:470,cluster,cross_species_WB,human,#5474AD,Not assessed
human:Pallium-Glut:471,cluster,cross_species_WB,human,#B9FF49,Not assessed
human:Pallium-Glut:472,cluster,cross_species_WB,human,#C6FD9F,Not assessed
human:Pallium-Glut:473,cluster,cross_species_WB,human,#396486,Not assessed
human:Pallium-Glut:474,cluster,cross_species_WB,human,#5273AC,Not assessed
human:Pallium-Glut:475,cluster,cross_species_WB,human,#B9FF4A,Not assessed
human:Pallium-Glut:476,cluster,cross_species_WB,human,#C6FD9E,Not assessed
human:Pallium-Glut:477,cluster,cross_species_WB,human,#B9FF4B,Not assessed
human:Pallium-Glut:478,cluster,cross_species_WB,human,#C5FD9D,Not assessed
human:Pallium-Glut:479,cluster,cross_species_WB,human,#B8FF4C,Not assessed
human:Pallium-Glut:48,cluster,cross_species_WB,human,#647CB2,Not assessed
human:Pallium-Glut:480,cluster,cross_species_WB,human,#C5FD9C,Not assessed
human:Pallium-Glut:481,cluster,cross_species_WB,human,#B8FF4D,Not assessed
human:Pallium-Glut:482,cluster,cross_species_WB,human,#C5FD9B,Not assessed
human:Pallium-Glut:483,cluster,cross_species_WB,human,#B8FF4E,Not assessed
human:Pallium-Glut:484,cluster,cross_species_WB,human,#FF7080,Not assessed
human:Pallium-Glut:485,cluster,cross_species_WB,human,#7D4E87,Not assessed
human:Pallium-Glut:486,cluster,cross_species_WB,human,#FEBCB4,Not assessed
human:Pallium-Glut:487,cluster,cross_species_WB,human,#FF7482,Not assessed
human:Pallium-Glut:488,cluster,cross_species_WB,human,#FEBBB4,Not assessed
human:Pallium-Glut:489,cluster,cross_species_WB,human,#C4FD99,Not assessed
human:Pallium-Glut:49,cluster,cross_species_WB,human,#BDFF28,Not assessed
human:Pallium-Glut:490,cluster,cross_species_WB,human,#FF7884,Not assessed
human:Pallium-Glut:491,cluster,cross_species_WB,human,#FEBAB3,Not assessed
human:Pallium-Glut:492,cluster,cross_species_WB,human,#FF7C86,Not assessed
human:Pallium-Glut:493,cluster,cross_species_WB,human,#FEB9B3,Not assessed
human:Pallium-Glut:494,cluster,cross_species_WB,human,#B8FF4F,Not assessed
human:Pallium-Glut:495,cluster,cross_species_WB,human,#FF8089,Not assessed
human:Pallium-Glut:496,cluster,cross_species_WB,human,#FEB8B3,Not assessed
human:Pallium-Glut:497,cluster,cross_species_WB,human,#FF848B,Not assessed
human:Pallium-Glut:498,cluster,cross_species_WB,human,#FEB4AF,Not assessed
human:Pallium-Glut:499,cluster,cross_species_WB,human,#7CC4FF,Not assessed
human:Pallium-Glut:5,cluster,cross_species_WB,human,#144A9F,Not assessed
human:Pallium-Glut:50,cluster,cross_species_WB,human,#1BD1FF,Not assessed
human:Pallium-Glut:500,cluster,cross_species_WB,human,#6D028F,Not assessed
human:Pallium-Glut:501,cluster,cross_species_WB,human,#B3D2FE,Not assessed
human:Pallium-Glut:502,cluster,cross_species_WB,human,#8D2EFF,Not assessed
human:Pallium-Glut:503,cluster,cross_species_WB,human,#FF4481,Not assessed
human:Pallium-Glut:504,cluster,cross_species_WB,human,#FDA4AD,Not assessed
human:Pallium-Glut:505,cluster,cross_species_WB,human,#C931E1,Not assessed
human:Pallium-Glut:506,cluster,cross_species_WB,human,#E883E3,Not assessed
human:Pallium-Glut:507,cluster,cross_species_WB,human,#CD39E2,Not assessed
human:Pallium-Glut:508,cluster,cross_species_WB,human,#EDB5FD,Not assessed
human:Pallium-Glut:509,cluster,cross_species_WB,human,#8F30FF,Not assessed
human:Pallium-Glut:51,cluster,cross_species_WB,human,#ACCEFB,Not assessed
human:Pallium-Glut:510,cluster,cross_species_WB,human,#E77CE3,Not assessed
human:Pallium-Glut:511,cluster,cross_species_WB,human,#ECB5FD,Not assessed
human:Pallium-Glut:512,cluster,cross_species_WB,human,#9132FF,Not assessed
human:Pallium-Glut:513,cluster,cross_species_WB,human,#FF4982,Not assessed
human:Pallium-Glut:514,cluster,cross_species_WB,human,#FE9EA9,Not assessed
human:Pallium-Glut:515,cluster,cross_species_WB,human,#ECB5FD,Not assessed
human:Pallium-Glut:516,cluster,cross_species_WB,human,#1C3E9A,Not assessed
human:Pallium-Glut:517,cluster,cross_species_WB,human,#082B45,Not assessed
human:Pallium-Glut:518,cluster,cross_species_WB,human,#9334FF,Not assessed
human:Pallium-Glut:519,cluster,cross_species_WB,human,#1C3E99,Not assessed
human:Pallium-Glut:52,cluster,cross_species_WB,human,#CDFDB5,Not assessed
human:Pallium-Glut:520,cluster,cross_species_WB,human,#082A45,Not assessed
human:Pallium-Glut:521,cluster,cross_species_WB,human,#1B3E97,Not assessed
human:Pallium-Glut:522,cluster,cross_species_WB,human,#082A45,Not assessed
human:Pallium-Glut:523,cluster,cross_species_WB,human,#1B3E96,Not assessed
human:Pallium-Glut:524,cluster,cross_species_WB,human,#082A44,Not assessed
human:Pallium-Glut:525,cluster,cross_species_WB,human,#1A3E94,Not assessed
human:Pallium-Glut:526,cluster,cross_species_WB,human,#ECB4FD,Not assessed
human:Pallium-Glut:527,cluster,cross_species_WB,human,#9536FF,Not assessed
human:Pallium-Glut:528,cluster,cross_species_WB,human,#082A44,Not assessed
human:Pallium-Glut:529,cluster,cross_species_WB,human,#EBB2FD,Not assessed
human:Pallium-Glut:53,cluster,cross_species_WB,human,#BCFF29,Not assessed
human:Pallium-Glut:530,cluster,cross_species_WB,human,#9738FF,Not assessed
human:Pallium-Glut:531,cluster,cross_species_WB,human,#EAB0FD,Not assessed
human:Pallium-Glut:532,cluster,cross_species_WB,human,#993AFF,Not assessed
human:Pallium-Glut:533,cluster,cross_species_WB,human,#1A3E93,Not assessed
human:Pallium-Glut:534,cluster,cross_species_WB,human,#082944,Not assessed
human:Pallium-Glut:535,cluster,cross_species_WB,human,#1A3D91,Not assessed
human:Pallium-Glut:536,cluster,cross_species_WB,human,#E9AEFD,Not assessed
human:Pallium-Glut:537,cluster,cross_species_WB,human,#9B3CFF,Not assessed
human:Pallium-Glut:538,cluster,cross_species_WB,human,#E8ACFD,Not assessed
human:Pallium-Glut:539,cluster,cross_species_WB,human,#082944,Not assessed
human:Pallium-Glut:54,cluster,cross_species_WB,human,#7FD4D7,Not assessed
human:Pallium-Glut:540,cluster,cross_species_WB,human,#9D3EFF,Not assessed
human:Pallium-Glut:541,cluster,cross_species_WB,human,#193D90,Not assessed
human:Pallium-Glut:542,cluster,cross_species_WB,human,#082944,Not assessed
human:Pallium-Glut:543,cluster,cross_species_WB,human,#193D8E,Not assessed
human:Pallium-Glut:544,cluster,cross_species_WB,human,#082944,Not assessed
human:Pallium-Glut:545,cluster,cross_species_WB,human,#183D8D,Not assessed
human:Pallium-Glut:546,cluster,cross_species_WB,human,#BDD393,Not assessed
human:Pallium-Glut:547,cluster,cross_species_WB,human,#082844,Not assessed
human:Pallium-Glut:548,cluster,cross_species_WB,human,#FF878D,Not assessed
human:Pallium-Glut:549,cluster,cross_species_WB,human,#B3C765,Not assessed
human:Pallium-Glut:55,cluster,cross_species_WB,human,#229C75,Not assessed
human:Pallium-Glut:550,cluster,cross_species_WB,human,#FEAFAB,Not assessed
human:Pallium-Glut:551,cluster,cross_species_WB,human,#183C8B,Not assessed
human:Pallium-Glut:552,cluster,cross_species_WB,human,#FF4F84,Not assessed
human:Pallium-Glut:553,cluster,cross_species_WB,human,#082844,Not assessed
human:Pallium-Glut:554,cluster,cross_species_WB,human,#183C8A,Not assessed
human:Pallium-Glut:555,cluster,cross_species_WB,human,#082844,Not assessed
human:Pallium-Glut:556,cluster,cross_species_WB,human,#9690D2,Not assessed
human:Pallium-Glut:557,cluster,cross_species_WB,human,#676CC7,Not assessed
human:Pallium-Glut:558,cluster,cross_species_WB,human,#928DD1,Not assessed
human:Pallium-Glut:559,cluster,cross_species_WB,human,#696EC8,Not assessed
human:Pallium-Glut:56,cluster,cross_species_WB,human,#AF2006,Not assessed
human:Pallium-Glut:560,cluster,cross_species_WB,human,#8F8AD0,Not assessed
human:Pallium-Glut:561,cluster,cross_species_WB,human,#1949B5,Not assessed
human:Pallium-Glut:562,cluster,cross_species_WB,human,#2D45DC,Not assessed
human:Pallium-Glut:563,cluster,cross_species_WB,human,#BB03AD,Not assessed
human:Pallium-Glut:564,cluster,cross_species_WB,human,#680078,Not assessed
human:Pallium-Glut:565,cluster,cross_species_WB,human,#B802AC,Not assessed
human:Pallium-Glut:566,cluster,cross_species_WB,human,#173C88,Not assessed
human:Pallium-Glut:567,cluster,cross_species_WB,human,#921A43,Not assessed
human:Pallium-Glut:568,cluster,cross_species_WB,human,#BDFD77,Not assessed
human:Pallium-Glut:569,cluster,cross_species_WB,human,#CBFF28,Not assessed
human:Pallium-Glut:57,cluster,cross_species_WB,human,#434DDD,Not assessed
human:Pallium-Glut:570,cluster,cross_species_WB,human,#9500DE,Not assessed
human:Pallium-Glut:571,cluster,cross_species_WB,human,#DF24FC,Not assessed
human:Pallium-Glut:572,cluster,cross_species_WB,human,#9A00E1,Not assessed
human:Pallium-Glut:573,cluster,cross_species_WB,human,#44082C,Not assessed
human:Pallium-Glut:574,cluster,cross_species_WB,human,#13FED0,Not assessed
human:Pallium-Glut:575,cluster,cross_species_WB,human,#481D80,Not assessed
human:Pallium-Glut:576,cluster,cross_species_WB,human,#7A2EB2,Not assessed
human:Pallium-Glut:577,cluster,cross_species_WB,human,#EE8B3F,Not assessed
human:Pallium-Glut:578,cluster,cross_species_WB,human,#BD2A08,Not assessed
human:Pallium-Glut:579,cluster,cross_species_WB,human,#BCD28F,Not assessed
human:Pallium-Glut:58,cluster,cross_species_WB,human,#A31F45,Not assessed
human:Pallium-Glut:580,cluster,cross_species_WB,human,#DC20FC,Not assessed
human:Pallium-Glut:581,cluster,cross_species_WB,human,#EE8A3D,Not assessed
human:Pallium-Glut:582,cluster,cross_species_WB,human,#3C862D,Not assessed
human:Pallium-Glut:583,cluster,cross_species_WB,human,#A7008E,Not assessed
human:Pallium-Glut:584,cluster,cross_species_WB,human,#ED039A,Not assessed
human:Pallium-Glut:585,cluster,cross_species_WB,human,#681FB2,Not assessed
human:Pallium-Glut:586,cluster,cross_species_WB,human,#8DFF7A,Not assessed
human:Pallium-Glut:587,cluster,cross_species_WB,human,#B3FEB7,Not assessed
human:Pallium-Glut:588,cluster,cross_species_WB,human,#284613,Not assessed
human:Pallium-Glut:589,cluster,cross_species_WB,human,#3C842C,Not assessed
human:Pallium-Glut:59,cluster,cross_species_WB,human,#FF647B,Not assessed
human:Pallium-Glut:590,cluster,cross_species_WB,human,#FD1E4F,Not assessed
human:Pallium-Glut:591,cluster,cross_species_WB,human,#294814,Not assessed
human:Pallium-Glut:592,cluster,cross_species_WB,human,#911A43,Not assessed
human:Pallium-Glut:593,cluster,cross_species_WB,human,#BDFD74,Not assessed
human:Pallium-Glut:594,cluster,cross_species_WB,human,#44082C,Not assessed
human:Pallium-Glut:595,cluster,cross_species_WB,human,#901943,Not assessed
human:Pallium-Glut:596,cluster,cross_species_WB,human,#9E00E5,Not assessed
human:Pallium-Glut:597,cluster,cross_species_WB,human,#CAFF2B,Not assessed
human:Pallium-Glut:598,cluster,cross_species_WB,human,#AA008F,Not assessed
human:Pallium-Glut:599,cluster,cross_species_WB,human,#EB039A,Not assessed
human:Pallium-Glut:6,cluster,cross_species_WB,human,#464FDD,Not assessed
human:Pallium-Glut:60,cluster,cross_species_WB,human,#45072F,Not assessed
human:Pallium-Glut:600,cluster,cross_species_WB,human,#AC0090,Not assessed
human:Pallium-Glut:601,cluster,cross_species_WB,human,#C4FD98,Not assessed
human:Pallium-Glut:602,cluster,cross_species_WB,human,#3A6487,Not assessed
human:Pallium-Glut:603,cluster,cross_species_WB,human,#B8FF50,Not assessed
human:Pallium-Glut:604,cluster,cross_species_WB,human,#5173AA,Not assessed
human:Pallium-Glut:605,cluster,cross_species_WB,human,#3B832B,Not assessed
human:Pallium-Glut:606,cluster,cross_species_WB,human,#960200,Not assessed
human:Pallium-Glut:607,cluster,cross_species_WB,human,#FA5A08,Not assessed
human:Pallium-Glut:608,cluster,cross_species_WB,human,#990300,Not assessed
human:Pallium-Glut:609,cluster,cross_species_WB,human,#FA5605,Not assessed
human:Pallium-Glut:61,cluster,cross_species_WB,human,#072D45,Not assessed
human:Pallium-Glut:610,cluster,cross_species_WB,human,#9C0500,Not assessed
human:Pallium-Glut:611,cluster,cross_species_WB,human,#F75305,Not assessed
human:Pallium-Glut:612,cluster,cross_species_WB,human,#9F0600,Not assessed
human:Pallium-Glut:613,cluster,cross_species_WB,human,#F54F04,Not assessed
human:Pallium-Glut:614,cluster,cross_species_WB,human,#A20800,Not assessed
human:Pallium-Glut:615,cluster,cross_species_WB,human,#F24C04,Not assessed
human:Pallium-Glut:616,cluster,cross_species_WB,human,#A50A00,Not assessed
human:Pallium-Glut:617,cluster,cross_species_WB,human,#F04904,Not assessed
human:Pallium-Glut:618,cluster,cross_species_WB,human,#A80B00,Not assessed
human:Pallium-Glut:619,cluster,cross_species_WB,human,#ED4603,Not assessed
human:Pallium-Glut:62,cluster,cross_species_WB,human,#8526FF,Not assessed
human:Pallium-Glut:620,cluster,cross_species_WB,human,#87C5FB,Not assessed
human:Pallium-Glut:621,cluster,cross_species_WB,human,#42C6FE,Not assessed
human:Pallium-Glut:622,cluster,cross_species_WB,human,#85C4FB,Not assessed
human:Pallium-Glut:623,cluster,cross_species_WB,human,#C3FE97,Not assessed
human:Pallium-Glut:624,cluster,cross_species_WB,human,#28AD89,Not assessed
human:Pallium-Glut:625,cluster,cross_species_WB,human,#6AD3D0,Not assessed
human:Pallium-Glut:626,cluster,cross_species_WB,human,#B8FF51,Not assessed
human:Pallium-Glut:627,cluster,cross_species_WB,human,#45C5FE,Not assessed
human:Pallium-Glut:628,cluster,cross_species_WB,human,#BDFD71,Not assessed
human:Pallium-Glut:629,cluster,cross_species_WB,human,#28AE8B,Not assessed
human:Pallium-Glut:63,cluster,cross_species_WB,human,#1F3FA3,Not assessed
human:Pallium-Glut:630,cluster,cross_species_WB,human,#69D3D0,Not assessed
human:Pallium-Glut:631,cluster,cross_species_WB,human,#29AF8C,Not assessed
human:Pallium-Glut:632,cluster,cross_species_WB,human,#68D2CF,Not assessed
human:Pallium-Glut:633,cluster,cross_species_WB,human,#AB0D00,Not assessed
human:Pallium-Glut:634,cluster,cross_species_WB,human,#29B08D,Not assessed
human:Pallium-Glut:635,cluster,cross_species_WB,human,#1949B7,Not assessed
human:Pallium-Glut:636,cluster,cross_species_WB,human,#2A44DC,Not assessed
human:Pallium-Glut:637,cluster,cross_species_WB,human,#1A49BA,Not assessed
human:Pallium-Glut:638,cluster,cross_species_WB,human,#BE2C08,Not assessed
human:Pallium-Glut:639,cluster,cross_species_WB,human,#EE883C,Not assessed
human:Pallium-Glut:64,cluster,cross_species_WB,human,#900001,Not assessed
human:Pallium-Glut:640,cluster,cross_species_WB,human,#2743DC,Not assessed
human:Pallium-Glut:641,cluster,cross_species_WB,human,#C02D08,Not assessed
human:Pallium-Glut:642,cluster,cross_species_WB,human,#EE873A,Not assessed
human:Pallium-Glut:643,cluster,cross_species_WB,human,#C12E08,Not assessed
human:Pallium-Glut:644,cluster,cross_species_WB,human,#67D2CE,Not assessed
human:Pallium-Glut:645,cluster,cross_species_WB,human,#ADAB54,Not assessed
human:Pallium-Glut:646,cluster,cross_species_WB,human,#FFF226,Not assessed
human:Pallium-Glut:647,cluster,cross_species_WB,human,#EE8539,Not assessed
human:Pallium-Glut:648,cluster,cross_species_WB,human,#C22F09,Not assessed
human:Pallium-Glut:649,cluster,cross_species_WB,human,#44082C,Not assessed
human:Pallium-Glut:65,cluster,cross_species_WB,human,#EE994D,Not assessed
human:Pallium-Glut:650,cluster,cross_species_WB,human,#8E1942,Not assessed
human:Pallium-Glut:651,cluster,cross_species_WB,human,#44082B,Not assessed
human:Pallium-Glut:652,cluster,cross_species_WB,human,#092744,Not assessed
human:Pallium-Glut:653,cluster,cross_species_WB,human,#6B007A,Not assessed
human:Pallium-Glut:654,cluster,cross_species_WB,human,#EE8337,Not assessed
human:Pallium-Glut:655,cluster,cross_species_WB,human,#E70053,Not assessed
human:Pallium-Glut:656,cluster,cross_species_WB,human,#B502AB,Not assessed
human:Pallium-Glut:657,cluster,cross_species_WB,human,#1B5A50,Not assessed
human:Pallium-Glut:658,cluster,cross_species_WB,human,#82C4FB,Not assessed
human:Pallium-Glut:659,cluster,cross_species_WB,human,#47C5FE,Not assessed
human:Pallium-Glut:66,cluster,cross_species_WB,human,#EEB5FD,Not assessed
human:Pallium-Glut:660,cluster,cross_species_WB,human,#80C4FB,Not assessed
human:Pallium-Glut:661,cluster,cross_species_WB,human,#4AC4FD,Not assessed
human:Pallium-Glut:662,cluster,cross_species_WB,human,#7EC3FB,Not assessed
human:Pallium-Glut:663,cluster,cross_species_WB,human,#4CC4FD,Not assessed
human:Pallium-Glut:664,cluster,cross_species_WB,human,#7CC3FB,Not assessed
human:Pallium-Glut:665,cluster,cross_species_WB,human,#4EC4FD,Not assessed
human:Pallium-Glut:666,cluster,cross_species_WB,human,#79C3FB,Not assessed
human:Pallium-Glut:667,cluster,cross_species_WB,human,#24716B,Not assessed
human:Pallium-Glut:668,cluster,cross_species_WB,human,#C9FF2E,Not assessed
human:Pallium-Glut:669,cluster,cross_species_WB,human,#BDFD6D,Not assessed
human:Pallium-Glut:67,cluster,cross_species_WB,human,#706E00,Not assessed
human:Pallium-Glut:670,cluster,cross_species_WB,human,#8697FF,Not assessed
human:Pallium-Glut:671,cluster,cross_species_WB,human,#1C5E54,Not assessed
human:Pallium-Glut:672,cluster,cross_species_WB,human,#C7FF31,Not assessed
human:Pallium-Glut:673,cluster,cross_species_WB,human,#BDFD6A,Not assessed
human:Pallium-Glut:674,cluster,cross_species_WB,human,#226E66,Not assessed
human:Pallium-Glut:675,cluster,cross_species_WB,human,#5C834A,Not assessed
human:Pallium-Glut:676,cluster,cross_species_WB,human,#ADB0FE,Not assessed
human:Pallium-Glut:677,cluster,cross_species_WB,human,#29B18F,Not assessed
human:Pallium-Glut:678,cluster,cross_species_WB,human,#65D2CE,Not assessed
human:Pallium-Glut:679,cluster,cross_species_WB,human,#2AB290,Not assessed
human:Pallium-Glut:68,cluster,cross_species_WB,human,#7ED4D6,Not assessed
human:Pallium-Glut:680,cluster,cross_species_WB,human,#64D2CD,Not assessed
human:Pallium-Glut:681,cluster,cross_species_WB,human,#2AB391,Not assessed
human:Pallium-Glut:682,cluster,cross_species_WB,human,#A134DC,Not assessed
human:Pallium-Glut:683,cluster,cross_species_WB,human,#63D1CC,Not assessed
human:Pallium-Glut:684,cluster,cross_species_WB,human,#2BB593,Not assessed
human:Pallium-Glut:685,cluster,cross_species_WB,human,#62D1CC,Not assessed
human:Pallium-Glut:686,cluster,cross_species_WB,human,#DA1DFD,Not assessed
human:Pallium-Glut:687,cluster,cross_species_WB,human,#2BB694,Not assessed
human:Pallium-Glut:688,cluster,cross_species_WB,human,#C3FE96,Not assessed
human:Pallium-Glut:689,cluster,cross_species_WB,human,#B8FF52,Not assessed
human:Pallium-Glut:69,cluster,cross_species_WB,human,#D03F00,Not assessed
human:Pallium-Glut:690,cluster,cross_species_WB,human,#C3FE95,Not assessed
human:Pallium-Glut:691,cluster,cross_species_WB,human,#61CC5C,Not assessed
human:Pallium-Glut:692,cluster,cross_species_WB,human,#6F007D,Not assessed
human:Pallium-Glut:693,cluster,cross_species_WB,human,#B8FF53,Not assessed
human:Pallium-Glut:694,cluster,cross_species_WB,human,#C2FE94,Not assessed
human:Pallium-Glut:695,cluster,cross_species_WB,human,#B8FF55,Not assessed
human:Pallium-Glut:696,cluster,cross_species_WB,human,#C2FE93,Not assessed
human:Pallium-Glut:697,cluster,cross_species_WB,human,#B8FF56,Not assessed
human:Pallium-Glut:698,cluster,cross_species_WB,human,#B302AA,Not assessed
human:Pallium-Glut:699,cluster,cross_species_WB,human,#C2FE92,Not assessed
human:Pallium-Glut:7,cluster,cross_species_WB,human,#144AA2,Not assessed
human:Pallium-Glut:70,cluster,cross_species_WB,human,#CB0058,Not assessed
human:Pallium-Glut:700,cluster,cross_species_WB,human,#B8FF57,Not assessed
human:Pallium-Glut:701,cluster,cross_species_WB,human,#FF8B90,Not assessed
human:Pallium-Glut:702,cluster,cross_species_WB,human,#C1FE91,Not assessed
human:Pallium-Glut:703,cluster,cross_species_WB,human,#E9039A,Not assessed
human:Pallium-Glut:704,cluster,cross_species_WB,human,#E7AAFD,Not assessed
human:Pallium-Glut:705,cluster,cross_species_WB,human,#82C5FF,Not assessed
human:Pallium-Glut:706,cluster,cross_species_WB,human,#2E004C,Not assessed
human:Pallium-Glut:707,cluster,cross_species_WB,human,#B1D2FE,Not assessed
human:Pallium-Glut:708,cluster,cross_species_WB,human,#9F40FF,Not assessed
human:Pallium-Glut:709,cluster,cross_species_WB,human,#D141E2,Not assessed
human:Pallium-Glut:71,cluster,cross_species_WB,human,#FB3856,Not assessed
human:Pallium-Glut:710,cluster,cross_species_WB,human,#FE99A5,Not assessed
human:Pallium-Glut:711,cluster,cross_species_WB,human,#E6A8FD,Not assessed
human:Pallium-Glut:712,cluster,cross_species_WB,human,#A142FF,Not assessed
human:Pallium-Glut:713,cluster,cross_species_WB,human,#E5A5FD,Not assessed
human:Pallium-Glut:714,cluster,cross_species_WB,human,#A244FF,Not assessed
human:Pallium-Glut:715,cluster,cross_species_WB,human,#E4A3FD,Not assessed
human:Pallium-Glut:716,cluster,cross_species_WB,human,#173C87,Not assessed
human:Pallium-Glut:717,cluster,cross_species_WB,human,#092845,Not assessed
human:Pallium-Glut:718,cluster,cross_species_WB,human,#A446FF,Not assessed
human:Pallium-Glut:719,cluster,cross_species_WB,human,#E4A1FD,Not assessed
human:Pallium-Glut:72,cluster,cross_species_WB,human,#2D8887,Not assessed
human:Pallium-Glut:720,cluster,cross_species_WB,human,#A648FF,Not assessed
human:Pallium-Glut:721,cluster,cross_species_WB,human,#E39FFD,Not assessed
human:Pallium-Glut:722,cluster,cross_species_WB,human,#A84AFF,Not assessed
human:Pallium-Glut:723,cluster,cross_species_WB,human,#163B85,Not assessed
human:Pallium-Glut:724,cluster,cross_species_WB,human,#B3C869,Not assessed
human:Pallium-Glut:725,cluster,cross_species_WB,human,#BAD18B,Not assessed
human:Pallium-Glut:726,cluster,cross_species_WB,human,#B8FF58,Not assessed
human:Pallium-Glut:727,cluster,cross_species_WB,human,#B4C96D,Not assessed
human:Pallium-Glut:728,cluster,cross_species_WB,human,#6C70C9,Not assessed
human:Pallium-Glut:729,cluster,cross_species_WB,human,#8C88D0,Not assessed
human:Pallium-Glut:73,cluster,cross_species_WB,human,#CF0058,Not assessed
human:Pallium-Glut:730,cluster,cross_species_WB,human,#1B49BC,Not assessed
human:Pallium-Glut:731,cluster,cross_species_WB,human,#C43009,Not assessed
human:Pallium-Glut:732,cluster,cross_species_WB,human,#720080,Not assessed
human:Pallium-Glut:733,cluster,cross_species_WB,human,#C1FE90,Not assessed
human:Pallium-Glut:734,cluster,cross_species_WB,human,#60D1CB,Not assessed
human:Pallium-Glut:735,cluster,cross_species_WB,human,#B9FF59,Not assessed
human:Pallium-Glut:736,cluster,cross_species_WB,human,#8D1842,Not assessed
human:Pallium-Glut:737,cluster,cross_species_WB,human,#44082B,Not assessed
human:Pallium-Glut:738,cluster,cross_species_WB,human,#8C1842,Not assessed
human:Pallium-Glut:739,cluster,cross_species_WB,human,#44082B,Not assessed
human:Pallium-Glut:74,cluster,cross_species_WB,human,#14473B,Not assessed
human:Pallium-Glut:740,cluster,cross_species_WB,human,#2A4A15,Not assessed
human:Pallium-Glut:741,cluster,cross_species_WB,human,#AF0090,Not assessed
human:Pallium-Glut:742,cluster,cross_species_WB,human,#C1FE8E,Not assessed
human:Pallium-Glut:743,cluster,cross_species_WB,human,#092947,Not assessed
human:Pallium-Glut:744,cluster,cross_species_WB,human,#EA4303,Not assessed
human:Pallium-Glut:745,cluster,cross_species_WB,human,#AD0F00,Not assessed
human:Pallium-Glut:746,cluster,cross_species_WB,human,#2BB795,Not assessed
human:Pallium-Glut:747,cluster,cross_species_WB,human,#5FD1CB,Not assessed
human:Pallium-Glut:748,cluster,cross_species_WB,human,#E84003,Not assessed
human:Pallium-Glut:749,cluster,cross_species_WB,human,#EE8235,Not assessed
human:Pallium-Glut:75,cluster,cross_species_WB,human,#2C8482,Not assessed
human:Pallium-Glut:750,cluster,cross_species_WB,human,#2CB897,Not assessed
human:Pallium-Glut:751,cluster,cross_species_WB,human,#C6FF35,Not assessed
human:Pallium-Glut:752,cluster,cross_species_WB,human,#B9FF5A,Not assessed
human:Pallium-Glut:753,cluster,cross_species_WB,human,#6218B3,Not assessed
human:Pallium-Glut:754,cluster,cross_species_WB,human,#9D2FDC,Not assessed
human:Pallium-Glut:755,cluster,cross_species_WB,human,#A300E8,Not assessed
human:Pallium-Glut:756,cluster,cross_species_WB,human,#E7039A,Not assessed
human:Pallium-Glut:757,cluster,cross_species_WB,human,#D719FD,Not assessed
human:Pallium-Glut:758,cluster,cross_species_WB,human,#B10091,Not assessed
human:Pallium-Glut:759,cluster,cross_species_WB,human,#630286,Not assessed
human:Pallium-Glut:76,cluster,cross_species_WB,human,#A11E45,Not assessed
human:Pallium-Glut:760,cluster,cross_species_WB,human,#FF5485,Not assessed
human:Pallium-Glut:761,cluster,cross_species_WB,human,#E29DFD,Not assessed
human:Pallium-Glut:762,cluster,cross_species_WB,human,#AA4CFF,Not assessed
human:Pallium-Glut:763,cluster,cross_species_WB,human,#E19BFD,Not assessed
human:Pallium-Glut:764,cluster,cross_species_WB,human,#8A1842,Not assessed
human:Pallium-Glut:765,cluster,cross_species_WB,human,#C1FE8D,Not assessed
human:Pallium-Glut:766,cluster,cross_species_WB,human,#44082B,Not assessed
human:Pallium-Glut:767,cluster,cross_species_WB,human,#891741,Not assessed
human:Pallium-Glut:768,cluster,cross_species_WB,human,#44092A,Not assessed
human:Pallium-Glut:769,cluster,cross_species_WB,human,#871741,Not assessed
human:Pallium-Glut:77,cluster,cross_species_WB,human,#154B3F,Not assessed
human:Pallium-Glut:770,cluster,cross_species_WB,human,#45092B,Not assessed
human:Pallium-Glut:771,cluster,cross_species_WB,human,#861741,Not assessed
human:Pallium-Glut:772,cluster,cross_species_WB,human,#46092B,Not assessed
human:Pallium-Glut:773,cluster,cross_species_WB,human,#163B84,Not assessed
human:Pallium-Glut:774,cluster,cross_species_WB,human,#092A49,Not assessed
human:Pallium-Glut:775,cluster,cross_species_WB,human,#163B82,Not assessed
human:Pallium-Glut:776,cluster,cross_species_WB,human,#0A2A4A,Not assessed
human:Pallium-Glut:777,cluster,cross_species_WB,human,#153B81,Not assessed
human:Pallium-Glut:78,cluster,cross_species_WB,human,#1DD0FF,Not assessed
human:Pallium-Glut:79,cluster,cross_species_WB,human,#A9CEFB,Not assessed
human:Pallium-Glut:8,cluster,cross_species_WB,human,#219B73,Not assessed
human:Pallium-Glut:80,cluster,cross_species_WB,human,#1FCFFF,Not assessed
human:Pallium-Glut:81,cluster,cross_species_WB,human,#A7CDFB,Not assessed
human:Pallium-Glut:82,cluster,cross_species_WB,human,#21CEFF,Not assessed
human:Pallium-Glut:83,cluster,cross_species_WB,human,#6289FF,Not assessed
human:Pallium-Glut:84,cluster,cross_species_WB,human,#B9B4FD,Not assessed
human:Pallium-Glut:85,cluster,cross_species_WB,human,#668AFF,Not assessed
human:Pallium-Glut:86,cluster,cross_species_WB,human,#B8B4FE,Not assessed
human:Pallium-Glut:87,cluster,cross_species_WB,human,#698BFF,Not assessed
human:Pallium-Glut:88,cluster,cross_species_WB,human,#45082F,Not assessed
human:Pallium-Glut:89,cluster,cross_species_WB,human,#A01E45,Not assessed
human:Pallium-Glut:9,cluster,cross_species_WB,human,#7B00C8,Not assessed
human:Pallium-Glut:90,cluster,cross_species_WB,human,#B7B4FE,Not assessed
human:Pallium-Glut:91,cluster,cross_species_WB,human,#45082F,Not assessed
human:Pallium-Glut:92,cluster,cross_species_WB,human,#B02106,Not assessed
human:Pallium-Glut:93,cluster,cross_species_WB,human,#EE974C,Not assessed
human:Pallium-Glut:94,cluster,cross_species_WB,human,#B22206,Not assessed
human:Pallium-Glut:95,cluster,cross_species_WB,human,#B2C353,Not assessed
human:Pallium-Glut:96,cluster,cross_species_WB,human,#EC3BFB,Not assessed
human:Pallium-Glut:97,cluster,cross_species_WB,human,#7F00CC,Not assessed
human:Pallium-Glut:98,cluster,cross_species_WB,human,#09441B,Not assessed
human:Pallium-Glut:99,cluster,cross_species_WB,human,#4B005F,Not assessed
human:Subpallium-GABA:1,cluster,cross_species_WB,human,#FF190D,Not assessed
human:Subpallium-GABA:10,cluster,cross_species_WB,human,#391E29,Not assessed
human:Subpallium-GABA:100,cluster,cross_species_WB,human,#B63600,Not assessed
human:Subpallium-GABA:101,cluster,cross_species_WB,human,#14FFD1,Not assessed
human:Subpallium-GABA:102,cluster,cross_species_WB,human,#88ECFC,Not assessed
human:Subpallium-GABA:103,cluster,cross_species_WB,human,#18FFD4,Not assessed
human:Subpallium-GABA:104,cluster,cross_species_WB,human,#85EDFC,Not assessed
human:Subpallium-GABA:105,cluster,cross_species_WB,human,#CBC712,Not assessed
human:Subpallium-GABA:106,cluster,cross_species_WB,human,#613F03,Not assessed
human:Subpallium-GABA:107,cluster,cross_species_WB,human,#401B19,Not assessed
human:Subpallium-GABA:108,cluster,cross_species_WB,human,#C9C411,Not assessed
human:Subpallium-GABA:109,cluster,cross_species_WB,human,#6717AC,Not assessed
human:Subpallium-GABA:11,cluster,cross_species_WB,human,#8E6164,Not assessed
human:Subpallium-GABA:110,cluster,cross_species_WB,human,#BD5535,Not assessed
human:Subpallium-GABA:111,cluster,cross_species_WB,human,#D6B388,Not assessed
human:Subpallium-GABA:112,cluster,cross_species_WB,human,#F80400,Not assessed
human:Subpallium-GABA:113,cluster,cross_species_WB,human,#C05836,Not assessed
human:Subpallium-GABA:114,cluster,cross_species_WB,human,#C43843,Not assessed
human:Subpallium-GABA:115,cluster,cross_species_WB,human,#204C25,Not assessed
human:Subpallium-GABA:116,cluster,cross_species_WB,human,#00753F,Not assessed
human:Subpallium-GABA:117,cluster,cross_species_WB,human,#1B4E00,Not assessed
human:Subpallium-GABA:118,cluster,cross_species_WB,human,#07DD0A,Not assessed
human:Subpallium-GABA:119,cluster,cross_species_WB,human,#FABC4E,Not assessed
human:Subpallium-GABA:12,cluster,cross_species_WB,human,#004C47,Not assessed
human:Subpallium-GABA:120,cluster,cross_species_WB,human,#1B5000,Not assessed
human:Subpallium-GABA:121,cluster,cross_species_WB,human,#30C9FF,Not assessed
human:Subpallium-GABA:122,cluster,cross_species_WB,human,#B73700,Not assessed
human:Subpallium-GABA:123,cluster,cross_species_WB,human,#B5D0FD,Not assessed
human:Subpallium-GABA:124,cluster,cross_species_WB,human,#FABB4D,Not assessed
human:Subpallium-GABA:125,cluster,cross_species_WB,human,#CC04A0,Not assessed
human:Subpallium-GABA:126,cluster,cross_species_WB,human,#32C8FF,Not assessed
human:Subpallium-GABA:127,cluster,cross_species_WB,human,#B4D0FD,Not assessed
human:Subpallium-GABA:128,cluster,cross_species_WB,human,#FCBA8D,Not assessed
human:Subpallium-GABA:129,cluster,cross_species_WB,human,#FF2212,Not assessed
human:Subpallium-GABA:13,cluster,cross_species_WB,human,#067DAD,Not assessed
human:Subpallium-GABA:130,cluster,cross_species_WB,human,#FCB78A,Not assessed
human:Subpallium-GABA:131,cluster,cross_species_WB,human,#FFBE58,Not assessed
human:Subpallium-GABA:132,cluster,cross_species_WB,human,#FF2615,Not assessed
human:Subpallium-GABA:133,cluster,cross_species_WB,human,#FDFAB4,Not assessed
human:Subpallium-GABA:134,cluster,cross_species_WB,human,#FCB588,Not assessed
human:Subpallium-GABA:135,cluster,cross_species_WB,human,#B5E7FD,Not assessed
human:Subpallium-GABA:136,cluster,cross_species_WB,human,#FFC05A,Not assessed
human:Subpallium-GABA:137,cluster,cross_species_WB,human,#52FFF8,Not assessed
human:Subpallium-GABA:138,cluster,cross_species_WB,human,#B5E7FD,Not assessed
human:Subpallium-GABA:139,cluster,cross_species_WB,human,#52FFF8,Not assessed
human:Subpallium-GABA:14,cluster,cross_species_WB,human,#004C47,Not assessed
human:Subpallium-GABA:140,cluster,cross_species_WB,human,#B5E8FD,Not assessed
human:Subpallium-GABA:141,cluster,cross_species_WB,human,#53FFF9,Not assessed
human:Subpallium-GABA:142,cluster,cross_species_WB,human,#B5E8FD,Not assessed
human:Subpallium-GABA:143,cluster,cross_species_WB,human,#53FFF9,Not assessed
human:Subpallium-GABA:144,cluster,cross_species_WB,human,#B5E8FD,Not assessed
human:Subpallium-GABA:145,cluster,cross_species_WB,human,#54FFF9,Not assessed
human:Subpallium-GABA:146,cluster,cross_species_WB,human,#B5E8FD,Not assessed
human:Subpallium-GABA:147,cluster,cross_species_WB,human,#3D202C,Not assessed
human:Subpallium-GABA:148,cluster,cross_species_WB,human,#8B5E62,Not assessed
human:Subpallium-GABA:149,cluster,cross_species_WB,human,#FF2A18,Not assessed
human:Subpallium-GABA:15,cluster,cross_species_WB,human,#0FEB00,Not assessed
human:Subpallium-GABA:150,cluster,cross_species_WB,human,#3D202C,Not assessed
human:Subpallium-GABA:151,cluster,cross_species_WB,human,#FDFAB4,Not assessed
human:Subpallium-GABA:152,cluster,cross_species_WB,human,#8B5E61,Not assessed
human:Subpallium-GABA:153,cluster,cross_species_WB,human,#55FFF9,Not assessed
human:Subpallium-GABA:154,cluster,cross_species_WB,human,#3E212D,Not assessed
human:Subpallium-GABA:155,cluster,cross_species_WB,human,#B5E8FD,Not assessed
human:Subpallium-GABA:156,cluster,cross_species_WB,human,#8A5D61,Not assessed
human:Subpallium-GABA:157,cluster,cross_species_WB,human,#3F212D,Not assessed
human:Subpallium-GABA:158,cluster,cross_species_WB,human,#8A5C60,Not assessed
human:Subpallium-GABA:159,cluster,cross_species_WB,human,#057BA8,Not assessed
human:Subpallium-GABA:16,cluster,cross_species_WB,human,#63FB8E,Not assessed
human:Subpallium-GABA:160,cluster,cross_species_WB,human,#3F222E,Not assessed
human:Subpallium-GABA:161,cluster,cross_species_WB,human,#004C48,Not assessed
human:Subpallium-GABA:162,cluster,cross_species_WB,human,#09F500,Not assessed
human:Subpallium-GABA:163,cluster,cross_species_WB,human,#59FC83,Not assessed
human:Subpallium-GABA:164,cluster,cross_species_WB,human,#057BA7,Not assessed
human:Subpallium-GABA:165,cluster,cross_species_WB,human,#06F800,Not assessed
human:Subpallium-GABA:166,cluster,cross_species_WB,human,#56FC7F,Not assessed
human:Subpallium-GABA:167,cluster,cross_species_WB,human,#04FB00,Not assessed
human:Subpallium-GABA:168,cluster,cross_species_WB,human,#004C48,Not assessed
human:Subpallium-GABA:169,cluster,cross_species_WB,human,#895C60,Not assessed
human:Subpallium-GABA:17,cluster,cross_species_WB,human,#0DEE00,Not assessed
human:Subpallium-GABA:170,cluster,cross_species_WB,human,#40222E,Not assessed
human:Subpallium-GABA:171,cluster,cross_species_WB,human,#885B5F,Not assessed
human:Subpallium-GABA:172,cluster,cross_species_WB,human,#41232F,Not assessed
human:Subpallium-GABA:173,cluster,cross_species_WB,human,#885B5F,Not assessed
human:Subpallium-GABA:174,cluster,cross_species_WB,human,#42232F,Not assessed
human:Subpallium-GABA:175,cluster,cross_species_WB,human,#875A5E,Not assessed
human:Subpallium-GABA:176,cluster,cross_species_WB,human,#422430,Not assessed
human:Subpallium-GABA:177,cluster,cross_species_WB,human,#98364C,Not assessed
human:Subpallium-GABA:178,cluster,cross_species_WB,human,#057BA6,Not assessed
human:Subpallium-GABA:179,cluster,cross_species_WB,human,#53FC7B,Not assessed
human:Subpallium-GABA:18,cluster,cross_species_WB,human,#60FC8B,Not assessed
human:Subpallium-GABA:180,cluster,cross_species_WB,human,#55FFFA,Not assessed
human:Subpallium-GABA:181,cluster,cross_species_WB,human,#3D1029,Not assessed
human:Subpallium-GABA:182,cluster,cross_species_WB,human,#97364C,Not assessed
human:Subpallium-GABA:183,cluster,cross_species_WB,human,#3D1029,Not assessed
human:Subpallium-GABA:184,cluster,cross_species_WB,human,#87595E,Not assessed
human:Subpallium-GABA:185,cluster,cross_species_WB,human,#96354C,Not assessed
human:Subpallium-GABA:186,cluster,cross_species_WB,human,#3D1029,Not assessed
human:Subpallium-GABA:187,cluster,cross_species_WB,human,#96354B,Not assessed
human:Subpallium-GABA:188,cluster,cross_species_WB,human,#3D1029,Not assessed
human:Subpallium-GABA:189,cluster,cross_species_WB,human,#95344B,Not assessed
human:Subpallium-GABA:19,cluster,cross_species_WB,human,#0BF200,Not assessed
human:Subpallium-GABA:190,cluster,cross_species_WB,human,#3D1029,Not assessed
human:Subpallium-GABA:191,cluster,cross_species_WB,human,#B5E8FD,Not assessed
human:Subpallium-GABA:192,cluster,cross_species_WB,human,#94344B,Not assessed
human:Subpallium-GABA:193,cluster,cross_species_WB,human,#3D1028,Not assessed
human:Subpallium-GABA:194,cluster,cross_species_WB,human,#93344A,Not assessed
human:Subpallium-GABA:195,cluster,cross_species_WB,human,#3D1028,Not assessed
human:Subpallium-GABA:196,cluster,cross_species_WB,human,#432430,Not assessed
human:Subpallium-GABA:197,cluster,cross_species_WB,human,#86595D,Not assessed
human:Subpallium-GABA:198,cluster,cross_species_WB,human,#92334A,Not assessed
human:Subpallium-GABA:199,cluster,cross_species_WB,human,#442531,Not assessed
human:Subpallium-GABA:2,cluster,cross_species_WB,human,#4DFFF6,Not assessed
human:Subpallium-GABA:20,cluster,cross_species_WB,human,#3A1E2A,Not assessed
human:Subpallium-GABA:200,cluster,cross_species_WB,human,#85585D,Not assessed
human:Subpallium-GABA:201,cluster,cross_species_WB,human,#452531,Not assessed
human:Subpallium-GABA:202,cluster,cross_species_WB,human,#85585D,Not assessed
human:Subpallium-GABA:203,cluster,cross_species_WB,human,#452631,Not assessed
human:Subpallium-GABA:204,cluster,cross_species_WB,human,#FF99A7,Not assessed
human:Subpallium-GABA:205,cluster,cross_species_WB,human,#FC2976,Not assessed
human:Subpallium-GABA:206,cluster,cross_species_WB,human,#86C45A,Not assessed
human:Subpallium-GABA:207,cluster,cross_species_WB,human,#B93800,Not assessed
human:Subpallium-GABA:208,cluster,cross_species_WB,human,#02FE00,Not assessed
human:Subpallium-GABA:209,cluster,cross_species_WB,human,#34C7FF,Not assessed
human:Subpallium-GABA:21,cluster,cross_species_WB,human,#8E6164,Not assessed
human:Subpallium-GABA:210,cluster,cross_species_WB,human,#8FAF59,Not assessed
human:Subpallium-GABA:211,cluster,cross_species_WB,human,#84575C,Not assessed
human:Subpallium-GABA:212,cluster,cross_species_WB,human,#FCB285,Not assessed
human:Subpallium-GABA:213,cluster,cross_species_WB,human,#FF2E1A,Not assessed
human:Subpallium-GABA:214,cluster,cross_species_WB,human,#2C7B22,Not assessed
human:Subpallium-GABA:215,cluster,cross_species_WB,human,#56FFFA,Not assessed
human:Subpallium-GABA:216,cluster,cross_species_WB,human,#75863A,Not assessed
human:Subpallium-GABA:217,cluster,cross_species_WB,human,#3D1028,Not assessed
human:Subpallium-GABA:218,cluster,cross_species_WB,human,#462632,Not assessed
human:Subpallium-GABA:219,cluster,cross_species_WB,human,#84565C,Not assessed
human:Subpallium-GABA:22,cluster,cross_species_WB,human,#3A1F2A,Not assessed
human:Subpallium-GABA:220,cluster,cross_species_WB,human,#472632,Not assessed
human:Subpallium-GABA:221,cluster,cross_species_WB,human,#83565B,Not assessed
human:Subpallium-GABA:222,cluster,cross_species_WB,human,#004C48,Not assessed
human:Subpallium-GABA:223,cluster,cross_species_WB,human,#B5E8FD,Not assessed
human:Subpallium-GABA:224,cluster,cross_species_WB,human,#FABA4C,Not assessed
human:Subpallium-GABA:225,cluster,cross_species_WB,human,#472733,Not assessed
human:Subpallium-GABA:226,cluster,cross_species_WB,human,#FCB082,Not assessed
human:Subpallium-GABA:227,cluster,cross_species_WB,human,#FF321D,Not assessed
human:Subpallium-GABA:228,cluster,cross_species_WB,human,#50FC77,Not assessed
human:Subpallium-GABA:229,cluster,cross_species_WB,human,#FDAD80,Not assessed
human:Subpallium-GABA:23,cluster,cross_species_WB,human,#8D6063,Not assessed
human:Subpallium-GABA:230,cluster,cross_species_WB,human,#02FF03,Not assessed
human:Subpallium-GABA:231,cluster,cross_species_WB,human,#8CAB51,Not assessed
human:Subpallium-GABA:232,cluster,cross_species_WB,human,#FF361F,Not assessed
human:Subpallium-GABA:233,cluster,cross_species_WB,human,#57FFFA,Not assessed
human:Subpallium-GABA:234,cluster,cross_species_WB,human,#8A5F43,Not assessed
human:Subpallium-GABA:235,cluster,cross_species_WB,human,#B5E8FD,Not assessed
human:Subpallium-GABA:236,cluster,cross_species_WB,human,#634204,Not assessed
human:Subpallium-GABA:237,cluster,cross_species_WB,human,#57FFFA,Not assessed
human:Subpallium-GABA:238,cluster,cross_species_WB,human,#C7C111,Not assessed
human:Subpallium-GABA:239,cluster,cross_species_WB,human,#654404,Not assessed
human:Subpallium-GABA:24,cluster,cross_species_WB,human,#3B1F2B,Not assessed
human:Subpallium-GABA:240,cluster,cross_species_WB,human,#C4BD11,Not assessed
human:Subpallium-GABA:241,cluster,cross_species_WB,human,#B5E9FD,Not assessed
human:Subpallium-GABA:242,cluster,cross_species_WB,human,#421D1A,Not assessed
human:Subpallium-GABA:243,cluster,cross_species_WB,human,#057AA6,Not assessed
human:Subpallium-GABA:244,cluster,cross_species_WB,human,#BA3900,Not assessed
human:Subpallium-GABA:245,cluster,cross_species_WB,human,#6040FB,Not assessed
human:Subpallium-GABA:246,cluster,cross_species_WB,human,#FABA4B,Not assessed
human:Subpallium-GABA:247,cluster,cross_species_WB,human,#BB3A00,Not assessed
human:Subpallium-GABA:248,cluster,cross_species_WB,human,#EED166,Not assessed
human:Subpallium-GABA:249,cluster,cross_species_WB,human,#D6680D,Not assessed
human:Subpallium-GABA:25,cluster,cross_species_WB,human,#3D0F2A,Not assessed
human:Subpallium-GABA:250,cluster,cross_species_WB,human,#58FFFB,Not assessed
human:Subpallium-GABA:251,cluster,cross_species_WB,human,#EECF63,Not assessed
human:Subpallium-GABA:252,cluster,cross_species_WB,human,#B5E9FD,Not assessed
human:Subpallium-GABA:253,cluster,cross_species_WB,human,#D96B0E,Not assessed
human:Subpallium-GABA:254,cluster,cross_species_WB,human,#EECD60,Not assessed
human:Subpallium-GABA:255,cluster,cross_species_WB,human,#DB6E0E,Not assessed
human:Subpallium-GABA:256,cluster,cross_species_WB,human,#EDCB5D,Not assessed
human:Subpallium-GABA:257,cluster,cross_species_WB,human,#DE710E,Not assessed
human:Subpallium-GABA:258,cluster,cross_species_WB,human,#EDC95A,Not assessed
human:Subpallium-GABA:259,cluster,cross_species_WB,human,#E0750F,Not assessed
human:Subpallium-GABA:26,cluster,cross_species_WB,human,#9A374D,Not assessed
human:Subpallium-GABA:260,cluster,cross_species_WB,human,#EDC758,Not assessed
human:Subpallium-GABA:261,cluster,cross_species_WB,human,#E3780F,Not assessed
human:Subpallium-GABA:262,cluster,cross_species_WB,human,#E00075,Not assessed
human:Subpallium-GABA:263,cluster,cross_species_WB,human,#FD2275,Not assessed
human:Subpallium-GABA:264,cluster,cross_species_WB,human,#3BB646,Not assessed
human:Subpallium-GABA:265,cluster,cross_species_WB,human,#2C7F24,Not assessed
human:Subpallium-GABA:266,cluster,cross_species_WB,human,#39B243,Not assessed
human:Subpallium-GABA:267,cluster,cross_species_WB,human,#2D8325,Not assessed
human:Subpallium-GABA:268,cluster,cross_species_WB,human,#91334A,Not assessed
human:Subpallium-GABA:269,cluster,cross_species_WB,human,#3D1028,Not assessed
human:Subpallium-GABA:27,cluster,cross_species_WB,human,#8D5F63,Not assessed
human:Subpallium-GABA:270,cluster,cross_species_WB,human,#90324A,Not assessed
human:Subpallium-GABA:271,cluster,cross_species_WB,human,#82555B,Not assessed
human:Subpallium-GABA:272,cluster,cross_species_WB,human,#482733,Not assessed
human:Subpallium-GABA:273,cluster,cross_species_WB,human,#82555A,Not assessed
human:Subpallium-GABA:274,cluster,cross_species_WB,human,#FFC25D,Not assessed
human:Subpallium-GABA:275,cluster,cross_species_WB,human,#492834,Not assessed
human:Subpallium-GABA:276,cluster,cross_species_WB,human,#0024C6,Not assessed
human:Subpallium-GABA:277,cluster,cross_species_WB,human,#FDF9B4,Not assessed
human:Subpallium-GABA:278,cluster,cross_species_WB,human,#81545A,Not assessed
human:Subpallium-GABA:279,cluster,cross_species_WB,human,#5B3DFB,Not assessed
human:Subpallium-GABA:28,cluster,cross_species_WB,human,#3C1F2B,Not assessed
human:Subpallium-GABA:280,cluster,cross_species_WB,human,#0023C9,Not assessed
human:Subpallium-GABA:281,cluster,cross_species_WB,human,#573AFB,Not assessed
human:Subpallium-GABA:282,cluster,cross_species_WB,human,#0022CC,Not assessed
human:Subpallium-GABA:283,cluster,cross_species_WB,human,#FFC45F,Not assessed
human:Subpallium-GABA:284,cluster,cross_species_WB,human,#FDF9B4,Not assessed
human:Subpallium-GABA:285,cluster,cross_species_WB,human,#5337FB,Not assessed
human:Subpallium-GABA:286,cluster,cross_species_WB,human,#0020CF,Not assessed
human:Subpallium-GABA:287,cluster,cross_species_WB,human,#FFC662,Not assessed
human:Subpallium-GABA:288,cluster,cross_species_WB,human,#FDF8B4,Not assessed
human:Subpallium-GABA:289,cluster,cross_species_WB,human,#4E34FB,Not assessed
human:Subpallium-GABA:29,cluster,cross_species_WB,human,#D20074,Not assessed
human:Subpallium-GABA:290,cluster,cross_species_WB,human,#001FD2,Not assessed
human:Subpallium-GABA:291,cluster,cross_species_WB,human,#FFC864,Not assessed
human:Subpallium-GABA:292,cluster,cross_species_WB,human,#02BB83,Not assessed
human:Subpallium-GABA:293,cluster,cross_species_WB,human,#FEB4F3,Not assessed
human:Subpallium-GABA:294,cluster,cross_species_WB,human,#590064,Not assessed
human:Subpallium-GABA:295,cluster,cross_species_WB,human,#C9049F,Not assessed
human:Subpallium-GABA:296,cluster,cross_species_WB,human,#59FFFB,Not assessed
human:Subpallium-GABA:297,cluster,cross_species_WB,human,#684604,Not assessed
human:Subpallium-GABA:298,cluster,cross_species_WB,human,#B5E9FD,Not assessed
human:Subpallium-GABA:299,cluster,cross_species_WB,human,#59FFFB,Not assessed
human:Subpallium-GABA:3,cluster,cross_species_WB,human,#FCBC90,Not assessed
human:Subpallium-GABA:30,cluster,cross_species_WB,human,#FC3178,Not assessed
human:Subpallium-GABA:300,cluster,cross_species_WB,human,#B4E9FD,Not assessed
human:Subpallium-GABA:301,cluster,cross_species_WB,human,#3D1028,Not assessed
human:Subpallium-GABA:302,cluster,cross_species_WB,human,#5AFFFB,Not assessed
human:Subpallium-GABA:303,cluster,cross_species_WB,human,#B4E9FD,Not assessed
human:Subpallium-GABA:304,cluster,cross_species_WB,human,#38AE3F,Not assessed
human:Subpallium-GABA:305,cluster,cross_species_WB,human,#9B083F,Not assessed
human:Subpallium-GABA:306,cluster,cross_species_WB,human,#E91E31,Not assessed
human:Subpallium-GABA:307,cluster,cross_species_WB,human,#5AFFFC,Not assessed
human:Subpallium-GABA:308,cluster,cross_species_WB,human,#B4E9FD,Not assessed
human:Subpallium-GABA:309,cluster,cross_species_WB,human,#5BFFFC,Not assessed
human:Subpallium-GABA:31,cluster,cross_species_WB,human,#684599,Not assessed
human:Subpallium-GABA:310,cluster,cross_species_WB,human,#B4E9FD,Not assessed
human:Subpallium-GABA:311,cluster,cross_species_WB,human,#5CFFFC,Not assessed
human:Subpallium-GABA:312,cluster,cross_species_WB,human,#B4E9FD,Not assessed
human:Subpallium-GABA:313,cluster,cross_species_WB,human,#8F3249,Not assessed
human:Subpallium-GABA:314,cluster,cross_species_WB,human,#5CFFFD,Not assessed
human:Subpallium-GABA:315,cluster,cross_species_WB,human,#B4E9FD,Not assessed
human:Subpallium-GABA:316,cluster,cross_species_WB,human,#4A2834,Not assessed
human:Subpallium-GABA:317,cluster,cross_species_WB,human,#3C1028,Not assessed
human:Subpallium-GABA:318,cluster,cross_species_WB,human,#5DFFFD,Not assessed
human:Subpallium-GABA:319,cluster,cross_species_WB,human,#B4EAFD,Not assessed
human:Subpallium-GABA:32,cluster,cross_species_WB,human,#D90074,Not assessed
human:Subpallium-GABA:320,cluster,cross_species_WB,human,#5EFFFD,Not assessed
human:Subpallium-GABA:321,cluster,cross_species_WB,human,#FC7B56,Not assessed
human:Subpallium-GABA:322,cluster,cross_species_WB,human,#B4EAFD,Not assessed
human:Subpallium-GABA:323,cluster,cross_species_WB,human,#5EFFFD,Not assessed
human:Subpallium-GABA:324,cluster,cross_species_WB,human,#B4EAFD,Not assessed
human:Subpallium-GABA:325,cluster,cross_species_WB,human,#FF0900,Not assessed
human:Subpallium-GABA:326,cluster,cross_species_WB,human,#FD734F,Not assessed
human:Subpallium-GABA:327,cluster,cross_species_WB,human,#004C49,Not assessed
human:Subpallium-GABA:328,cluster,cross_species_WB,human,#057AA5,Not assessed
human:Subpallium-GABA:329,cluster,cross_species_WB,human,#FF1307,Not assessed
human:Subpallium-GABA:33,cluster,cross_species_WB,human,#707E35,Not assessed
human:Subpallium-GABA:330,cluster,cross_species_WB,human,#004C49,Not assessed
human:Subpallium-GABA:331,cluster,cross_species_WB,human,#057AA4,Not assessed
human:Subpallium-GABA:332,cluster,cross_species_WB,human,#FD6A47,Not assessed
human:Subpallium-GABA:333,cluster,cross_species_WB,human,#8F8B18,Not assessed
human:Subpallium-GABA:334,cluster,cross_species_WB,human,#443309,Not assessed
human:Subpallium-GABA:335,cluster,cross_species_WB,human,#8B8618,Not assessed
human:Subpallium-GABA:336,cluster,cross_species_WB,human,#443409,Not assessed
human:Subpallium-GABA:337,cluster,cross_species_WB,human,#FF1D0E,Not assessed
human:Subpallium-GABA:338,cluster,cross_species_WB,human,#878117,Not assessed
human:Subpallium-GABA:339,cluster,cross_species_WB,human,#FD6140,Not assessed
human:Subpallium-GABA:34,cluster,cross_species_WB,human,#4EFFF7,Not assessed
human:Subpallium-GABA:340,cluster,cross_species_WB,human,#004C49,Not assessed
human:Subpallium-GABA:341,cluster,cross_species_WB,human,#473809,Not assessed
human:Subpallium-GABA:342,cluster,cross_species_WB,human,#BFC671,Not assessed
human:Subpallium-GABA:343,cluster,cross_species_WB,human,#0479A3,Not assessed
human:Subpallium-GABA:344,cluster,cross_species_WB,human,#998032,Not assessed
human:Subpallium-GABA:345,cluster,cross_species_WB,human,#BFC56E,Not assessed
human:Subpallium-GABA:346,cluster,cross_species_WB,human,#9B8333,Not assessed
human:Subpallium-GABA:347,cluster,cross_species_WB,human,#BFC46C,Not assessed
human:Subpallium-GABA:348,cluster,cross_species_WB,human,#00CB87,Not assessed
human:Subpallium-GABA:349,cluster,cross_species_WB,human,#38FBF5,Not assessed
human:Subpallium-GABA:35,cluster,cross_species_WB,human,#D1620C,Not assessed
human:Subpallium-GABA:350,cluster,cross_species_WB,human,#22730F,Not assessed
human:Subpallium-GABA:351,cluster,cross_species_WB,human,#00CE8B,Not assessed
human:Subpallium-GABA:352,cluster,cross_species_WB,human,#21BE24,Not assessed
human:Subpallium-GABA:353,cluster,cross_species_WB,human,#227810,Not assessed
human:Subpallium-GABA:354,cluster,cross_species_WB,human,#9D8734,Not assessed
human:Subpallium-GABA:355,cluster,cross_species_WB,human,#366CFB,Not assessed
human:Subpallium-GABA:356,cluster,cross_species_WB,human,#004C49,Not assessed
human:Subpallium-GABA:357,cluster,cross_species_WB,human,#006ED1,Not assessed
human:Subpallium-GABA:358,cluster,cross_species_WB,human,#144413,Not assessed
human:Subpallium-GABA:359,cluster,cross_species_WB,human,#326BFB,Not assessed
human:Subpallium-GABA:36,cluster,cross_species_WB,human,#1A4C00,Not assessed
human:Subpallium-GABA:360,cluster,cross_species_WB,human,#BFC469,Not assessed
human:Subpallium-GABA:361,cluster,cross_species_WB,human,#006DD5,Not assessed
human:Subpallium-GABA:362,cluster,cross_species_WB,human,#A08A35,Not assessed
human:Subpallium-GABA:363,cluster,cross_species_WB,human,#BFC366,Not assessed
human:Subpallium-GABA:364,cluster,cross_species_WB,human,#A28D37,Not assessed
human:Subpallium-GABA:365,cluster,cross_species_WB,human,#1FB921,Not assessed
human:Subpallium-GABA:366,cluster,cross_species_WB,human,#BFC264,Not assessed
human:Subpallium-GABA:367,cluster,cross_species_WB,human,#029178,Not assessed
human:Subpallium-GABA:368,cluster,cross_species_WB,human,#237D11,Not assessed
human:Subpallium-GABA:369,cluster,cross_species_WB,human,#004C30,Not assessed
human:Subpallium-GABA:37,cluster,cross_species_WB,human,#EED268,Not assessed
human:Subpallium-GABA:370,cluster,cross_species_WB,human,#2D863E,Not assessed
human:Subpallium-GABA:371,cluster,cross_species_WB,human,#1FB41E,Not assessed
human:Subpallium-GABA:372,cluster,cross_species_WB,human,#A49038,Not assessed
human:Subpallium-GABA:373,cluster,cross_species_WB,human,#C0C161,Not assessed
human:Subpallium-GABA:374,cluster,cross_species_WB,human,#A69339,Not assessed
human:Subpallium-GABA:375,cluster,cross_species_WB,human,#238212,Not assessed
human:Subpallium-GABA:376,cluster,cross_species_WB,human,#C0C15E,Not assessed
human:Subpallium-GABA:377,cluster,cross_species_WB,human,#2D6AFC,Not assessed
human:Subpallium-GABA:378,cluster,cross_species_WB,human,#006DDA,Not assessed
human:Subpallium-GABA:379,cluster,cross_species_WB,human,#20AF1D,Not assessed
human:Subpallium-GABA:38,cluster,cross_species_WB,human,#D4650D,Not assessed
human:Subpallium-GABA:380,cluster,cross_species_WB,human,#35FBF3,Not assessed
human:Subpallium-GABA:381,cluster,cross_species_WB,human,#00D28F,Not assessed
human:Subpallium-GABA:382,cluster,cross_species_WB,human,#31FBF1,Not assessed
human:Subpallium-GABA:383,cluster,cross_species_WB,human,#238713,Not assessed
human:Subpallium-GABA:384,cluster,cross_species_WB,human,#00D594,Not assessed
human:Subpallium-GABA:385,cluster,cross_species_WB,human,#2EFCEF,Not assessed
human:Subpallium-GABA:386,cluster,cross_species_WB,human,#00D898,Not assessed
human:Subpallium-GABA:387,cluster,cross_species_WB,human,#2AFCED,Not assessed
human:Subpallium-GABA:388,cluster,cross_species_WB,human,#00DC9D,Not assessed
human:Subpallium-GABA:389,cluster,cross_species_WB,human,#26FCEB,Not assessed
human:Subpallium-GABA:39,cluster,cross_species_WB,human,#2B7720,Not assessed
human:Subpallium-GABA:390,cluster,cross_species_WB,human,#2869FC,Not assessed
human:Subpallium-GABA:391,cluster,cross_species_WB,human,#154915,Not assessed
human:Subpallium-GABA:392,cluster,cross_species_WB,human,#00DFA1,Not assessed
human:Subpallium-GABA:393,cluster,cross_species_WB,human,#23FCE8,Not assessed
human:Subpallium-GABA:394,cluster,cross_species_WB,human,#00E2A6,Not assessed
human:Subpallium-GABA:395,cluster,cross_species_WB,human,#9244F1,Not assessed
human:Subpallium-GABA:396,cluster,cross_species_WB,human,#006DDE,Not assessed
human:Subpallium-GABA:397,cluster,cross_species_WB,human,#2468FC,Not assessed
human:Subpallium-GABA:398,cluster,cross_species_WB,human,#37BEC2,Not assessed
human:Subpallium-GABA:399,cluster,cross_species_WB,human,#9B28AD,Not assessed
human:Subpallium-GABA:4,cluster,cross_species_WB,human,#B5E7FD,Not assessed
human:Subpallium-GABA:40,cluster,cross_species_WB,human,#3DB94A,Not assessed
human:Subpallium-GABA:400,cluster,cross_species_WB,human,#D36AC1,Not assessed
human:Subpallium-GABA:401,cluster,cross_species_WB,human,#9E29AF,Not assessed
human:Subpallium-GABA:402,cluster,cross_species_WB,human,#D368C1,Not assessed
human:Subpallium-GABA:403,cluster,cross_species_WB,human,#A12AB1,Not assessed
human:Subpallium-GABA:404,cluster,cross_species_WB,human,#D265C1,Not assessed
human:Subpallium-GABA:405,cluster,cross_species_WB,human,#A42AB3,Not assessed
human:Subpallium-GABA:406,cluster,cross_species_WB,human,#1BFFD7,Not assessed
human:Subpallium-GABA:407,cluster,cross_species_WB,human,#D263C1,Not assessed
human:Subpallium-GABA:408,cluster,cross_species_WB,human,#A72BB5,Not assessed
human:Subpallium-GABA:409,cluster,cross_species_WB,human,#5FFFFD,Not assessed
human:Subpallium-GABA:41,cluster,cross_species_WB,human,#FFBC56,Not assessed
human:Subpallium-GABA:410,cluster,cross_species_WB,human,#B4EAFD,Not assessed
human:Subpallium-GABA:411,cluster,cross_species_WB,human,#5FFFFE,Not assessed
human:Subpallium-GABA:412,cluster,cross_species_WB,human,#B4EAFD,Not assessed
human:Subpallium-GABA:413,cluster,cross_species_WB,human,#60FFFE,Not assessed
human:Subpallium-GABA:414,cluster,cross_species_WB,human,#B4EAFD,Not assessed
human:Subpallium-GABA:415,cluster,cross_species_WB,human,#61FFFE,Not assessed
human:Subpallium-GABA:416,cluster,cross_species_WB,human,#B4EAFD,Not assessed
human:Subpallium-GABA:417,cluster,cross_species_WB,human,#61FFFE,Not assessed
human:Subpallium-GABA:418,cluster,cross_species_WB,human,#B4EAFD,Not assessed
human:Subpallium-GABA:419,cluster,cross_species_WB,human,#62FFFF,Not assessed
human:Subpallium-GABA:42,cluster,cross_species_WB,human,#FDFAB5,Not assessed
human:Subpallium-GABA:420,cluster,cross_species_WB,human,#8E3149,Not assessed
human:Subpallium-GABA:421,cluster,cross_species_WB,human,#3C1028,Not assessed
human:Subpallium-GABA:422,cluster,cross_species_WB,human,#B4EBFD,Not assessed
human:Subpallium-GABA:423,cluster,cross_species_WB,human,#63FFFF,Not assessed
human:Subpallium-GABA:424,cluster,cross_species_WB,human,#B4EBFD,Not assessed
human:Subpallium-GABA:425,cluster,cross_species_WB,human,#63FFFF,Not assessed
human:Subpallium-GABA:426,cluster,cross_species_WB,human,#B4EBFD,Not assessed
human:Subpallium-GABA:427,cluster,cross_species_WB,human,#64FFFF,Not assessed
human:Subpallium-GABA:428,cluster,cross_species_WB,human,#B4EBFD,Not assessed
human:Subpallium-GABA:429,cluster,cross_species_WB,human,#65FEFF,Not assessed
human:Subpallium-GABA:43,cluster,cross_species_WB,human,#8C5F62,Not assessed
human:Subpallium-GABA:430,cluster,cross_species_WB,human,#B4EBFD,Not assessed
human:Subpallium-GABA:431,cluster,cross_species_WB,human,#65FEFF,Not assessed
human:Subpallium-GABA:432,cluster,cross_species_WB,human,#B4EBFD,Not assessed
human:Subpallium-GABA:433,cluster,cross_species_WB,human,#66FEFF,Not assessed
human:Subpallium-GABA:434,cluster,cross_species_WB,human,#8D3149,Not assessed
human:Subpallium-GABA:435,cluster,cross_species_WB,human,#B4EBFD,Not assessed
human:Subpallium-GABA:436,cluster,cross_species_WB,human,#66FEFF,Not assessed
human:Subpallium-GABA:437,cluster,cross_species_WB,human,#9E093F,Not assessed
human:Subpallium-GABA:438,cluster,cross_species_WB,human,#E91A30,Not assessed
human:Subpallium-GABA:439,cluster,cross_species_WB,human,#B4EBFD,Not assessed
human:Subpallium-GABA:44,cluster,cross_species_WB,human,#0025C3,Not assessed
human:Subpallium-GABA:440,cluster,cross_species_WB,human,#A1093F,Not assessed
human:Subpallium-GABA:441,cluster,cross_species_WB,human,#E9162F,Not assessed
human:Subpallium-GABA:442,cluster,cross_species_WB,human,#67FDFF,Not assessed
human:Subpallium-GABA:443,cluster,cross_species_WB,human,#B4EBFD,Not assessed
human:Subpallium-GABA:444,cluster,cross_species_WB,human,#68FDFF,Not assessed
human:Subpallium-GABA:445,cluster,cross_species_WB,human,#D161C1,Not assessed
human:Subpallium-GABA:446,cluster,cross_species_WB,human,#3D1028,Not assessed
human:Subpallium-GABA:447,cluster,cross_species_WB,human,#A40A3F,Not assessed
human:Subpallium-GABA:448,cluster,cross_species_WB,human,#4CFD73,Not assessed
human:Subpallium-GABA:449,cluster,cross_species_WB,human,#AA2CB7,Not assessed
human:Subpallium-GABA:45,cluster,cross_species_WB,human,#5C3B03,Not assessed
human:Subpallium-GABA:450,cluster,cross_species_WB,human,#E61530,Not assessed
human:Subpallium-GABA:451,cluster,cross_species_WB,human,#0479A2,Not assessed
human:Subpallium-GABA:452,cluster,cross_species_WB,human,#FAB949,Not assessed
human:Subpallium-GABA:453,cluster,cross_species_WB,human,#BC3B00,Not assessed
human:Subpallium-GABA:454,cluster,cross_species_WB,human,#8C3049,Not assessed
human:Subpallium-GABA:455,cluster,cross_species_WB,human,#FAB848,Not assessed
human:Subpallium-GABA:456,cluster,cross_species_WB,human,#BD3C00,Not assessed
human:Subpallium-GABA:457,cluster,cross_species_WB,human,#FAB747,Not assessed
human:Subpallium-GABA:458,cluster,cross_species_WB,human,#BF3D00,Not assessed
human:Subpallium-GABA:459,cluster,cross_species_WB,human,#FAB645,Not assessed
human:Subpallium-GABA:46,cluster,cross_species_WB,human,#FF70FF,Not assessed
human:Subpallium-GABA:460,cluster,cross_species_WB,human,#C03E00,Not assessed
human:Subpallium-GABA:461,cluster,cross_species_WB,human,#004C49,Not assessed
human:Subpallium-GABA:462,cluster,cross_species_WB,human,#FAB544,Not assessed
human:Subpallium-GABA:463,cluster,cross_species_WB,human,#C13F00,Not assessed
human:Subpallium-GABA:464,cluster,cross_species_WB,human,#885D42,Not assessed
human:Subpallium-GABA:465,cluster,cross_species_WB,human,#441E1B,Not assessed
human:Subpallium-GABA:466,cluster,cross_species_WB,human,#865C41,Not assessed
human:Subpallium-GABA:467,cluster,cross_species_WB,human,#461F1C,Not assessed
human:Subpallium-GABA:468,cluster,cross_species_WB,human,#FAB443,Not assessed
human:Subpallium-GABA:469,cluster,cross_species_WB,human,#C24000,Not assessed
human:Subpallium-GABA:47,cluster,cross_species_WB,human,#CDCB12,Not assessed
human:Subpallium-GABA:470,cluster,cross_species_WB,human,#FAB342,Not assessed
human:Subpallium-GABA:471,cluster,cross_species_WB,human,#C34100,Not assessed
human:Subpallium-GABA:472,cluster,cross_species_WB,human,#FAB240,Not assessed
human:Subpallium-GABA:473,cluster,cross_species_WB,human,#C54100,Not assessed
human:Subpallium-GABA:474,cluster,cross_species_WB,human,#FAB13F,Not assessed
human:Subpallium-GABA:475,cluster,cross_species_WB,human,#C64200,Not assessed
human:Subpallium-GABA:476,cluster,cross_species_WB,human,#FAB03E,Not assessed
human:Subpallium-GABA:477,cluster,cross_species_WB,human,#855A40,Not assessed
human:Subpallium-GABA:478,cluster,cross_species_WB,human,#47211D,Not assessed
human:Subpallium-GABA:479,cluster,cross_species_WB,human,#0479A1,Not assessed
human:Subpallium-GABA:48,cluster,cross_species_WB,human,#52005E,Not assessed
human:Subpallium-GABA:480,cluster,cross_species_WB,human,#C2BA10,Not assessed
human:Subpallium-GABA:481,cluster,cross_species_WB,human,#6A4904,Not assessed
human:Subpallium-GABA:482,cluster,cross_species_WB,human,#5D0067,Not assessed
human:Subpallium-GABA:483,cluster,cross_species_WB,human,#C74300,Not assessed
human:Subpallium-GABA:484,cluster,cross_species_WB,human,#004C4A,Not assessed
human:Subpallium-GABA:485,cluster,cross_species_WB,human,#0478A0,Not assessed
human:Subpallium-GABA:486,cluster,cross_species_WB,human,#FAAF3D,Not assessed
human:Subpallium-GABA:487,cluster,cross_species_WB,human,#004C4A,Not assessed
human:Subpallium-GABA:488,cluster,cross_species_WB,human,#04789F,Not assessed
human:Subpallium-GABA:489,cluster,cross_species_WB,human,#004C4A,Not assessed
human:Subpallium-GABA:49,cluster,cross_species_WB,human,#006D39,Not assessed
human:Subpallium-GABA:490,cluster,cross_species_WB,human,#04789E,Not assessed
human:Subpallium-GABA:491,cluster,cross_species_WB,human,#82EEFD,Not assessed
human:Subpallium-GABA:492,cluster,cross_species_WB,human,#1EFFD9,Not assessed
human:Subpallium-GABA:493,cluster,cross_species_WB,human,#7EEFFD,Not assessed
human:Subpallium-GABA:494,cluster,cross_species_WB,human,#D15EC2,Not assessed
human:Subpallium-GABA:495,cluster,cross_species_WB,human,#AD2DB9,Not assessed
human:Subpallium-GABA:496,cluster,cross_species_WB,human,#D05CC2,Not assessed
human:Subpallium-GABA:497,cluster,cross_species_WB,human,#07DC09,Not assessed
human:Subpallium-GABA:498,cluster,cross_species_WB,human,#1B5100,Not assessed
human:Subpallium-GABA:499,cluster,cross_species_WB,human,#07DA08,Not assessed
human:Subpallium-GABA:5,cluster,cross_species_WB,human,#FF1E10,Not assessed
human:Subpallium-GABA:50,cluster,cross_species_WB,human,#03C28C,Not assessed
human:Subpallium-GABA:500,cluster,cross_species_WB,human,#1B5300,Not assessed
human:Subpallium-GABA:501,cluster,cross_species_WB,human,#21FFDC,Not assessed
human:Subpallium-GABA:502,cluster,cross_species_WB,human,#7BF0FD,Not assessed
human:Subpallium-GABA:503,cluster,cross_species_WB,human,#25FFDF,Not assessed
human:Subpallium-GABA:504,cluster,cross_species_WB,human,#EDC555,Not assessed
human:Subpallium-GABA:505,cluster,cross_species_WB,human,#E57B10,Not assessed
human:Subpallium-GABA:506,cluster,cross_species_WB,human,#EDC352,Not assessed
human:Subpallium-GABA:507,cluster,cross_species_WB,human,#06D907,Not assessed
human:Subpallium-GABA:508,cluster,cross_species_WB,human,#1B5400,Not assessed
human:Subpallium-GABA:509,cluster,cross_species_WB,human,#07D806,Not assessed
human:Subpallium-GABA:51,cluster,cross_species_WB,human,#B5E7FD,Not assessed
human:Subpallium-GABA:510,cluster,cross_species_WB,human,#E77E10,Not assessed
human:Subpallium-GABA:511,cluster,cross_species_WB,human,#1C5600,Not assessed
human:Subpallium-GABA:512,cluster,cross_species_WB,human,#07D606,Not assessed
human:Subpallium-GABA:513,cluster,cross_species_WB,human,#1C5700,Not assessed
human:Subpallium-GABA:514,cluster,cross_species_WB,human,#08D506,Not assessed
human:Subpallium-GABA:515,cluster,cross_species_WB,human,#1C5900,Not assessed
human:Subpallium-GABA:516,cluster,cross_species_WB,human,#08D306,Not assessed
human:Subpallium-GABA:517,cluster,cross_species_WB,human,#1C5A00,Not assessed
human:Subpallium-GABA:518,cluster,cross_species_WB,human,#09D206,Not assessed
human:Subpallium-GABA:519,cluster,cross_species_WB,human,#1C5C00,Not assessed
human:Subpallium-GABA:52,cluster,cross_species_WB,human,#5DFC87,Not assessed
human:Subpallium-GABA:520,cluster,cross_species_WB,human,#09D105,Not assessed
human:Subpallium-GABA:521,cluster,cross_species_WB,human,#1C5E00,Not assessed
human:Subpallium-GABA:522,cluster,cross_species_WB,human,#0ACF05,Not assessed
human:Subpallium-GABA:523,cluster,cross_species_WB,human,#1C5F00,Not assessed
human:Subpallium-GABA:524,cluster,cross_species_WB,human,#0ACE05,Not assessed
human:Subpallium-GABA:525,cluster,cross_species_WB,human,#1D6100,Not assessed
human:Subpallium-GABA:526,cluster,cross_species_WB,human,#0BCD05,Not assessed
human:Subpallium-GABA:527,cluster,cross_species_WB,human,#1D6200,Not assessed
human:Subpallium-GABA:528,cluster,cross_species_WB,human,#0BCB05,Not assessed
human:Subpallium-GABA:529,cluster,cross_species_WB,human,#1D6400,Not assessed
human:Subpallium-GABA:53,cluster,cross_species_WB,human,#057CAC,Not assessed
human:Subpallium-GABA:530,cluster,cross_species_WB,human,#0CCA04,Not assessed
human:Subpallium-GABA:531,cluster,cross_species_WB,human,#1D6500,Not assessed
human:Subpallium-GABA:532,cluster,cross_species_WB,human,#0CC804,Not assessed
human:Subpallium-GABA:533,cluster,cross_species_WB,human,#1D6700,Not assessed
human:Subpallium-GABA:534,cluster,cross_species_WB,human,#0DC704,Not assessed
human:Subpallium-GABA:535,cluster,cross_species_WB,human,#EDC14F,Not assessed
human:Subpallium-GABA:536,cluster,cross_species_WB,human,#EA8211,Not assessed
human:Subpallium-GABA:537,cluster,cross_species_WB,human,#C84400,Not assessed
human:Subpallium-GABA:538,cluster,cross_species_WB,human,#3BC661,Not assessed
human:Subpallium-GABA:539,cluster,cross_species_WB,human,#7CD3A4,Not assessed
human:Subpallium-GABA:54,cluster,cross_species_WB,human,#B5512C,Not assessed
human:Subpallium-GABA:540,cluster,cross_species_WB,human,#40C767,Not assessed
human:Subpallium-GABA:541,cluster,cross_species_WB,human,#77D29F,Not assessed
human:Subpallium-GABA:542,cluster,cross_species_WB,human,#C7049F,Not assessed
human:Subpallium-GABA:543,cluster,cross_species_WB,human,#61006A,Not assessed
human:Subpallium-GABA:544,cluster,cross_species_WB,human,#C4049E,Not assessed
human:Subpallium-GABA:545,cluster,cross_species_WB,human,#64006D,Not assessed
human:Subpallium-GABA:546,cluster,cross_species_WB,human,#C1039E,Not assessed
human:Subpallium-GABA:547,cluster,cross_species_WB,human,#680070,Not assessed
human:Subpallium-GABA:548,cluster,cross_species_WB,human,#BF039D,Not assessed
human:Subpallium-GABA:549,cluster,cross_species_WB,human,#6C0073,Not assessed
human:Subpallium-GABA:55,cluster,cross_species_WB,human,#443308,Not assessed
human:Subpallium-GABA:550,cluster,cross_species_WB,human,#FBAE3B,Not assessed
human:Subpallium-GABA:551,cluster,cross_species_WB,human,#004C4A,Not assessed
human:Subpallium-GABA:552,cluster,cross_species_WB,human,#04779D,Not assessed
human:Subpallium-GABA:553,cluster,cross_species_WB,human,#004C4A,Not assessed
human:Subpallium-GABA:554,cluster,cross_species_WB,human,#04779C,Not assessed
human:Subpallium-GABA:555,cluster,cross_species_WB,human,#004C4A,Not assessed
human:Subpallium-GABA:556,cluster,cross_species_WB,human,#04779B,Not assessed
human:Subpallium-GABA:557,cluster,cross_species_WB,human,#004C4B,Not assessed
human:Subpallium-GABA:558,cluster,cross_species_WB,human,#04769A,Not assessed
human:Subpallium-GABA:559,cluster,cross_species_WB,human,#C0B610,Not assessed
human:Subpallium-GABA:56,cluster,cross_species_WB,human,#006ECD,Not assessed
human:Subpallium-GABA:560,cluster,cross_species_WB,human,#6C4B04,Not assessed
human:Subpallium-GABA:561,cluster,cross_species_WB,human,#BEB30F,Not assessed
human:Subpallium-GABA:562,cluster,cross_species_WB,human,#83583F,Not assessed
human:Subpallium-GABA:563,cluster,cross_species_WB,human,#C94500,Not assessed
human:Subpallium-GABA:564,cluster,cross_species_WB,human,#FF85FA,Not assessed
human:Subpallium-GABA:565,cluster,cross_species_WB,human,#FEAEF5,Not assessed
human:Subpallium-GABA:566,cluster,cross_species_WB,human,#6F4D05,Not assessed
human:Subpallium-GABA:567,cluster,cross_species_WB,human,#BCB00F,Not assessed
human:Subpallium-GABA:568,cluster,cross_species_WB,human,#49221E,Not assessed
human:Subpallium-GABA:569,cluster,cross_species_WB,human,#81563E,Not assessed
human:Subpallium-GABA:57,cluster,cross_species_WB,human,#00C782,Not assessed
human:Subpallium-GABA:570,cluster,cross_species_WB,human,#715005,Not assessed
human:Subpallium-GABA:571,cluster,cross_species_WB,human,#BAAD0F,Not assessed
human:Subpallium-GABA:572,cluster,cross_species_WB,human,#735205,Not assessed
human:Subpallium-GABA:573,cluster,cross_species_WB,human,#D5B086,Not assessed
human:Subpallium-GABA:574,cluster,cross_species_WB,human,#C25B37,Not assessed
human:Subpallium-GABA:575,cluster,cross_species_WB,human,#D4AE83,Not assessed
human:Subpallium-GABA:576,cluster,cross_species_WB,human,#D48A80,Not assessed
human:Subpallium-GABA:577,cluster,cross_species_WB,human,#4B241F,Not assessed
human:Subpallium-GABA:578,cluster,cross_species_WB,human,#BC039D,Not assessed
human:Subpallium-GABA:579,cluster,cross_species_WB,human,#B7A90E,Not assessed
human:Subpallium-GABA:58,cluster,cross_species_WB,human,#004C2F,Not assessed
human:Subpallium-GABA:580,cluster,cross_species_WB,human,#83C0D4,Not assessed
human:Subpallium-GABA:581,cluster,cross_species_WB,human,#C55E38,Not assessed
human:Subpallium-GABA:582,cluster,cross_species_WB,human,#D4AB80,Not assessed
human:Subpallium-GABA:583,cluster,cross_species_WB,human,#C6613A,Not assessed
human:Subpallium-GABA:584,cluster,cross_species_WB,human,#D3A87D,Not assessed
human:Subpallium-GABA:585,cluster,cross_species_WB,human,#C7653D,Not assessed
human:Subpallium-GABA:586,cluster,cross_species_WB,human,#D2A67A,Not assessed
human:Subpallium-GABA:587,cluster,cross_species_WB,human,#C76940,Not assessed
human:Subpallium-GABA:588,cluster,cross_species_WB,human,#C73D46,Not assessed
human:Subpallium-GABA:589,cluster,cross_species_WB,human,#D2A377,Not assessed
human:Subpallium-GABA:59,cluster,cross_species_WB,human,#3CFBF7,Not assessed
human:Subpallium-GABA:590,cluster,cross_species_WB,human,#D2827A,Not assessed
human:Subpallium-GABA:591,cluster,cross_species_WB,human,#C86D43,Not assessed
human:Subpallium-GABA:592,cluster,cross_species_WB,human,#B3D0FD,Not assessed
human:Subpallium-GABA:593,cluster,cross_species_WB,human,#37C7FF,Not assessed
human:Subpallium-GABA:594,cluster,cross_species_WB,human,#FBAD3A,Not assessed
human:Subpallium-GABA:595,cluster,cross_species_WB,human,#B1CFFD,Not assessed
human:Subpallium-GABA:596,cluster,cross_species_WB,human,#CB4600,Not assessed
human:Subpallium-GABA:597,cluster,cross_species_WB,human,#FBAC39,Not assessed
human:Subpallium-GABA:598,cluster,cross_species_WB,human,#39C6FF,Not assessed
human:Subpallium-GABA:599,cluster,cross_species_WB,human,#CC4700,Not assessed
human:Subpallium-GABA:6,cluster,cross_species_WB,human,#4DFFF6,Not assessed
human:Subpallium-GABA:60,cluster,cross_species_WB,human,#967D31,Not assessed
human:Subpallium-GABA:600,cluster,cross_species_WB,human,#AFCEFD,Not assessed
human:Subpallium-GABA:601,cluster,cross_species_WB,human,#3CC5FF,Not assessed
human:Subpallium-GABA:602,cluster,cross_species_WB,human,#ACCDFD,Not assessed
human:Subpallium-GABA:603,cluster,cross_species_WB,human,#3EC5FF,Not assessed
human:Subpallium-GABA:604,cluster,cross_species_WB,human,#AACCFD,Not assessed
human:Subpallium-GABA:605,cluster,cross_species_WB,human,#41C4FF,Not assessed
human:Subpallium-GABA:606,cluster,cross_species_WB,human,#A7CCFD,Not assessed
human:Subpallium-GABA:607,cluster,cross_species_WB,human,#43C4FF,Not assessed
human:Subpallium-GABA:608,cluster,cross_species_WB,human,#A5CBFD,Not assessed
human:Subpallium-GABA:609,cluster,cross_species_WB,human,#700076,Not assessed
human:Subpallium-GABA:61,cluster,cross_species_WB,human,#9226A7,Not assessed
human:Subpallium-GABA:610,cluster,cross_species_WB,human,#45C3FF,Not assessed
human:Subpallium-GABA:611,cluster,cross_species_WB,human,#FBAB37,Not assessed
human:Subpallium-GABA:612,cluster,cross_species_WB,human,#CD4800,Not assessed
human:Subpallium-GABA:613,cluster,cross_species_WB,human,#A2CAFD,Not assessed
human:Subpallium-GABA:614,cluster,cross_species_WB,human,#FDAB7D,Not assessed
human:Subpallium-GABA:615,cluster,cross_species_WB,human,#FF3A22,Not assessed
human:Subpallium-GABA:616,cluster,cross_species_WB,human,#FDA87A,Not assessed
human:Subpallium-GABA:617,cluster,cross_species_WB,human,#FBAA36,Not assessed
human:Subpallium-GABA:618,cluster,cross_species_WB,human,#FF3E25,Not assessed
human:Subpallium-GABA:619,cluster,cross_species_WB,human,#4A31FB,Not assessed
human:Subpallium-GABA:62,cluster,cross_species_WB,human,#D471C0,Not assessed
human:Subpallium-GABA:620,cluster,cross_species_WB,human,#FDA578,Not assessed
human:Subpallium-GABA:621,cluster,cross_species_WB,human,#FF4227,Not assessed
human:Subpallium-GABA:622,cluster,cross_species_WB,human,#B4ECFD,Not assessed
human:Subpallium-GABA:623,cluster,cross_species_WB,human,#805459,Not assessed
human:Subpallium-GABA:624,cluster,cross_species_WB,human,#68FDFF,Not assessed
human:Subpallium-GABA:625,cluster,cross_species_WB,human,#B4ECFD,Not assessed
human:Subpallium-GABA:626,cluster,cross_species_WB,human,#FDA375,Not assessed
human:Subpallium-GABA:627,cluster,cross_species_WB,human,#69FDFF,Not assessed
human:Subpallium-GABA:628,cluster,cross_species_WB,human,#B4ECFD,Not assessed
human:Subpallium-GABA:629,cluster,cross_species_WB,human,#4A2935,Not assessed
human:Subpallium-GABA:63,cluster,cross_species_WB,human,#9526A9,Not assessed
human:Subpallium-GABA:630,cluster,cross_species_WB,human,#805359,Not assessed
human:Subpallium-GABA:631,cluster,cross_species_WB,human,#4B2935,Not assessed
human:Subpallium-GABA:632,cluster,cross_species_WB,human,#7F5258,Not assessed
human:Subpallium-GABA:633,cluster,cross_species_WB,human,#4C2A36,Not assessed
human:Subpallium-GABA:634,cluster,cross_species_WB,human,#7F5258,Not assessed
human:Subpallium-GABA:635,cluster,cross_species_WB,human,#05FF08,Not assessed
human:Subpallium-GABA:636,cluster,cross_species_WB,human,#4C2A36,Not assessed
human:Subpallium-GABA:637,cluster,cross_species_WB,human,#49FD6F,Not assessed
human:Subpallium-GABA:638,cluster,cross_species_WB,human,#7E5158,Not assessed
human:Subpallium-GABA:639,cluster,cross_species_WB,human,#6AFDFF,Not assessed
human:Subpallium-GABA:64,cluster,cross_species_WB,human,#D46FC0,Not assessed
human:Subpallium-GABA:640,cluster,cross_species_WB,human,#3E1128,Not assessed
human:Subpallium-GABA:641,cluster,cross_species_WB,human,#B4ECFE,Not assessed
human:Subpallium-GABA:642,cluster,cross_species_WB,human,#8B3048,Not assessed
human:Subpallium-GABA:643,cluster,cross_species_WB,human,#4D2B37,Not assessed
human:Subpallium-GABA:644,cluster,cross_species_WB,human,#3F1129,Not assessed
human:Subpallium-GABA:645,cluster,cross_species_WB,human,#8B2F48,Not assessed
human:Subpallium-GABA:646,cluster,cross_species_WB,human,#401129,Not assessed
human:Subpallium-GABA:647,cluster,cross_species_WB,human,#7D5157,Not assessed
human:Subpallium-GABA:648,cluster,cross_species_WB,human,#4E2B37,Not assessed
human:Subpallium-GABA:649,cluster,cross_species_WB,human,#8A2F48,Not assessed
human:Subpallium-GABA:65,cluster,cross_species_WB,human,#4FFFF7,Not assessed
human:Subpallium-GABA:650,cluster,cross_species_WB,human,#41122A,Not assessed
human:Subpallium-GABA:651,cluster,cross_species_WB,human,#892E47,Not assessed
human:Subpallium-GABA:652,cluster,cross_species_WB,human,#42122B,Not assessed
human:Subpallium-GABA:653,cluster,cross_species_WB,human,#6AFCFF,Not assessed
human:Subpallium-GABA:654,cluster,cross_species_WB,human,#001ED5,Not assessed
human:Subpallium-GABA:655,cluster,cross_species_WB,human,#452EFC,Not assessed
human:Subpallium-GABA:656,cluster,cross_species_WB,human,#001CD8,Not assessed
human:Subpallium-GABA:657,cluster,cross_species_WB,human,#7D5057,Not assessed
human:Subpallium-GABA:658,cluster,cross_species_WB,human,#412BFC,Not assessed
human:Subpallium-GABA:659,cluster,cross_species_WB,human,#4F2C38,Not assessed
human:Subpallium-GABA:66,cluster,cross_species_WB,human,#B5E7FD,Not assessed
human:Subpallium-GABA:660,cluster,cross_species_WB,human,#A80A3F,Not assessed
human:Subpallium-GABA:661,cluster,cross_species_WB,human,#004C4B,Not assessed
human:Subpallium-GABA:662,cluster,cross_species_WB,human,#001BDB,Not assessed
human:Subpallium-GABA:663,cluster,cross_species_WB,human,#48C3FF,Not assessed
human:Subpallium-GABA:664,cluster,cross_species_WB,human,#E70075,Not assessed
human:Subpallium-GABA:665,cluster,cross_species_WB,human,#CE4900,Not assessed
human:Subpallium-GABA:666,cluster,cross_species_WB,human,#FF462A,Not assessed
human:Subpallium-GABA:667,cluster,cross_species_WB,human,#7C5056,Not assessed
human:Subpallium-GABA:668,cluster,cross_species_WB,human,#B4ECFE,Not assessed
human:Subpallium-GABA:669,cluster,cross_species_WB,human,#7A8E3E,Not assessed
human:Subpallium-GABA:67,cluster,cross_species_WB,human,#50FFF7,Not assessed
human:Subpallium-GABA:670,cluster,cross_species_WB,human,#A0C9FD,Not assessed
human:Subpallium-GABA:671,cluster,cross_species_WB,human,#882E47,Not assessed
human:Subpallium-GABA:672,cluster,cross_species_WB,human,#FBA935,Not assessed
human:Subpallium-GABA:673,cluster,cross_species_WB,human,#CF4A00,Not assessed
human:Subpallium-GABA:674,cluster,cross_species_WB,human,#7F543D,Not assessed
human:Subpallium-GABA:675,cluster,cross_species_WB,human,#4D2520,Not assessed
human:Subpallium-GABA:676,cluster,cross_species_WB,human,#7E523B,Not assessed
human:Subpallium-GABA:677,cluster,cross_species_WB,human,#2D8727,Not assessed
human:Subpallium-GABA:678,cluster,cross_species_WB,human,#36AA3C,Not assessed
human:Subpallium-GABA:679,cluster,cross_species_WB,human,#08FF0E,Not assessed
human:Subpallium-GABA:68,cluster,cross_species_WB,human,#B5E7FD,Not assessed
human:Subpallium-GABA:680,cluster,cross_species_WB,human,#FBA834,Not assessed
human:Subpallium-GABA:681,cluster,cross_species_WB,human,#88A44C,Not assessed
human:Subpallium-GABA:682,cluster,cross_species_WB,human,#D14B00,Not assessed
human:Subpallium-GABA:683,cluster,cross_species_WB,human,#FBA732,Not assessed
human:Subpallium-GABA:684,cluster,cross_species_WB,human,#46FD6A,Not assessed
human:Subpallium-GABA:685,cluster,cross_species_WB,human,#FDF8B4,Not assessed
human:Subpallium-GABA:686,cluster,cross_species_WB,human,#FFCA67,Not assessed
human:Subpallium-GABA:687,cluster,cross_species_WB,human,#EDBE4C,Not assessed
human:Subpallium-GABA:688,cluster,cross_species_WB,human,#2E8B28,Not assessed
human:Subpallium-GABA:689,cluster,cross_species_WB,human,#FDF8B4,Not assessed
human:Subpallium-GABA:69,cluster,cross_species_WB,human,#9827AB,Not assessed
human:Subpallium-GABA:690,cluster,cross_species_WB,human,#FFCB69,Not assessed
human:Subpallium-GABA:691,cluster,cross_species_WB,human,#43122B,Not assessed
human:Subpallium-GABA:692,cluster,cross_species_WB,human,#FEF7B4,Not assessed
human:Subpallium-GABA:693,cluster,cross_species_WB,human,#FFCD6B,Not assessed
human:Subpallium-GABA:694,cluster,cross_species_WB,human,#FEF7B4,Not assessed
human:Subpallium-GABA:695,cluster,cross_species_WB,human,#872E47,Not assessed
human:Subpallium-GABA:696,cluster,cross_species_WB,human,#FFCF6E,Not assessed
human:Subpallium-GABA:697,cluster,cross_species_WB,human,#4F2C38,Not assessed
human:Subpallium-GABA:698,cluster,cross_species_WB,human,#3C27FC,Not assessed
human:Subpallium-GABA:699,cluster,cross_species_WB,human,#0019DE,Not assessed
human:Subpallium-GABA:7,cluster,cross_species_WB,human,#B5E7FD,Not assessed
human:Subpallium-GABA:70,cluster,cross_species_WB,human,#50FFF7,Not assessed
human:Subpallium-GABA:700,cluster,cross_species_WB,human,#7B4F56,Not assessed
human:Subpallium-GABA:701,cluster,cross_species_WB,human,#3824FC,Not assessed
human:Subpallium-GABA:702,cluster,cross_species_WB,human,#0017E0,Not assessed
human:Subpallium-GABA:703,cluster,cross_species_WB,human,#3321FC,Not assessed
human:Subpallium-GABA:704,cluster,cross_species_WB,human,#0016E3,Not assessed
human:Subpallium-GABA:705,cluster,cross_species_WB,human,#2E1EFD,Not assessed
human:Subpallium-GABA:706,cluster,cross_species_WB,human,#6BFCFF,Not assessed
human:Subpallium-GABA:707,cluster,cross_species_WB,human,#B4ECFE,Not assessed
human:Subpallium-GABA:708,cluster,cross_species_WB,human,#765505,Not assessed
human:Subpallium-GABA:709,cluster,cross_species_WB,human,#B5A60E,Not assessed
human:Subpallium-GABA:71,cluster,cross_species_WB,human,#B5E7FD,Not assessed
human:Subpallium-GABA:710,cluster,cross_species_WB,human,#6BFCFF,Not assessed
human:Subpallium-GABA:711,cluster,cross_species_WB,human,#B4ECFE,Not assessed
human:Subpallium-GABA:712,cluster,cross_species_WB,human,#6CFCFF,Not assessed
human:Subpallium-GABA:713,cluster,cross_species_WB,human,#B4ECFE,Not assessed
human:Subpallium-GABA:714,cluster,cross_species_WB,human,#6DFCFF,Not assessed
human:Subpallium-GABA:715,cluster,cross_species_WB,human,#B4EDFE,Not assessed
human:Subpallium-GABA:716,cluster,cross_species_WB,human,#6DFBFF,Not assessed
human:Subpallium-GABA:717,cluster,cross_species_WB,human,#B4EDFE,Not assessed
human:Subpallium-GABA:718,cluster,cross_species_WB,human,#6EFBFF,Not assessed
human:Subpallium-GABA:719,cluster,cross_species_WB,human,#FF2715,Not assessed
human:Subpallium-GABA:72,cluster,cross_species_WB,human,#51FFF8,Not assessed
human:Subpallium-GABA:720,cluster,cross_species_WB,human,#D24C00,Not assessed
human:Subpallium-GABA:721,cluster,cross_species_WB,human,#047699,Not assessed
human:Subpallium-GABA:722,cluster,cross_species_WB,human,#004C4B,Not assessed
human:Subpallium-GABA:723,cluster,cross_species_WB,human,#847C16,Not assessed
human:Subpallium-GABA:724,cluster,cross_species_WB,human,#4B3B0A,Not assessed
human:Subpallium-GABA:725,cluster,cross_species_WB,human,#037598,Not assessed
human:Subpallium-GABA:726,cluster,cross_species_WB,human,#807815,Not assessed
human:Subpallium-GABA:727,cluster,cross_species_WB,human,#4F3F0B,Not assessed
human:Subpallium-GABA:728,cluster,cross_species_WB,human,#7C7314,Not assessed
human:Subpallium-GABA:729,cluster,cross_species_WB,human,#A8963A,Not assessed
human:Subpallium-GABA:73,cluster,cross_species_WB,human,#3D0F29,Not assessed
human:Subpallium-GABA:730,cluster,cross_species_WB,human,#C0C05B,Not assessed
human:Subpallium-GABA:731,cluster,cross_species_WB,human,#20AA1B,Not assessed
human:Subpallium-GABA:732,cluster,cross_species_WB,human,#004C4B,Not assessed
human:Subpallium-GABA:733,cluster,cross_species_WB,human,#2B823A,Not assessed
human:Subpallium-GABA:734,cluster,cross_species_WB,human,#1FFDE6,Not assessed
human:Subpallium-GABA:735,cluster,cross_species_WB,human,#B02DBB,Not assessed
human:Subpallium-GABA:736,cluster,cross_species_WB,human,#39BFC5,Not assessed
human:Subpallium-GABA:737,cluster,cross_species_WB,human,#D059C2,Not assessed
human:Subpallium-GABA:738,cluster,cross_species_WB,human,#7EBFD3,Not assessed
human:Subpallium-GABA:739,cluster,cross_species_WB,human,#3DBFC7,Not assessed
human:Subpallium-GABA:74,cluster,cross_species_WB,human,#99374C,Not assessed
human:Subpallium-GABA:740,cluster,cross_species_WB,human,#1D6800,Not assessed
human:Subpallium-GABA:741,cluster,cross_species_WB,human,#B42EBD,Not assessed
human:Subpallium-GABA:742,cluster,cross_species_WB,human,#B4EDFE,Not assessed
human:Subpallium-GABA:743,cluster,cross_species_WB,human,#6FFBFF,Not assessed
human:Subpallium-GABA:744,cluster,cross_species_WB,human,#B4EDFE,Not assessed
human:Subpallium-GABA:745,cluster,cross_species_WB,human,#44132C,Not assessed
human:Subpallium-GABA:746,cluster,cross_species_WB,human,#6FFBFF,Not assessed
human:Subpallium-GABA:747,cluster,cross_species_WB,human,#B4EDFE,Not assessed
human:Subpallium-GABA:748,cluster,cross_species_WB,human,#70FBFF,Not assessed
human:Subpallium-GABA:749,cluster,cross_species_WB,human,#B4EDFE,Not assessed
human:Subpallium-GABA:75,cluster,cross_species_WB,human,#3D1029,Not assessed
human:Subpallium-GABA:750,cluster,cross_species_WB,human,#71FAFF,Not assessed
human:Subpallium-GABA:751,cluster,cross_species_WB,human,#B4EDFE,Not assessed
human:Subpallium-GABA:752,cluster,cross_species_WB,human,#71FAFF,Not assessed
human:Subpallium-GABA:753,cluster,cross_species_WB,human,#862D46,Not assessed
human:Subpallium-GABA:754,cluster,cross_species_WB,human,#45132C,Not assessed
human:Subpallium-GABA:755,cluster,cross_species_WB,human,#E31531,Not assessed
human:Subpallium-GABA:756,cluster,cross_species_WB,human,#852D46,Not assessed
human:Subpallium-GABA:757,cluster,cross_species_WB,human,#FBA631,Not assessed
human:Subpallium-GABA:758,cluster,cross_species_WB,human,#037598,Not assessed
human:Subpallium-GABA:759,cluster,cross_species_WB,human,#D34D00,Not assessed
human:Subpallium-GABA:76,cluster,cross_species_WB,human,#97083F,Not assessed
human:Subpallium-GABA:760,cluster,cross_species_WB,human,#004C4B,Not assessed
human:Subpallium-GABA:761,cluster,cross_species_WB,human,#037597,Not assessed
human:Subpallium-GABA:762,cluster,cross_species_WB,human,#004C4C,Not assessed
human:Subpallium-GABA:763,cluster,cross_species_WB,human,#4F2621,Not assessed
human:Subpallium-GABA:764,cluster,cross_species_WB,human,#7C503A,Not assessed
human:Subpallium-GABA:765,cluster,cross_species_WB,human,#FBA530,Not assessed
human:Subpallium-GABA:766,cluster,cross_species_WB,human,#B9029C,Not assessed
human:Subpallium-GABA:767,cluster,cross_species_WB,human,#740079,Not assessed
human:Subpallium-GABA:768,cluster,cross_species_WB,human,#D44F00,Not assessed
human:Subpallium-GABA:769,cluster,cross_species_WB,human,#FBA32E,Not assessed
human:Subpallium-GABA:77,cluster,cross_species_WB,human,#D36DC0,Not assessed
human:Subpallium-GABA:770,cluster,cross_species_WB,human,#78F1FD,Not assessed
human:Subpallium-GABA:771,cluster,cross_species_WB,human,#28FFE1,Not assessed
human:Subpallium-GABA:772,cluster,cross_species_WB,human,#037496,Not assessed
human:Subpallium-GABA:773,cluster,cross_species_WB,human,#0DC604,Not assessed
human:Subpallium-GABA:774,cluster,cross_species_WB,human,#1D6A00,Not assessed
human:Subpallium-GABA:775,cluster,cross_species_WB,human,#0EC404,Not assessed
human:Subpallium-GABA:776,cluster,cross_species_WB,human,#1D6B00,Not assessed
human:Subpallium-GABA:777,cluster,cross_species_WB,human,#0EC304,Not assessed
human:Subpallium-GABA:778,cluster,cross_species_WB,human,#1D6D00,Not assessed
human:Subpallium-GABA:779,cluster,cross_species_WB,human,#74F2FD,Not assessed
human:Subpallium-GABA:78,cluster,cross_species_WB,human,#B23400,Not assessed
human:Subpallium-GABA:780,cluster,cross_species_WB,human,#0FC204,Not assessed
human:Subpallium-GABA:781,cluster,cross_species_WB,human,#1D6E00,Not assessed
human:Subpallium-GABA:782,cluster,cross_species_WB,human,#EC8511,Not assessed
human:Subpallium-GABA:783,cluster,cross_species_WB,human,#B6029B,Not assessed
human:Subpallium-GABA:784,cluster,cross_species_WB,human,#78007C,Not assessed
human:Subpallium-GABA:785,cluster,cross_species_WB,human,#B4029B,Not assessed
human:Subpallium-GABA:786,cluster,cross_species_WB,human,#D55000,Not assessed
human:Subpallium-GABA:787,cluster,cross_species_WB,human,#004C4C,Not assessed
human:Subpallium-GABA:788,cluster,cross_species_WB,human,#C8444A,Not assessed
human:Subpallium-GABA:789,cluster,cross_species_WB,human,#D17B73,Not assessed
human:Subpallium-GABA:79,cluster,cross_species_WB,human,#E92233,Not assessed
human:Subpallium-GABA:790,cluster,cross_species_WB,human,#785705,Not assessed
human:Subpallium-GABA:791,cluster,cross_species_WB,human,#B3A30D,Not assessed
human:Subpallium-GABA:792,cluster,cross_species_WB,human,#7A5A06,Not assessed
human:Subpallium-GABA:793,cluster,cross_species_WB,human,#B1A00D,Not assessed
human:Subpallium-GABA:794,cluster,cross_species_WB,human,#7ABED2,Not assessed
human:Subpallium-GABA:795,cluster,cross_species_WB,human,#42BEC7,Not assessed
human:Subpallium-GABA:796,cluster,cross_species_WB,human,#75BDD1,Not assessed
human:Subpallium-GABA:797,cluster,cross_species_WB,human,#FBA22D,Not assessed
human:Subpallium-GABA:798,cluster,cross_species_WB,human,#D1A074,Not assessed
human:Subpallium-GABA:799,cluster,cross_species_WB,human,#C94B4E,Not assessed
human:Subpallium-GABA:8,cluster,cross_species_WB,human,#4EFFF6,Not assessed
human:Subpallium-GABA:80,cluster,cross_species_WB,human,#004C47,Not assessed
human:Subpallium-GABA:800,cluster,cross_species_WB,human,#C87047,Not assessed
human:Subpallium-GABA:801,cluster,cross_species_WB,human,#D09D71,Not assessed
human:Subpallium-GABA:802,cluster,cross_species_WB,human,#C9744A,Not assessed
human:Subpallium-GABA:803,cluster,cross_species_WB,human,#7D5D06,Not assessed
human:Subpallium-GABA:804,cluster,cross_species_WB,human,#4AC3FF,Not assessed
human:Subpallium-GABA:805,cluster,cross_species_WB,human,#9DC8FD,Not assessed
human:Subpallium-GABA:806,cluster,cross_species_WB,human,#4DC2FF,Not assessed
human:Subpallium-GABA:807,cluster,cross_species_WB,human,#9BC8FD,Not assessed
human:Subpallium-GABA:808,cluster,cross_species_WB,human,#4FC2FF,Not assessed
human:Subpallium-GABA:809,cluster,cross_species_WB,human,#99C7FE,Not assessed
human:Subpallium-GABA:81,cluster,cross_species_WB,human,#F9BF52,Not assessed
human:Subpallium-GABA:810,cluster,cross_species_WB,human,#51C2FF,Not assessed
human:Subpallium-GABA:811,cluster,cross_species_WB,human,#96C6FE,Not assessed
human:Subpallium-GABA:812,cluster,cross_species_WB,human,#AF9C0D,Not assessed
human:Subpallium-GABA:813,cluster,cross_species_WB,human,#FDA072,Not assessed
human:Subpallium-GABA:814,cluster,cross_species_WB,human,#B4EDFE,Not assessed
human:Subpallium-GABA:815,cluster,cross_species_WB,human,#502D39,Not assessed
human:Subpallium-GABA:816,cluster,cross_species_WB,human,#FEF6B4,Not assessed
human:Subpallium-GABA:817,cluster,cross_species_WB,human,#47132D,Not assessed
human:Subpallium-GABA:818,cluster,cross_species_WB,human,#842C46,Not assessed
human:Subpallium-GABA:819,cluster,cross_species_WB,human,#72FAFF,Not assessed
human:Subpallium-GABA:82,cluster,cross_species_WB,human,#057CAB,Not assessed
human:Subpallium-GABA:820,cluster,cross_species_WB,human,#48142D,Not assessed
human:Subpallium-GABA:821,cluster,cross_species_WB,human,#832C46,Not assessed
human:Subpallium-GABA:822,cluster,cross_species_WB,human,#49142E,Not assessed
human:Subpallium-GABA:823,cluster,cross_species_WB,human,#B4EEFE,Not assessed
human:Subpallium-GABA:824,cluster,cross_species_WB,human,#822B45,Not assessed
human:Subpallium-GABA:825,cluster,cross_species_WB,human,#4A142E,Not assessed
human:Subpallium-GABA:826,cluster,cross_species_WB,human,#812B45,Not assessed
human:Subpallium-GABA:827,cluster,cross_species_WB,human,#4B152F,Not assessed
human:Subpallium-GABA:828,cluster,cross_species_WB,human,#FD1A74,Not assessed
human:Subpallium-GABA:829,cluster,cross_species_WB,human,#802A45,Not assessed
human:Subpallium-GABA:83,cluster,cross_species_WB,human,#004C48,Not assessed
human:Subpallium-GABA:830,cluster,cross_species_WB,human,#0014E6,Not assessed
human:Subpallium-GABA:831,cluster,cross_species_WB,human,#291BFD,Not assessed
human:Subpallium-GABA:832,cluster,cross_species_WB,human,#EE0074,Not assessed
human:Subpallium-GABA:833,cluster,cross_species_WB,human,#4C152F,Not assessed
human:Subpallium-GABA:834,cluster,cross_species_WB,human,#FFD170,Not assessed
human:Subpallium-GABA:835,cluster,cross_species_WB,human,#FEF6B4,Not assessed
human:Subpallium-GABA:836,cluster,cross_species_WB,human,#FFD273,Not assessed
human:Subpallium-GABA:837,cluster,cross_species_WB,human,#FEF5B4,Not assessed
human:Subpallium-GABA:838,cluster,cross_species_WB,human,#FFD475,Not assessed
human:Subpallium-GABA:839,cluster,cross_species_WB,human,#FEF5B4,Not assessed
human:Subpallium-GABA:84,cluster,cross_species_WB,human,#057CAA,Not assessed
human:Subpallium-GABA:840,cluster,cross_species_WB,human,#FFD677,Not assessed
human:Subpallium-GABA:841,cluster,cross_species_WB,human,#0012E9,Not assessed
human:Subpallium-GABA:842,cluster,cross_species_WB,human,#7F5F06,Not assessed
human:Subpallium-GABA:843,cluster,cross_species_WB,human,#037495,Not assessed
human:Subpallium-GABA:844,cluster,cross_species_WB,human,#238C14,Not assessed
human:Subpallium-GABA:845,cluster,cross_species_WB,human,#47BDC8,Not assessed
human:Subpallium-GABA:846,cluster,cross_species_WB,human,#164E17,Not assessed
human:Subpallium-GABA:847,cluster,cross_species_WB,human,#71BDD0,Not assessed
human:Subpallium-GABA:848,cluster,cross_species_WB,human,#7F2A44,Not assessed
human:Subpallium-GABA:849,cluster,cross_species_WB,human,#D75100,Not assessed
human:Subpallium-GABA:85,cluster,cross_species_WB,human,#3E1A18,Not assessed
human:Subpallium-GABA:850,cluster,cross_species_WB,human,#FBA12C,Not assessed
human:Subpallium-GABA:851,cluster,cross_species_WB,human,#004C4C,Not assessed
human:Subpallium-GABA:852,cluster,cross_species_WB,human,#D85200,Not assessed
human:Subpallium-GABA:853,cluster,cross_species_WB,human,#0FC003,Not assessed
human:Subpallium-GABA:854,cluster,cross_species_WB,human,#1D7000,Not assessed
human:Subpallium-GABA:855,cluster,cross_species_WB,human,#2BFFE4,Not assessed
human:Subpallium-GABA:856,cluster,cross_species_WB,human,#71F3FD,Not assessed
human:Subpallium-GABA:857,cluster,cross_species_WB,human,#46C86E,Not assessed
human:Subpallium-GABA:858,cluster,cross_species_WB,human,#72D19A,Not assessed
human:Subpallium-GABA:859,cluster,cross_species_WB,human,#4D1530,Not assessed
human:Subpallium-GABA:86,cluster,cross_species_WB,human,#B43500,Not assessed
human:Subpallium-GABA:860,cluster,cross_species_WB,human,#FCA02B,Not assessed
human:Subpallium-GABA:861,cluster,cross_species_WB,human,#037494,Not assessed
human:Subpallium-GABA:862,cluster,cross_species_WB,human,#004C4C,Not assessed
human:Subpallium-GABA:863,cluster,cross_species_WB,human,#037393,Not assessed
human:Subpallium-GABA:864,cluster,cross_species_WB,human,#CF736D,Not assessed
human:Subpallium-GABA:865,cluster,cross_species_WB,human,#004C4C,Not assessed
human:Subpallium-GABA:866,cluster,cross_species_WB,human,#037392,Not assessed
human:Subpallium-GABA:867,cluster,cross_species_WB,human,#004C4C,Not assessed
human:Subpallium-GABA:868,cluster,cross_species_WB,human,#D09A6E,Not assessed
human:Subpallium-GABA:869,cluster,cross_species_WB,human,#037291,Not assessed
human:Subpallium-GABA:87,cluster,cross_species_WB,human,#F9BE51,Not assessed
human:Subpallium-GABA:870,cluster,cross_species_WB,human,#0CFF13,Not assessed
human:Subpallium-GABA:871,cluster,cross_species_WB,human,#7E2944,Not assessed
human:Subpallium-GABA:872,cluster,cross_species_WB,human,#42FD66,Not assessed
human:Subpallium-GABA:873,cluster,cross_species_WB,human,#4E1630,Not assessed
human:Subpallium-GABA:874,cluster,cross_species_WB,human,#53430B,Not assessed
human:Subpallium-GABA:875,cluster,cross_species_WB,human,#D95300,Not assessed
human:Subpallium-GABA:876,cluster,cross_species_WB,human,#FC9F29,Not assessed
human:Subpallium-GABA:877,cluster,cross_species_WB,human,#C9774D,Not assessed
human:Subpallium-GABA:878,cluster,cross_species_WB,human,#CF976B,Not assessed
human:Subpallium-GABA:879,cluster,cross_species_WB,human,#DA5400,Not assessed
human:Subpallium-GABA:88,cluster,cross_species_WB,human,#8B6144,Not assessed
human:Subpallium-GABA:880,cluster,cross_species_WB,human,#FC9E28,Not assessed
human:Subpallium-GABA:89,cluster,cross_species_WB,human,#07DE0B,Not assessed
human:Subpallium-GABA:9,cluster,cross_species_WB,human,#B5E7FD,Not assessed
human:Subpallium-GABA:90,cluster,cross_species_WB,human,#004C48,Not assessed
human:Subpallium-GABA:91,cluster,cross_species_WB,human,#057CA9,Not assessed
human:Subpallium-GABA:92,cluster,cross_species_WB,human,#38C35C,Not assessed
human:Subpallium-GABA:93,cluster,cross_species_WB,human,#82D4A9,Not assessed
human:Subpallium-GABA:94,cluster,cross_species_WB,human,#B53600,Not assessed
human:Subpallium-GABA:95,cluster,cross_species_WB,human,#FABD50,Not assessed
human:Subpallium-GABA:96,cluster,cross_species_WB,human,#CF05A0,Not assessed
human:Subpallium-GABA:97,cluster,cross_species_WB,human,#560061,Not assessed
human:Subpallium-GABA:98,cluster,cross_species_WB,human,#5E3D03,Not assessed
human:Subpallium-GABA:99,cluster,cross_species_WB,human,#004C48,Not assessed
human:TH-EPI-Glut:1,cluster,cross_species_WB,human,#1FE046,Not assessed
human:TH-EPI-Glut:10,cluster,cross_species_WB,human,#ABECCF,Not assessed
human:TH-EPI-Glut:100,cluster,cross_species_WB,human,#B5FDDD,Not assessed
human:TH-EPI-Glut:101,cluster,cross_species_WB,human,#9EEAC5,Not assessed
human:TH-EPI-Glut:102,cluster,cross_species_WB,human,#30E15B,Not assessed
human:TH-EPI-Glut:103,cluster,cross_species_WB,human,#9CFFB2,Not assessed
human:TH-EPI-Glut:104,cluster,cross_species_WB,human,#B5FDDC,Not assessed
human:TH-EPI-Glut:105,cluster,cross_species_WB,human,#9EFFB4,Not assessed
human:TH-EPI-Glut:106,cluster,cross_species_WB,human,#B5FDDC,Not assessed
human:TH-EPI-Glut:107,cluster,cross_species_WB,human,#9DEAC5,Not assessed
human:TH-EPI-Glut:108,cluster,cross_species_WB,human,#A0FFB6,Not assessed
human:TH-EPI-Glut:109,cluster,cross_species_WB,human,#B5FDDC,Not assessed
human:TH-EPI-Glut:11,cluster,cross_species_WB,human,#21E048,Not assessed
human:TH-EPI-Glut:110,cluster,cross_species_WB,human,#A2FFB8,Not assessed
human:TH-EPI-Glut:111,cluster,cross_species_WB,human,#31E15C,Not assessed
human:TH-EPI-Glut:112,cluster,cross_species_WB,human,#B4FDDB,Not assessed
human:TH-EPI-Glut:113,cluster,cross_species_WB,human,#A4FFBA,Not assessed
human:TH-EPI-Glut:114,cluster,cross_species_WB,human,#B4FDDB,Not assessed
human:TH-EPI-Glut:115,cluster,cross_species_WB,human,#45727C,Not assessed
human:TH-EPI-Glut:116,cluster,cross_species_WB,human,#A6FFBC,Not assessed
human:TH-EPI-Glut:117,cluster,cross_species_WB,human,#B4FDDB,Not assessed
human:TH-EPI-Glut:118,cluster,cross_species_WB,human,#A8FFBE,Not assessed
human:TH-EPI-Glut:119,cluster,cross_species_WB,human,#9CEAC4,Not assessed
human:TH-EPI-Glut:12,cluster,cross_species_WB,human,#AAECCF,Not assessed
human:TH-EPI-Glut:120,cluster,cross_species_WB,human,#32E15D,Not assessed
human:TH-EPI-Glut:121,cluster,cross_species_WB,human,#9BEAC3,Not assessed
human:TH-EPI-Glut:122,cluster,cross_species_WB,human,#33E15E,Not assessed
human:TH-EPI-Glut:123,cluster,cross_species_WB,human,#9AEAC3,Not assessed
human:TH-EPI-Glut:124,cluster,cross_species_WB,human,#2A84B3,Not assessed
human:TH-EPI-Glut:125,cluster,cross_species_WB,human,#6392D2,Not assessed
human:TH-EPI-Glut:126,cluster,cross_species_WB,human,#34E15F,Not assessed
human:TH-EPI-Glut:127,cluster,cross_species_WB,human,#2C85B5,Not assessed
human:TH-EPI-Glut:128,cluster,cross_species_WB,human,#114C00,Not assessed
human:TH-EPI-Glut:129,cluster,cross_species_WB,human,#7E95AB,Not assessed
human:TH-EPI-Glut:13,cluster,cross_species_WB,human,#94FFAA,Not assessed
human:TH-EPI-Glut:130,cluster,cross_species_WB,human,#46747E,Not assessed
human:TH-EPI-Glut:131,cluster,cross_species_WB,human,#03950F,Not assessed
human:TH-EPI-Glut:132,cluster,cross_species_WB,human,#104C00,Not assessed
human:TH-EPI-Glut:133,cluster,cross_species_WB,human,#7C94AA,Not assessed
human:TH-EPI-Glut:134,cluster,cross_species_WB,human,#477580,Not assessed
human:TH-EPI-Glut:135,cluster,cross_species_WB,human,#03930E,Not assessed
human:TH-EPI-Glut:136,cluster,cross_species_WB,human,#104C00,Not assessed
human:TH-EPI-Glut:137,cluster,cross_species_WB,human,#7A93A9,Not assessed
human:TH-EPI-Glut:138,cluster,cross_species_WB,human,#497682,Not assessed
human:TH-EPI-Glut:139,cluster,cross_species_WB,human,#7792A8,Not assessed
human:TH-EPI-Glut:14,cluster,cross_species_WB,human,#22E049,Not assessed
human:TH-EPI-Glut:140,cluster,cross_species_WB,human,#4A7784,Not assessed
human:TH-EPI-Glut:141,cluster,cross_species_WB,human,#02900C,Not assessed
human:TH-EPI-Glut:142,cluster,cross_species_WB,human,#99EAC2,Not assessed
human:TH-EPI-Glut:143,cluster,cross_species_WB,human,#35E161,Not assessed
human:TH-EPI-Glut:144,cluster,cross_species_WB,human,#98E9C1,Not assessed
human:TH-EPI-Glut:145,cluster,cross_species_WB,human,#36E162,Not assessed
human:TH-EPI-Glut:146,cluster,cross_species_WB,human,#0F4C00,Not assessed
human:TH-EPI-Glut:147,cluster,cross_species_WB,human,#97E9C1,Not assessed
human:TH-EPI-Glut:148,cluster,cross_species_WB,human,#0CF59F,Not assessed
human:TH-EPI-Glut:149,cluster,cross_species_WB,human,#37E163,Not assessed
human:TH-EPI-Glut:15,cluster,cross_species_WB,human,#B5FDDE,Not assessed
human:TH-EPI-Glut:150,cluster,cross_species_WB,human,#97E9C0,Not assessed
human:TH-EPI-Glut:151,cluster,cross_species_WB,human,#38E164,Not assessed
human:TH-EPI-Glut:152,cluster,cross_species_WB,human,#040068,Not assessed
human:TH-EPI-Glut:153,cluster,cross_species_WB,human,#4404C6,Not assessed
human:TH-EPI-Glut:154,cluster,cross_species_WB,human,#51F3D6,Not assessed
human:TH-EPI-Glut:155,cluster,cross_species_WB,human,#96E9BF,Not assessed
human:TH-EPI-Glut:156,cluster,cross_species_WB,human,#39E165,Not assessed
human:TH-EPI-Glut:157,cluster,cross_species_WB,human,#10F5A3,Not assessed
human:TH-EPI-Glut:158,cluster,cross_species_WB,human,#95E9BF,Not assessed
human:TH-EPI-Glut:159,cluster,cross_species_WB,human,#028D0A,Not assessed
human:TH-EPI-Glut:16,cluster,cross_species_WB,human,#AAECCE,Not assessed
human:TH-EPI-Glut:160,cluster,cross_species_WB,human,#DAA8B5,Not assessed
human:TH-EPI-Glut:161,cluster,cross_species_WB,human,#C24B91,Not assessed
human:TH-EPI-Glut:162,cluster,cross_species_WB,human,#0E4C00,Not assessed
human:TH-EPI-Glut:163,cluster,cross_species_WB,human,#D9A6B4,Not assessed
human:TH-EPI-Glut:164,cluster,cross_species_WB,human,#028A09,Not assessed
human:TH-EPI-Glut:165,cluster,cross_species_WB,human,#0E4C00,Not assessed
human:TH-EPI-Glut:166,cluster,cross_species_WB,human,#4EF3D4,Not assessed
human:TH-EPI-Glut:167,cluster,cross_species_WB,human,#C24D91,Not assessed
human:TH-EPI-Glut:168,cluster,cross_species_WB,human,#D8A4B3,Not assessed
human:TH-EPI-Glut:169,cluster,cross_species_WB,human,#C25091,Not assessed
human:TH-EPI-Glut:17,cluster,cross_species_WB,human,#134C00,Not assessed
human:TH-EPI-Glut:170,cluster,cross_species_WB,human,#D8A2B1,Not assessed
human:TH-EPI-Glut:171,cluster,cross_species_WB,human,#C35292,Not assessed
human:TH-EPI-Glut:172,cluster,cross_species_WB,human,#D7A0B0,Not assessed
human:TH-EPI-Glut:173,cluster,cross_species_WB,human,#C35492,Not assessed
human:TH-EPI-Glut:174,cluster,cross_species_WB,human,#D69FAF,Not assessed
human:TH-EPI-Glut:175,cluster,cross_species_WB,human,#B4F1FD,Not assessed
human:TH-EPI-Glut:176,cluster,cross_species_WB,human,#C45692,Not assessed
human:TH-EPI-Glut:177,cluster,cross_species_WB,human,#D69DAE,Not assessed
human:TH-EPI-Glut:178,cluster,cross_species_WB,human,#C45893,Not assessed
human:TH-EPI-Glut:179,cluster,cross_species_WB,human,#D59BAD,Not assessed
human:TH-EPI-Glut:18,cluster,cross_species_WB,human,#049D15,Not assessed
human:TH-EPI-Glut:180,cluster,cross_species_WB,human,#C55A93,Not assessed
human:TH-EPI-Glut:181,cluster,cross_species_WB,human,#D599AC,Not assessed
human:TH-EPI-Glut:182,cluster,cross_species_WB,human,#C55C94,Not assessed
human:TH-EPI-Glut:183,cluster,cross_species_WB,human,#D497AB,Not assessed
human:TH-EPI-Glut:184,cluster,cross_species_WB,human,#6FE2FB,Not assessed
human:TH-EPI-Glut:185,cluster,cross_species_WB,human,#00E2BA,Not assessed
human:TH-EPI-Glut:186,cluster,cross_species_WB,human,#6DE3FB,Not assessed
human:TH-EPI-Glut:187,cluster,cross_species_WB,human,#00E4BD,Not assessed
human:TH-EPI-Glut:188,cluster,cross_species_WB,human,#6BE3FB,Not assessed
human:TH-EPI-Glut:189,cluster,cross_species_WB,human,#4EFFE8,Not assessed
human:TH-EPI-Glut:19,cluster,cross_species_WB,human,#C04590,Not assessed
human:TH-EPI-Glut:190,cluster,cross_species_WB,human,#B4FDDA,Not assessed
human:TH-EPI-Glut:191,cluster,cross_species_WB,human,#AAFFC0,Not assessed
human:TH-EPI-Glut:192,cluster,cross_species_WB,human,#00E7C0,Not assessed
human:TH-EPI-Glut:193,cluster,cross_species_WB,human,#68E4FB,Not assessed
human:TH-EPI-Glut:194,cluster,cross_species_WB,human,#00E9C3,Not assessed
human:TH-EPI-Glut:195,cluster,cross_species_WB,human,#B4FDDA,Not assessed
human:TH-EPI-Glut:196,cluster,cross_species_WB,human,#ACFFC2,Not assessed
human:TH-EPI-Glut:197,cluster,cross_species_WB,human,#66E5FB,Not assessed
human:TH-EPI-Glut:198,cluster,cross_species_WB,human,#00EBC7,Not assessed
human:TH-EPI-Glut:199,cluster,cross_species_WB,human,#B4FDDA,Not assessed
human:TH-EPI-Glut:2,cluster,cross_species_WB,human,#ACECD0,Not assessed
human:TH-EPI-Glut:20,cluster,cross_species_WB,human,#2882AD,Not assessed
human:TH-EPI-Glut:200,cluster,cross_species_WB,human,#AEFFC4,Not assessed
human:TH-EPI-Glut:201,cluster,cross_species_WB,human,#BAF8F6,Not assessed
human:TH-EPI-Glut:202,cluster,cross_species_WB,human,#71F6CD,Not assessed
human:TH-EPI-Glut:203,cluster,cross_species_WB,human,#63E5FB,Not assessed
human:TH-EPI-Glut:204,cluster,cross_species_WB,human,#B4FDD9,Not assessed
human:TH-EPI-Glut:205,cluster,cross_species_WB,human,#00EECA,Not assessed
human:TH-EPI-Glut:206,cluster,cross_species_WB,human,#61E6FB,Not assessed
human:TH-EPI-Glut:207,cluster,cross_species_WB,human,#00F0CE,Not assessed
human:TH-EPI-Glut:208,cluster,cross_species_WB,human,#5FE7FC,Not assessed
human:TH-EPI-Glut:209,cluster,cross_species_WB,human,#B0FFC5,Not assessed
human:TH-EPI-Glut:21,cluster,cross_species_WB,human,#6A94D3,Not assessed
human:TH-EPI-Glut:210,cluster,cross_species_WB,human,#00F2D1,Not assessed
human:TH-EPI-Glut:211,cluster,cross_species_WB,human,#B4FDD9,Not assessed
human:TH-EPI-Glut:212,cluster,cross_species_WB,human,#7591A7,Not assessed
human:TH-EPI-Glut:213,cluster,cross_species_WB,human,#BAF8F5,Not assessed
human:TH-EPI-Glut:214,cluster,cross_species_WB,human,#75F6D0,Not assessed
human:TH-EPI-Glut:215,cluster,cross_species_WB,human,#BAF8F5,Not assessed
human:TH-EPI-Glut:216,cluster,cross_species_WB,human,#78F6D2,Not assessed
human:TH-EPI-Glut:217,cluster,cross_species_WB,human,#BAF8F4,Not assessed
human:TH-EPI-Glut:218,cluster,cross_species_WB,human,#7CF6D4,Not assessed
human:TH-EPI-Glut:219,cluster,cross_species_WB,human,#BAF8F4,Not assessed
human:TH-EPI-Glut:22,cluster,cross_species_WB,human,#2983B0,Not assessed
human:TH-EPI-Glut:220,cluster,cross_species_WB,human,#7FF6D6,Not assessed
human:TH-EPI-Glut:221,cluster,cross_species_WB,human,#B9F8F3,Not assessed
human:TH-EPI-Glut:222,cluster,cross_species_WB,human,#83F6D8,Not assessed
human:TH-EPI-Glut:223,cluster,cross_species_WB,human,#B9F8F3,Not assessed
human:TH-EPI-Glut:224,cluster,cross_species_WB,human,#B2FFC7,Not assessed
human:TH-EPI-Glut:225,cluster,cross_species_WB,human,#B4FED8,Not assessed
human:TH-EPI-Glut:226,cluster,cross_species_WB,human,#B2FFC8,Not assessed
human:TH-EPI-Glut:227,cluster,cross_species_WB,human,#B4FED8,Not assessed
human:TH-EPI-Glut:228,cluster,cross_species_WB,human,#B2FFC9,Not assessed
human:TH-EPI-Glut:229,cluster,cross_species_WB,human,#B4FED8,Not assessed
human:TH-EPI-Glut:23,cluster,cross_species_WB,human,#DBACB7,Not assessed
human:TH-EPI-Glut:230,cluster,cross_species_WB,human,#86F6DB,Not assessed
human:TH-EPI-Glut:231,cluster,cross_species_WB,human,#B9F8F2,Not assessed
human:TH-EPI-Glut:232,cluster,cross_species_WB,human,#B2FFC9,Not assessed
human:TH-EPI-Glut:233,cluster,cross_species_WB,human,#8AF6DD,Not assessed
human:TH-EPI-Glut:234,cluster,cross_species_WB,human,#05006B,Not assessed
human:TH-EPI-Glut:235,cluster,cross_species_WB,human,#4103C3,Not assessed
human:TH-EPI-Glut:236,cluster,cross_species_WB,human,#06006E,Not assessed
human:TH-EPI-Glut:237,cluster,cross_species_WB,human,#3F03C1,Not assessed
human:TH-EPI-Glut:238,cluster,cross_species_WB,human,#070071,Not assessed
human:TH-EPI-Glut:239,cluster,cross_species_WB,human,#5CE7FC,Not assessed
human:TH-EPI-Glut:24,cluster,cross_species_WB,human,#6793D2,Not assessed
human:TH-EPI-Glut:240,cluster,cross_species_WB,human,#00F4D5,Not assessed
human:TH-EPI-Glut:241,cluster,cross_species_WB,human,#3AE166,Not assessed
human:TH-EPI-Glut:242,cluster,cross_species_WB,human,#5AE8FC,Not assessed
human:TH-EPI-Glut:243,cluster,cross_species_WB,human,#94E9BE,Not assessed
human:TH-EPI-Glut:244,cluster,cross_species_WB,human,#00F7D8,Not assessed
human:TH-EPI-Glut:245,cluster,cross_species_WB,human,#3BE167,Not assessed
human:TH-EPI-Glut:246,cluster,cross_species_WB,human,#57E9FC,Not assessed
human:TH-EPI-Glut:247,cluster,cross_species_WB,human,#00F9DC,Not assessed
human:TH-EPI-Glut:248,cluster,cross_species_WB,human,#55EAFC,Not assessed
human:TH-EPI-Glut:249,cluster,cross_species_WB,human,#00FBDF,Not assessed
human:TH-EPI-Glut:25,cluster,cross_species_WB,human,#23E04A,Not assessed
human:TH-EPI-Glut:250,cluster,cross_species_WB,human,#53EBFC,Not assessed
human:TH-EPI-Glut:251,cluster,cross_species_WB,human,#B6F8F1,Not assessed
human:TH-EPI-Glut:252,cluster,cross_species_WB,human,#8DF6DE,Not assessed
human:TH-EPI-Glut:253,cluster,cross_species_WB,human,#00FEE3,Not assessed
human:TH-EPI-Glut:254,cluster,cross_species_WB,human,#B2F8F0,Not assessed
human:TH-EPI-Glut:255,cluster,cross_species_WB,human,#B1F1FE,Not assessed
human:TH-EPI-Glut:256,cluster,cross_species_WB,human,#51FFEA,Not assessed
human:TH-EPI-Glut:257,cluster,cross_species_WB,human,#AEF1FE,Not assessed
human:TH-EPI-Glut:258,cluster,cross_species_WB,human,#54FFEC,Not assessed
human:TH-EPI-Glut:259,cluster,cross_species_WB,human,#ABF2FE,Not assessed
human:TH-EPI-Glut:26,cluster,cross_species_WB,human,#A9ECCE,Not assessed
human:TH-EPI-Glut:260,cluster,cross_species_WB,human,#57FFED,Not assessed
human:TH-EPI-Glut:261,cluster,cross_species_WB,human,#A8F2FE,Not assessed
human:TH-EPI-Glut:262,cluster,cross_species_WB,human,#5AFFEF,Not assessed
human:TH-EPI-Glut:263,cluster,cross_species_WB,human,#A6F2FE,Not assessed
human:TH-EPI-Glut:264,cluster,cross_species_WB,human,#5DFFF1,Not assessed
human:TH-EPI-Glut:265,cluster,cross_species_WB,human,#A3F3FE,Not assessed
human:TH-EPI-Glut:266,cluster,cross_species_WB,human,#5FFFF2,Not assessed
human:TH-EPI-Glut:267,cluster,cross_species_WB,human,#A0F3FE,Not assessed
human:TH-EPI-Glut:268,cluster,cross_species_WB,human,#91F6E0,Not assessed
human:TH-EPI-Glut:269,cluster,cross_species_WB,human,#62FFF4,Not assessed
human:TH-EPI-Glut:27,cluster,cross_species_WB,human,#24E04C,Not assessed
human:TH-EPI-Glut:270,cluster,cross_species_WB,human,#9DF4FE,Not assessed
human:TH-EPI-Glut:271,cluster,cross_species_WB,human,#50EBFC,Not assessed
human:TH-EPI-Glut:272,cluster,cross_species_WB,human,#65FFF6,Not assessed
human:TH-EPI-Glut:273,cluster,cross_species_WB,human,#9AF5FE,Not assessed
human:TH-EPI-Glut:274,cluster,cross_species_WB,human,#68FFF7,Not assessed
human:TH-EPI-Glut:275,cluster,cross_species_WB,human,#01FFE5,Not assessed
human:TH-EPI-Glut:276,cluster,cross_species_WB,human,#97F5FE,Not assessed
human:TH-EPI-Glut:277,cluster,cross_species_WB,human,#6BFFF8,Not assessed
human:TH-EPI-Glut:278,cluster,cross_species_WB,human,#94F6FE,Not assessed
human:TH-EPI-Glut:279,cluster,cross_species_WB,human,#6EFFFA,Not assessed
human:TH-EPI-Glut:28,cluster,cross_species_WB,human,#A8ECCD,Not assessed
human:TH-EPI-Glut:280,cluster,cross_species_WB,human,#91F7FE,Not assessed
human:TH-EPI-Glut:281,cluster,cross_species_WB,human,#794C65,Not assessed
human:TH-EPI-Glut:282,cluster,cross_species_WB,human,#93E9BD,Not assessed
human:TH-EPI-Glut:283,cluster,cross_species_WB,human,#B4FED7,Not assessed
human:TH-EPI-Glut:284,cluster,cross_species_WB,human,#B2FFC9,Not assessed
human:TH-EPI-Glut:285,cluster,cross_species_WB,human,#3CE168,Not assessed
human:TH-EPI-Glut:286,cluster,cross_species_WB,human,#92E9BD,Not assessed
human:TH-EPI-Glut:287,cluster,cross_species_WB,human,#6091D1,Not assessed
human:TH-EPI-Glut:288,cluster,cross_species_WB,human,#4C7986,Not assessed
human:TH-EPI-Glut:289,cluster,cross_species_WB,human,#2D86B8,Not assessed
human:TH-EPI-Glut:29,cluster,cross_species_WB,human,#124C00,Not assessed
human:TH-EPI-Glut:290,cluster,cross_species_WB,human,#7390A6,Not assessed
human:TH-EPI-Glut:291,cluster,cross_species_WB,human,#4D7A88,Not assessed
human:TH-EPI-Glut:292,cluster,cross_species_WB,human,#028807,Not assessed
human:TH-EPI-Glut:293,cluster,cross_species_WB,human,#0D4C00,Not assessed
human:TH-EPI-Glut:294,cluster,cross_species_WB,human,#708FA5,Not assessed
human:TH-EPI-Glut:295,cluster,cross_species_WB,human,#4F7B89,Not assessed
human:TH-EPI-Glut:296,cluster,cross_species_WB,human,#6E8EA4,Not assessed
human:TH-EPI-Glut:297,cluster,cross_species_WB,human,#507C8B,Not assessed
human:TH-EPI-Glut:298,cluster,cross_species_WB,human,#3DE169,Not assessed
human:TH-EPI-Glut:299,cluster,cross_species_WB,human,#13F5A6,Not assessed
human:TH-EPI-Glut:3,cluster,cross_species_WB,human,#7DD456,Not assessed
human:TH-EPI-Glut:30,cluster,cross_species_WB,human,#01005F,Not assessed
human:TH-EPI-Glut:300,cluster,cross_species_WB,human,#91E8BC,Not assessed
human:TH-EPI-Glut:301,cluster,cross_species_WB,human,#3EE16A,Not assessed
human:TH-EPI-Glut:302,cluster,cross_species_WB,human,#91E8BB,Not assessed
human:TH-EPI-Glut:303,cluster,cross_species_WB,human,#3FE16C,Not assessed
human:TH-EPI-Glut:304,cluster,cross_species_WB,human,#028506,Not assessed
human:TH-EPI-Glut:305,cluster,cross_species_WB,human,#0C4C00,Not assessed
human:TH-EPI-Glut:306,cluster,cross_species_WB,human,#90E8BA,Not assessed
human:TH-EPI-Glut:307,cluster,cross_species_WB,human,#C55E94,Not assessed
human:TH-EPI-Glut:308,cluster,cross_species_WB,human,#D395AA,Not assessed
human:TH-EPI-Glut:309,cluster,cross_species_WB,human,#C66095,Not assessed
human:TH-EPI-Glut:31,cluster,cross_species_WB,human,#039B13,Not assessed
human:TH-EPI-Glut:310,cluster,cross_species_WB,human,#D393A9,Not assessed
human:TH-EPI-Glut:311,cluster,cross_species_WB,human,#C66295,Not assessed
human:TH-EPI-Glut:312,cluster,cross_species_WB,human,#40E16D,Not assessed
human:TH-EPI-Glut:313,cluster,cross_species_WB,human,#D291A8,Not assessed
human:TH-EPI-Glut:314,cluster,cross_species_WB,human,#8FE8BA,Not assessed
human:TH-EPI-Glut:315,cluster,cross_species_WB,human,#C76596,Not assessed
human:TH-EPI-Glut:316,cluster,cross_species_WB,human,#4EECFC,Not assessed
human:TH-EPI-Glut:317,cluster,cross_species_WB,human,#03FFE7,Not assessed
human:TH-EPI-Glut:318,cluster,cross_species_WB,human,#4BEDFC,Not assessed
human:TH-EPI-Glut:319,cluster,cross_species_WB,human,#06FFE9,Not assessed
human:TH-EPI-Glut:32,cluster,cross_species_WB,human,#25E04D,Not assessed
human:TH-EPI-Glut:320,cluster,cross_species_WB,human,#41E16E,Not assessed
human:TH-EPI-Glut:321,cluster,cross_species_WB,human,#49EEFD,Not assessed
human:TH-EPI-Glut:322,cluster,cross_species_WB,human,#3C03BE,Not assessed
human:TH-EPI-Glut:323,cluster,cross_species_WB,human,#B4FED7,Not assessed
human:TH-EPI-Glut:324,cluster,cross_species_WB,human,#B2FFCA,Not assessed
human:TH-EPI-Glut:325,cluster,cross_species_WB,human,#B4FED7,Not assessed
human:TH-EPI-Glut:326,cluster,cross_species_WB,human,#B2FFCA,Not assessed
human:TH-EPI-Glut:327,cluster,cross_species_WB,human,#080074,Not assessed
human:TH-EPI-Glut:328,cluster,cross_species_WB,human,#3903BB,Not assessed
human:TH-EPI-Glut:329,cluster,cross_species_WB,human,#8EE8B9,Not assessed
human:TH-EPI-Glut:33,cluster,cross_species_WB,human,#A7ECCC,Not assessed
human:TH-EPI-Glut:330,cluster,cross_species_WB,human,#0A0077,Not assessed
human:TH-EPI-Glut:331,cluster,cross_species_WB,human,#3602B8,Not assessed
human:TH-EPI-Glut:332,cluster,cross_species_WB,human,#0B007A,Not assessed
human:TH-EPI-Glut:333,cluster,cross_species_WB,human,#3402B5,Not assessed
human:TH-EPI-Glut:334,cluster,cross_species_WB,human,#0C007D,Not assessed
human:TH-EPI-Glut:335,cluster,cross_species_WB,human,#3102B3,Not assessed
human:TH-EPI-Glut:336,cluster,cross_species_WB,human,#AFF8EE,Not assessed
human:TH-EPI-Glut:337,cluster,cross_species_WB,human,#6C8DA3,Not assessed
human:TH-EPI-Glut:338,cluster,cross_species_WB,human,#527E8D,Not assessed
human:TH-EPI-Glut:339,cluster,cross_species_WB,human,#698CA2,Not assessed
human:TH-EPI-Glut:34,cluster,cross_species_WB,human,#26E04E,Not assessed
human:TH-EPI-Glut:340,cluster,cross_species_WB,human,#42E16F,Not assessed
human:TH-EPI-Glut:341,cluster,cross_species_WB,human,#537F8F,Not assessed
human:TH-EPI-Glut:342,cluster,cross_species_WB,human,#8DE8B8,Not assessed
human:TH-EPI-Glut:343,cluster,cross_species_WB,human,#018204,Not assessed
human:TH-EPI-Glut:344,cluster,cross_species_WB,human,#4AF3D2,Not assessed
human:TH-EPI-Glut:345,cluster,cross_species_WB,human,#94F7E2,Not assessed
human:TH-EPI-Glut:346,cluster,cross_species_WB,human,#B4FED6,Not assessed
human:TH-EPI-Glut:347,cluster,cross_species_WB,human,#0E0081,Not assessed
human:TH-EPI-Glut:348,cluster,cross_species_WB,human,#58334C,Not assessed
human:TH-EPI-Glut:349,cluster,cross_species_WB,human,#744861,Not assessed
human:TH-EPI-Glut:35,cluster,cross_species_WB,human,#A6EBCC,Not assessed
human:TH-EPI-Glut:350,cluster,cross_species_WB,human,#43E170,Not assessed
human:TH-EPI-Glut:351,cluster,cross_species_WB,human,#8CE8B8,Not assessed
human:TH-EPI-Glut:36,cluster,cross_species_WB,human,#27E14F,Not assessed
human:TH-EPI-Glut:37,cluster,cross_species_WB,human,#A5EBCB,Not assessed
human:TH-EPI-Glut:38,cluster,cross_species_WB,human,#28E150,Not assessed
human:TH-EPI-Glut:39,cluster,cross_species_WB,human,#A4EBCB,Not assessed
human:TH-EPI-Glut:4,cluster,cross_species_WB,human,#09D8CA,Not assessed
human:TH-EPI-Glut:40,cluster,cross_species_WB,human,#29E152,Not assessed
human:TH-EPI-Glut:41,cluster,cross_species_WB,human,#A4EBCA,Not assessed
human:TH-EPI-Glut:42,cluster,cross_species_WB,human,#2AE153,Not assessed
human:TH-EPI-Glut:43,cluster,cross_species_WB,human,#A3EBC9,Not assessed
human:TH-EPI-Glut:44,cluster,cross_species_WB,human,#2BE154,Not assessed
human:TH-EPI-Glut:45,cluster,cross_species_WB,human,#43717A,Not assessed
human:TH-EPI-Glut:46,cluster,cross_species_WB,human,#124C00,Not assessed
human:TH-EPI-Glut:47,cluster,cross_species_WB,human,#4D05CE,Not assessed
human:TH-EPI-Glut:48,cluster,cross_species_WB,human,#020062,Not assessed
human:TH-EPI-Glut:49,cluster,cross_species_WB,human,#63F3E1,Not assessed
human:TH-EPI-Glut:5,cluster,cross_species_WB,human,#07E586,Not assessed
human:TH-EPI-Glut:50,cluster,cross_species_WB,human,#4A04CC,Not assessed
human:TH-EPI-Glut:51,cluster,cross_species_WB,human,#08EC8E,Not assessed
human:TH-EPI-Glut:52,cluster,cross_species_WB,human,#5FF3DF,Not assessed
human:TH-EPI-Glut:53,cluster,cross_species_WB,human,#08EF93,Not assessed
human:TH-EPI-Glut:54,cluster,cross_species_WB,human,#FF4A6D,Not assessed
human:TH-EPI-Glut:55,cluster,cross_species_WB,human,#FE9EA1,Not assessed
human:TH-EPI-Glut:56,cluster,cross_species_WB,human,#5CF3DD,Not assessed
human:TH-EPI-Glut:57,cluster,cross_species_WB,human,#FF5A75,Not assessed
human:TH-EPI-Glut:58,cluster,cross_species_WB,human,#A2EBC9,Not assessed
human:TH-EPI-Glut:59,cluster,cross_species_WB,human,#2CE155,Not assessed
human:TH-EPI-Glut:6,cluster,cross_species_WB,human,#3EE6F1,Not assessed
human:TH-EPI-Glut:60,cluster,cross_species_WB,human,#C14790,Not assessed
human:TH-EPI-Glut:61,cluster,cross_species_WB,human,#DAAAB6,Not assessed
human:TH-EPI-Glut:62,cluster,cross_species_WB,human,#C14990,Not assessed
human:TH-EPI-Glut:63,cluster,cross_species_WB,human,#00E0B6,Not assessed
human:TH-EPI-Glut:64,cluster,cross_species_WB,human,#43FFE0,Not assessed
human:TH-EPI-Glut:65,cluster,cross_species_WB,human,#96FFAC,Not assessed
human:TH-EPI-Glut:66,cluster,cross_species_WB,human,#B4EFFD,Not assessed
human:TH-EPI-Glut:67,cluster,cross_species_WB,human,#6AF6C8,Not assessed
human:TH-EPI-Glut:68,cluster,cross_species_WB,human,#B5FDDD,Not assessed
human:TH-EPI-Glut:69,cluster,cross_species_WB,human,#BAF7F6,Not assessed
human:TH-EPI-Glut:7,cluster,cross_species_WB,human,#66F3E3,Not assessed
human:TH-EPI-Glut:70,cluster,cross_species_WB,human,#020065,Not assessed
human:TH-EPI-Glut:71,cluster,cross_species_WB,human,#4704C9,Not assessed
human:TH-EPI-Glut:72,cluster,cross_species_WB,human,#A7E19D,Not assessed
human:TH-EPI-Glut:73,cluster,cross_species_WB,human,#82D560,Not assessed
human:TH-EPI-Glut:74,cluster,cross_species_WB,human,#A1EBC8,Not assessed
human:TH-EPI-Glut:75,cluster,cross_species_WB,human,#2DE156,Not assessed
human:TH-EPI-Glut:76,cluster,cross_species_WB,human,#46FFE2,Not assessed
human:TH-EPI-Glut:77,cluster,cross_species_WB,human,#6EF6CB,Not assessed
human:TH-EPI-Glut:78,cluster,cross_species_WB,human,#B4F0FD,Not assessed
human:TH-EPI-Glut:79,cluster,cross_species_WB,human,#49FFE4,Not assessed
human:TH-EPI-Glut:8,cluster,cross_species_WB,human,#07E88A,Not assessed
human:TH-EPI-Glut:80,cluster,cross_species_WB,human,#B4F0FD,Not assessed
human:TH-EPI-Glut:81,cluster,cross_species_WB,human,#4BFFE6,Not assessed
human:TH-EPI-Glut:82,cluster,cross_species_WB,human,#09F297,Not assessed
human:TH-EPI-Glut:83,cluster,cross_species_WB,human,#4D2B43,Not assessed
human:TH-EPI-Glut:84,cluster,cross_species_WB,human,#7E5069,Not assessed
human:TH-EPI-Glut:85,cluster,cross_species_WB,human,#8197AC,Not assessed
human:TH-EPI-Glut:86,cluster,cross_species_WB,human,#522F48,Not assessed
human:TH-EPI-Glut:87,cluster,cross_species_WB,human,#58F3DB,Not assessed
human:TH-EPI-Glut:88,cluster,cross_species_WB,human,#A0EBC7,Not assessed
human:TH-EPI-Glut:89,cluster,cross_species_WB,human,#2EE158,Not assessed
human:TH-EPI-Glut:9,cluster,cross_species_WB,human,#20E047,Not assessed
human:TH-EPI-Glut:90,cluster,cross_species_WB,human,#039811,Not assessed
human:TH-EPI-Glut:91,cluster,cross_species_WB,human,#98FFAE,Not assessed
human:TH-EPI-Glut:92,cluster,cross_species_WB,human,#9FEAC7,Not assessed
human:TH-EPI-Glut:93,cluster,cross_species_WB,human,#09F59B,Not assessed
human:TH-EPI-Glut:94,cluster,cross_species_WB,human,#55F3D9,Not assessed
human:TH-EPI-Glut:95,cluster,cross_species_WB,human,#2FE159,Not assessed
human:TH-EPI-Glut:96,cluster,cross_species_WB,human,#B5FDDD,Not assessed
human:TH-EPI-Glut:97,cluster,cross_species_WB,human,#9EEAC6,Not assessed
human:TH-EPI-Glut:98,cluster,cross_species_WB,human,#9AFFB0,Not assessed
human:TH-EPI-Glut:99,cluster,cross_species_WB,human,#30E15A,Not assessed
macaque:HY-EA-Glut-GABA:1,cluster,cross_species_WB,macaque,#69CDCA,Not assessed
macaque:HY-EA-Glut-GABA:10,cluster,cross_species_WB,macaque,#303B55,Not assessed
macaque:HY-EA-Glut-GABA:100,cluster,cross_species_WB,macaque,#A80166,Not assessed
macaque:HY-EA-Glut-GABA:101,cluster,cross_species_WB,macaque,#92566C,Not assessed
macaque:HY-EA-Glut-GABA:102,cluster,cross_species_WB,macaque,#5C00C7,Not assessed
macaque:HY-EA-Glut-GABA:103,cluster,cross_species_WB,macaque,#C7451E,Not assessed
macaque:HY-EA-Glut-GABA:104,cluster,cross_species_WB,macaque,#0200B4,Not assessed
macaque:HY-EA-Glut-GABA:105,cluster,cross_species_WB,macaque,#F5FE5E,Not assessed
macaque:HY-EA-Glut-GABA:106,cluster,cross_species_WB,macaque,#2402E2,Not assessed
macaque:HY-EA-Glut-GABA:107,cluster,cross_species_WB,macaque,#BA1A8D,Not assessed
macaque:HY-EA-Glut-GABA:108,cluster,cross_species_WB,macaque,#0400B7,Not assessed
macaque:HY-EA-Glut-GABA:109,cluster,cross_species_WB,macaque,#2102DF,Not assessed
macaque:HY-EA-Glut-GABA:11,cluster,cross_species_WB,macaque,#4A4F76,Not assessed
macaque:HY-EA-Glut-GABA:110,cluster,cross_species_WB,macaque,#0600BB,Not assessed
macaque:HY-EA-Glut-GABA:111,cluster,cross_species_WB,macaque,#1E01DC,Not assessed
macaque:HY-EA-Glut-GABA:112,cluster,cross_species_WB,macaque,#C9FD2F,Not assessed
macaque:HY-EA-Glut-GABA:113,cluster,cross_species_WB,macaque,#FD1A51,Not assessed
macaque:HY-EA-Glut-GABA:114,cluster,cross_species_WB,macaque,#2FC0FE,Not assessed
macaque:HY-EA-Glut-GABA:115,cluster,cross_species_WB,macaque,#EA0057,Not assessed
macaque:HY-EA-Glut-GABA:116,cluster,cross_species_WB,macaque,#FD1750,Not assessed
macaque:HY-EA-Glut-GABA:117,cluster,cross_species_WB,macaque,#ED0056,Not assessed
macaque:HY-EA-Glut-GABA:118,cluster,cross_species_WB,macaque,#FD1450,Not assessed
macaque:HY-EA-Glut-GABA:119,cluster,cross_species_WB,macaque,#EF0055,Not assessed
macaque:HY-EA-Glut-GABA:12,cluster,cross_species_WB,macaque,#8F2300,Not assessed
macaque:HY-EA-Glut-GABA:120,cluster,cross_species_WB,macaque,#DC2695,Not assessed
macaque:HY-EA-Glut-GABA:121,cluster,cross_species_WB,macaque,#60FEC2,Not assessed
macaque:HY-EA-Glut-GABA:122,cluster,cross_species_WB,macaque,#40FFA9,Not assessed
macaque:HY-EA-Glut-GABA:123,cluster,cross_species_WB,macaque,#FF3C79,Not assessed
macaque:HY-EA-Glut-GABA:124,cluster,cross_species_WB,macaque,#513A62,Not assessed
macaque:HY-EA-Glut-GABA:125,cluster,cross_species_WB,macaque,#BE1B8F,Not assessed
macaque:HY-EA-Glut-GABA:126,cluster,cross_species_WB,macaque,#5BFEBE,Not assessed
macaque:HY-EA-Glut-GABA:127,cluster,cross_species_WB,macaque,#9CFE5E,Not assessed
macaque:HY-EA-Glut-GABA:128,cluster,cross_species_WB,macaque,#8F9000,Not assessed
macaque:HY-EA-Glut-GABA:129,cluster,cross_species_WB,macaque,#98FF41,Not assessed
macaque:HY-EA-Glut-GABA:13,cluster,cross_species_WB,macaque,#323C57,Not assessed
macaque:HY-EA-Glut-GABA:130,cluster,cross_species_WB,macaque,#9BFE59,Not assessed
macaque:HY-EA-Glut-GABA:131,cluster,cross_species_WB,macaque,#FECA62,Not assessed
macaque:HY-EA-Glut-GABA:132,cluster,cross_species_WB,macaque,#FFB03F,Not assessed
macaque:HY-EA-Glut-GABA:133,cluster,cross_species_WB,macaque,#319F5E,Not assessed
macaque:HY-EA-Glut-GABA:134,cluster,cross_species_WB,macaque,#FEC65C,Not assessed
macaque:HY-EA-Glut-GABA:135,cluster,cross_species_WB,macaque,#494E75,Not assessed
macaque:HY-EA-Glut-GABA:136,cluster,cross_species_WB,macaque,#333D58,Not assessed
macaque:HY-EA-Glut-GABA:137,cluster,cross_species_WB,macaque,#B48502,Not assessed
macaque:HY-EA-Glut-GABA:138,cluster,cross_species_WB,macaque,#824F00,Not assessed
macaque:HY-EA-Glut-GABA:139,cluster,cross_species_WB,macaque,#AF7F01,Not assessed
macaque:HY-EA-Glut-GABA:14,cluster,cross_species_WB,macaque,#29395E,Not assessed
macaque:HY-EA-Glut-GABA:140,cluster,cross_species_WB,macaque,#875500,Not assessed
macaque:HY-EA-Glut-GABA:141,cluster,cross_species_WB,macaque,#AA7801,Not assessed
macaque:HY-EA-Glut-GABA:142,cluster,cross_species_WB,macaque,#8D5A00,Not assessed
macaque:HY-EA-Glut-GABA:143,cluster,cross_species_WB,macaque,#484D73,Not assessed
macaque:HY-EA-Glut-GABA:144,cluster,cross_species_WB,macaque,#343E5A,Not assessed
macaque:HY-EA-Glut-GABA:145,cluster,cross_species_WB,macaque,#464C72,Not assessed
macaque:HY-EA-Glut-GABA:146,cluster,cross_species_WB,macaque,#353F5C,Not assessed
macaque:HY-EA-Glut-GABA:147,cluster,cross_species_WB,macaque,#34FEF5,Not assessed
macaque:HY-EA-Glut-GABA:148,cluster,cross_species_WB,macaque,#454B70,Not assessed
macaque:HY-EA-Glut-GABA:149,cluster,cross_species_WB,macaque,#FE1150,Not assessed
macaque:HY-EA-Glut-GABA:15,cluster,cross_species_WB,macaque,#C286CF,Not assessed
macaque:HY-EA-Glut-GABA:150,cluster,cross_species_WB,macaque,#6BFF3B,Not assessed
macaque:HY-EA-Glut-GABA:151,cluster,cross_species_WB,macaque,#FFBC7B,Not assessed
macaque:HY-EA-Glut-GABA:152,cluster,cross_species_WB,macaque,#C4FB4F,Not assessed
macaque:HY-EA-Glut-GABA:153,cluster,cross_species_WB,macaque,#3DCC9E,Not assessed
macaque:HY-EA-Glut-GABA:154,cluster,cross_species_WB,macaque,#79FE60,Not assessed
macaque:HY-EA-Glut-GABA:155,cluster,cross_species_WB,macaque,#D15121,Not assessed
macaque:HY-EA-Glut-GABA:156,cluster,cross_species_WB,macaque,#631378,Not assessed
macaque:HY-EA-Glut-GABA:157,cluster,cross_species_WB,macaque,#316C53,Not assessed
macaque:HY-EA-Glut-GABA:158,cluster,cross_species_WB,macaque,#470D5D,Not assessed
macaque:HY-EA-Glut-GABA:159,cluster,cross_species_WB,macaque,#61602B,Not assessed
macaque:HY-EA-Glut-GABA:16,cluster,cross_species_WB,macaque,#B774CA,Not assessed
macaque:HY-EA-Glut-GABA:160,cluster,cross_species_WB,macaque,#FE3579,Not assessed
macaque:HY-EA-Glut-GABA:161,cluster,cross_species_WB,macaque,#6A6B31,Not assessed
macaque:HY-EA-Glut-GABA:162,cluster,cross_species_WB,macaque,#FF1E76,Not assessed
macaque:HY-EA-Glut-GABA:163,cluster,cross_species_WB,macaque,#A000BF,Not assessed
macaque:HY-EA-Glut-GABA:164,cluster,cross_species_WB,macaque,#D1C573,Not assessed
macaque:HY-EA-Glut-GABA:165,cluster,cross_species_WB,macaque,#C201D8,Not assessed
macaque:HY-EA-Glut-GABA:166,cluster,cross_species_WB,macaque,#610162,Not assessed
macaque:HY-EA-Glut-GABA:167,cluster,cross_species_WB,macaque,#FE2F78,Not assessed
macaque:HY-EA-Glut-GABA:168,cluster,cross_species_WB,macaque,#C9A849,Not assessed
macaque:HY-EA-Glut-GABA:169,cluster,cross_species_WB,macaque,#2A0E60,Not assessed
macaque:HY-EA-Glut-GABA:17,cluster,cross_species_WB,macaque,#5D436D,Not assessed
macaque:HY-EA-Glut-GABA:170,cluster,cross_species_WB,macaque,#45004C,Not assessed
macaque:HY-EA-Glut-GABA:171,cluster,cross_species_WB,macaque,#14FF9B,Not assessed
macaque:HY-EA-Glut-GABA:172,cluster,cross_species_WB,macaque,#36405D,Not assessed
macaque:HY-EA-Glut-GABA:173,cluster,cross_species_WB,macaque,#D0C26F,Not assessed
macaque:HY-EA-Glut-GABA:174,cluster,cross_species_WB,macaque,#39FEBD,Not assessed
macaque:HY-EA-Glut-GABA:175,cluster,cross_species_WB,macaque,#17FF9E,Not assessed
macaque:HY-EA-Glut-GABA:176,cluster,cross_species_WB,macaque,#36FEBB,Not assessed
macaque:HY-EA-Glut-GABA:177,cluster,cross_species_WB,macaque,#444A6F,Not assessed
macaque:HY-EA-Glut-GABA:178,cluster,cross_species_WB,macaque,#5C2E0D,Not assessed
macaque:HY-EA-Glut-GABA:179,cluster,cross_species_WB,macaque,#443877,Not assessed
macaque:HY-EA-Glut-GABA:18,cluster,cross_species_WB,macaque,#6ADFD4,Not assessed
macaque:HY-EA-Glut-GABA:180,cluster,cross_species_WB,macaque,#703F11,Not assessed
macaque:HY-EA-Glut-GABA:181,cluster,cross_species_WB,macaque,#282556,Not assessed
macaque:HY-EA-Glut-GABA:182,cluster,cross_species_WB,macaque,#433775,Not assessed
macaque:HY-EA-Glut-GABA:183,cluster,cross_species_WB,macaque,#292658,Not assessed
macaque:HY-EA-Glut-GABA:184,cluster,cross_species_WB,macaque,#423774,Not assessed
macaque:HY-EA-Glut-GABA:185,cluster,cross_species_WB,macaque,#5E2F0D,Not assessed
macaque:HY-EA-Glut-GABA:186,cluster,cross_species_WB,macaque,#2A2759,Not assessed
macaque:HY-EA-Glut-GABA:187,cluster,cross_species_WB,macaque,#403673,Not assessed
macaque:HY-EA-Glut-GABA:188,cluster,cross_species_WB,macaque,#00BF5D,Not assessed
macaque:HY-EA-Glut-GABA:189,cluster,cross_species_WB,macaque,#01D877,Not assessed
macaque:HY-EA-Glut-GABA:19,cluster,cross_species_WB,macaque,#33416E,Not assessed
macaque:HY-EA-Glut-GABA:190,cluster,cross_species_WB,macaque,#2B275A,Not assessed
macaque:HY-EA-Glut-GABA:191,cluster,cross_species_WB,macaque,#3F3571,Not assessed
macaque:HY-EA-Glut-GABA:192,cluster,cross_species_WB,macaque,#5B0D53,Not assessed
macaque:HY-EA-Glut-GABA:193,cluster,cross_species_WB,macaque,#F20054,Not assessed
macaque:HY-EA-Glut-GABA:194,cluster,cross_species_WB,macaque,#FE0E50,Not assessed
macaque:HY-EA-Glut-GABA:195,cluster,cross_species_WB,macaque,#8D33C8,Not assessed
macaque:HY-EA-Glut-GABA:196,cluster,cross_species_WB,macaque,#711160,Not assessed
macaque:HY-EA-Glut-GABA:197,cluster,cross_species_WB,macaque,#0800BE,Not assessed
macaque:HY-EA-Glut-GABA:198,cluster,cross_species_WB,macaque,#F0FF89,Not assessed
macaque:HY-EA-Glut-GABA:199,cluster,cross_species_WB,macaque,#ECFEA9,Not assessed
macaque:HY-EA-Glut-GABA:2,cluster,cross_species_WB,macaque,#50250B,Not assessed
macaque:HY-EA-Glut-GABA:20,cluster,cross_species_WB,macaque,#3EFDC1,Not assessed
macaque:HY-EA-Glut-GABA:200,cluster,cross_species_WB,macaque,#8C005F,Not assessed
macaque:HY-EA-Glut-GABA:201,cluster,cross_species_WB,macaque,#EFFF8C,Not assessed
macaque:HY-EA-Glut-GABA:202,cluster,cross_species_WB,macaque,#FFFD42,Not assessed
macaque:HY-EA-Glut-GABA:203,cluster,cross_species_WB,macaque,#A50165,Not assessed
macaque:HY-EA-Glut-GABA:204,cluster,cross_species_WB,macaque,#8E0060,Not assessed
macaque:HY-EA-Glut-GABA:205,cluster,cross_species_WB,macaque,#A30165,Not assessed
macaque:HY-EA-Glut-GABA:206,cluster,cross_species_WB,macaque,#DA2394,Not assessed
macaque:HY-EA-Glut-GABA:207,cluster,cross_species_WB,macaque,#C21C90,Not assessed
macaque:HY-EA-Glut-GABA:208,cluster,cross_species_WB,macaque,#1C01D9,Not assessed
macaque:HY-EA-Glut-GABA:209,cluster,cross_species_WB,macaque,#0A00C2,Not assessed
macaque:HY-EA-Glut-GABA:21,cluster,cross_species_WB,macaque,#12FF98,Not assessed
macaque:HY-EA-Glut-GABA:210,cluster,cross_species_WB,macaque,#F7FE58,Not assessed
macaque:HY-EA-Glut-GABA:22,cluster,cross_species_WB,macaque,#17C2FD,Not assessed
macaque:HY-EA-Glut-GABA:23,cluster,cross_species_WB,macaque,#3CFDBF,Not assessed
macaque:HY-EA-Glut-GABA:24,cluster,cross_species_WB,macaque,#34A665,Not assessed
macaque:HY-EA-Glut-GABA:25,cluster,cross_species_WB,macaque,#2A8F4D,Not assessed
macaque:HY-EA-Glut-GABA:26,cluster,cross_species_WB,macaque,#32A261,Not assessed
macaque:HY-EA-Glut-GABA:27,cluster,cross_species_WB,macaque,#7358FE,Not assessed
macaque:HY-EA-Glut-GABA:28,cluster,cross_species_WB,macaque,#2B9350,Not assessed
macaque:HY-EA-Glut-GABA:29,cluster,cross_species_WB,macaque,#63B0F3,Not assessed
macaque:HY-EA-Glut-GABA:3,cluster,cross_species_WB,macaque,#7CFE66,Not assessed
macaque:HY-EA-Glut-GABA:30,cluster,cross_species_WB,macaque,#4BAFF3,Not assessed
macaque:HY-EA-Glut-GABA:31,cluster,cross_species_WB,macaque,#5DB0F3,Not assessed
macaque:HY-EA-Glut-GABA:32,cluster,cross_species_WB,macaque,#7B4914,Not assessed
macaque:HY-EA-Glut-GABA:33,cluster,cross_species_WB,macaque,#C8A545,Not assessed
macaque:HY-EA-Glut-GABA:34,cluster,cross_species_WB,macaque,#52270B,Not assessed
macaque:HY-EA-Glut-GABA:35,cluster,cross_species_WB,macaque,#794713,Not assessed
macaque:HY-EA-Glut-GABA:36,cluster,cross_species_WB,macaque,#7A9ACC,Not assessed
macaque:HY-EA-Glut-GABA:37,cluster,cross_species_WB,macaque,#54280B,Not assessed
macaque:HY-EA-Glut-GABA:38,cluster,cross_species_WB,macaque,#8ABDD0,Not assessed
macaque:HY-EA-Glut-GABA:39,cluster,cross_species_WB,macaque,#6DB9C9,Not assessed
macaque:HY-EA-Glut-GABA:4,cluster,cross_species_WB,macaque,#3BFFA4,Not assessed
macaque:HY-EA-Glut-GABA:40,cluster,cross_species_WB,macaque,#36D3DD,Not assessed
macaque:HY-EA-Glut-GABA:41,cluster,cross_species_WB,macaque,#87BCD0,Not assessed
macaque:HY-EA-Glut-GABA:42,cluster,cross_species_WB,macaque,#70B9C9,Not assessed
macaque:HY-EA-Glut-GABA:43,cluster,cross_species_WB,macaque,#84BCCF,Not assessed
macaque:HY-EA-Glut-GABA:44,cluster,cross_species_WB,macaque,#73B9CA,Not assessed
macaque:HY-EA-Glut-GABA:45,cluster,cross_species_WB,macaque,#23214F,Not assessed
macaque:HY-EA-Glut-GABA:46,cluster,cross_species_WB,macaque,#493C7C,Not assessed
macaque:HY-EA-Glut-GABA:47,cluster,cross_species_WB,macaque,#64FCFF,Not assessed
macaque:HY-EA-Glut-GABA:48,cluster,cross_species_WB,macaque,#774513,Not assessed
macaque:HY-EA-Glut-GABA:49,cluster,cross_species_WB,macaque,#242251,Not assessed
macaque:HY-EA-Glut-GABA:5,cluster,cross_species_WB,macaque,#A53401,Not assessed
macaque:HY-EA-Glut-GABA:50,cluster,cross_species_WB,macaque,#83F4FE,Not assessed
macaque:HY-EA-Glut-GABA:51,cluster,cross_species_WB,macaque,#56290C,Not assessed
macaque:HY-EA-Glut-GABA:52,cluster,cross_species_WB,macaque,#764412,Not assessed
macaque:HY-EA-Glut-GABA:53,cluster,cross_species_WB,macaque,#827E00,Not assessed
macaque:HY-EA-Glut-GABA:54,cluster,cross_species_WB,macaque,#45004C,Not assessed
macaque:HY-EA-Glut-GABA:55,cluster,cross_species_WB,macaque,#A3B102,Not assessed
macaque:HY-EA-Glut-GABA:56,cluster,cross_species_WB,macaque,#898700,Not assessed
macaque:HY-EA-Glut-GABA:57,cluster,cross_species_WB,macaque,#9FAA01,Not assessed
macaque:HY-EA-Glut-GABA:58,cluster,cross_species_WB,macaque,#483B7A,Not assessed
macaque:HY-EA-Glut-GABA:59,cluster,cross_species_WB,macaque,#252352,Not assessed
macaque:HY-EA-Glut-GABA:6,cluster,cross_species_WB,macaque,#7DCFD1,Not assessed
macaque:HY-EA-Glut-GABA:60,cluster,cross_species_WB,macaque,#473A79,Not assessed
macaque:HY-EA-Glut-GABA:61,cluster,cross_species_WB,macaque,#262453,Not assessed
macaque:HY-EA-Glut-GABA:62,cluster,cross_species_WB,macaque,#453978,Not assessed
macaque:HY-EA-Glut-GABA:63,cluster,cross_species_WB,macaque,#272455,Not assessed
macaque:HY-EA-Glut-GABA:64,cluster,cross_species_WB,macaque,#E50058,Not assessed
macaque:HY-EA-Glut-GABA:65,cluster,cross_species_WB,macaque,#FD1D51,Not assessed
macaque:HY-EA-Glut-GABA:66,cluster,cross_species_WB,macaque,#E70057,Not assessed
macaque:HY-EA-Glut-GABA:67,cluster,cross_species_WB,macaque,#00BA58,Not assessed
macaque:HY-EA-Glut-GABA:68,cluster,cross_species_WB,macaque,#0087B8,Not assessed
macaque:HY-EA-Glut-GABA:69,cluster,cross_species_WB,macaque,#01DC7D,Not assessed
macaque:HY-EA-Glut-GABA:7,cluster,cross_species_WB,macaque,#6DCECC,Not assessed
macaque:HY-EA-Glut-GABA:70,cluster,cross_species_WB,macaque,#ECFEB1,Not assessed
macaque:HY-EA-Glut-GABA:71,cluster,cross_species_WB,macaque,#629F9D,Not assessed
macaque:HY-EA-Glut-GABA:72,cluster,cross_species_WB,macaque,#F1FF84,Not assessed
macaque:HY-EA-Glut-GABA:73,cluster,cross_species_WB,macaque,#6C01D6,Not assessed
macaque:HY-EA-Glut-GABA:74,cluster,cross_species_WB,macaque,#ECFEAF,Not assessed
macaque:HY-EA-Glut-GABA:75,cluster,cross_species_WB,macaque,#582B0C,Not assessed
macaque:HY-EA-Glut-GABA:76,cluster,cross_species_WB,macaque,#82E3DE,Not assessed
macaque:HY-EA-Glut-GABA:77,cluster,cross_species_WB,macaque,#751263,Not assessed
macaque:HY-EA-Glut-GABA:78,cluster,cross_species_WB,macaque,#F0FF87,Not assessed
macaque:HY-EA-Glut-GABA:79,cluster,cross_species_WB,macaque,#ECFEAC,Not assessed
macaque:HY-EA-Glut-GABA:8,cluster,cross_species_WB,macaque,#82005C,Not assessed
macaque:HY-EA-Glut-GABA:80,cluster,cross_species_WB,macaque,#277A54,Not assessed
macaque:HY-EA-Glut-GABA:81,cluster,cross_species_WB,macaque,#195633,Not assessed
macaque:HY-EA-Glut-GABA:82,cluster,cross_species_WB,macaque,#257550,Not assessed
macaque:HY-EA-Glut-GABA:83,cluster,cross_species_WB,macaque,#1B5B37,Not assessed
macaque:HY-EA-Glut-GABA:84,cluster,cross_species_WB,macaque,#23714B,Not assessed
macaque:HY-EA-Glut-GABA:85,cluster,cross_species_WB,macaque,#0100B0,Not assessed
macaque:HY-EA-Glut-GABA:86,cluster,cross_species_WB,macaque,#2702E5,Not assessed
macaque:HY-EA-Glut-GABA:87,cluster,cross_species_WB,macaque,#744212,Not assessed
macaque:HY-EA-Glut-GABA:88,cluster,cross_species_WB,macaque,#5A2C0D,Not assessed
macaque:HY-EA-Glut-GABA:89,cluster,cross_species_WB,macaque,#A16878,Not assessed
macaque:HY-EA-Glut-GABA:9,cluster,cross_species_WB,macaque,#0FFF96,Not assessed
macaque:HY-EA-Glut-GABA:90,cluster,cross_species_WB,macaque,#724012,Not assessed
macaque:HY-EA-Glut-GABA:91,cluster,cross_species_WB,macaque,#FFFB3D,Not assessed
macaque:HY-EA-Glut-GABA:92,cluster,cross_species_WB,macaque,#AE0267,Not assessed
macaque:HY-EA-Glut-GABA:93,cluster,cross_species_WB,macaque,#84005D,Not assessed
macaque:HY-EA-Glut-GABA:94,cluster,cross_species_WB,macaque,#AC0166,Not assessed
macaque:HY-EA-Glut-GABA:95,cluster,cross_species_WB,macaque,#87005E,Not assessed
macaque:HY-EA-Glut-GABA:96,cluster,cross_species_WB,macaque,#1DC4FF,Not assessed
macaque:HY-EA-Glut-GABA:97,cluster,cross_species_WB,macaque,#AA0166,Not assessed
macaque:HY-EA-Glut-GABA:98,cluster,cross_species_WB,macaque,#89005F,Not assessed
macaque:HY-EA-Glut-GABA:99,cluster,cross_species_WB,macaque,#7F4090,Not assessed
macaque:MB-HB:1,cluster,cross_species_WB,macaque,#009923,Not assessed
macaque:MB-HB:10,cluster,cross_species_WB,macaque,#3D8C5F,Not assessed
macaque:MB-HB:100,cluster,cross_species_WB,macaque,#FCB305,Not assessed
macaque:MB-HB:101,cluster,cross_species_WB,macaque,#C66D00,Not assessed
macaque:MB-HB:102,cluster,cross_species_WB,macaque,#C75800,Not assessed
macaque:MB-HB:103,cluster,cross_species_WB,macaque,#AB551B,Not assessed
macaque:MB-HB:104,cluster,cross_species_WB,macaque,#715C35,Not assessed
macaque:MB-HB:105,cluster,cross_species_WB,macaque,#7F013F,Not assessed
macaque:MB-HB:106,cluster,cross_species_WB,macaque,#6F2677,Not assessed
macaque:MB-HB:107,cluster,cross_species_WB,macaque,#BAFF99,Not assessed
macaque:MB-HB:108,cluster,cross_species_WB,macaque,#4A5A43,Not assessed
macaque:MB-HB:109,cluster,cross_species_WB,macaque,#36DD64,Not assessed
macaque:MB-HB:11,cluster,cross_species_WB,macaque,#FF51F3,Not assessed
macaque:MB-HB:110,cluster,cross_species_WB,macaque,#77FEC8,Not assessed
macaque:MB-HB:111,cluster,cross_species_WB,macaque,#A86649,Not assessed
macaque:MB-HB:112,cluster,cross_species_WB,macaque,#EB0800,Not assessed
macaque:MB-HB:113,cluster,cross_species_WB,macaque,#4C0A0B,Not assessed
macaque:MB-HB:114,cluster,cross_species_WB,macaque,#A77CD3,Not assessed
macaque:MB-HB:115,cluster,cross_species_WB,macaque,#2F6F34,Not assessed
macaque:MB-HB:116,cluster,cross_species_WB,macaque,#491957,Not assessed
macaque:MB-HB:117,cluster,cross_species_WB,macaque,#6C2575,Not assessed
macaque:MB-HB:118,cluster,cross_species_WB,macaque,#4C1A5A,Not assessed
macaque:MB-HB:119,cluster,cross_species_WB,macaque,#4AD264,Not assessed
macaque:MB-HB:12,cluster,cross_species_WB,macaque,#FE97E6,Not assessed
macaque:MB-HB:120,cluster,cross_species_WB,macaque,#6E7DD5,Not assessed
macaque:MB-HB:121,cluster,cross_species_WB,macaque,#D08888,Not assessed
macaque:MB-HB:122,cluster,cross_species_WB,macaque,#C9FD6B,Not assessed
macaque:MB-HB:123,cluster,cross_species_WB,macaque,#1A06F4,Not assessed
macaque:MB-HB:124,cluster,cross_species_WB,macaque,#6740F6,Not assessed
macaque:MB-HB:125,cluster,cross_species_WB,macaque,#B9C843,Not assessed
macaque:MB-HB:126,cluster,cross_species_WB,macaque,#4D69A6,Not assessed
macaque:MB-HB:127,cluster,cross_species_WB,macaque,#BACF52,Not assessed
macaque:MB-HB:128,cluster,cross_species_WB,macaque,#253C75,Not assessed
macaque:MB-HB:129,cluster,cross_species_WB,macaque,#BBC632,Not assessed
macaque:MB-HB:13,cluster,cross_species_WB,macaque,#FF53F2,Not assessed
macaque:MB-HB:130,cluster,cross_species_WB,macaque,#00D66C,Not assessed
macaque:MB-HB:131,cluster,cross_species_WB,macaque,#741079,Not assessed
macaque:MB-HB:132,cluster,cross_species_WB,macaque,#6AFD3F,Not assessed
macaque:MB-HB:133,cluster,cross_species_WB,macaque,#EA033F,Not assessed
macaque:MB-HB:134,cluster,cross_species_WB,macaque,#09FDA5,Not assessed
macaque:MB-HB:135,cluster,cross_species_WB,macaque,#00DA70,Not assessed
macaque:MB-HB:136,cluster,cross_species_WB,macaque,#B3FEF0,Not assessed
macaque:MB-HB:137,cluster,cross_species_WB,macaque,#7DFFD4,Not assessed
macaque:MB-HB:138,cluster,cross_species_WB,macaque,#B3FEEF,Not assessed
macaque:MB-HB:139,cluster,cross_species_WB,macaque,#A13932,Not assessed
macaque:MB-HB:14,cluster,cross_species_WB,macaque,#FE94E6,Not assessed
macaque:MB-HB:140,cluster,cross_species_WB,macaque,#F1FF39,Not assessed
macaque:MB-HB:141,cluster,cross_species_WB,macaque,#26FFE8,Not assessed
macaque:MB-HB:142,cluster,cross_species_WB,macaque,#4F5A00,Not assessed
macaque:MB-HB:143,cluster,cross_species_WB,macaque,#5C7100,Not assessed
macaque:MB-HB:144,cluster,cross_species_WB,macaque,#C5FFB3,Not assessed
macaque:MB-HB:145,cluster,cross_species_WB,macaque,#E4FE62,Not assessed
macaque:MB-HB:146,cluster,cross_species_WB,macaque,#EEFF40,Not assessed
macaque:MB-HB:147,cluster,cross_species_WB,macaque,#952F2C,Not assessed
macaque:MB-HB:148,cluster,cross_species_WB,macaque,#525F00,Not assessed
macaque:MB-HB:149,cluster,cross_species_WB,macaque,#12DE00,Not assessed
macaque:MB-HB:15,cluster,cross_species_WB,macaque,#DC2C65,Not assessed
macaque:MB-HB:150,cluster,cross_species_WB,macaque,#24FC35,Not assessed
macaque:MB-HB:151,cluster,cross_species_WB,macaque,#11E100,Not assessed
macaque:MB-HB:152,cluster,cross_species_WB,macaque,#21FC32,Not assessed
macaque:MB-HB:153,cluster,cross_species_WB,macaque,#10E300,Not assessed
macaque:MB-HB:154,cluster,cross_species_WB,macaque,#1FFC2F,Not assessed
macaque:MB-HB:155,cluster,cross_species_WB,macaque,#44FF0F,Not assessed
macaque:MB-HB:156,cluster,cross_species_WB,macaque,#534874,Not assessed
macaque:MB-HB:157,cluster,cross_species_WB,macaque,#4FFD3F,Not assessed
macaque:MB-HB:158,cluster,cross_species_WB,macaque,#00218B,Not assessed
macaque:MB-HB:159,cluster,cross_species_WB,macaque,#44FF11,Not assessed
macaque:MB-HB:16,cluster,cross_species_WB,macaque,#7B247E,Not assessed
macaque:MB-HB:160,cluster,cross_species_WB,macaque,#4EFD3C,Not assessed
macaque:MB-HB:161,cluster,cross_species_WB,macaque,#677ACE,Not assessed
macaque:MB-HB:162,cluster,cross_species_WB,macaque,#44FF14,Not assessed
macaque:MB-HB:163,cluster,cross_species_WB,macaque,#4DFE39,Not assessed
macaque:MB-HB:164,cluster,cross_species_WB,macaque,#3A355B,Not assessed
macaque:MB-HB:165,cluster,cross_species_WB,macaque,#504671,Not assessed
macaque:MB-HB:166,cluster,cross_species_WB,macaque,#2E8DDC,Not assessed
macaque:MB-HB:167,cluster,cross_species_WB,macaque,#44FF17,Not assessed
macaque:MB-HB:168,cluster,cross_species_WB,macaque,#1984B5,Not assessed
macaque:MB-HB:169,cluster,cross_species_WB,macaque,#2C8DDC,Not assessed
macaque:MB-HB:17,cluster,cross_species_WB,macaque,#0352E8,Not assessed
macaque:MB-HB:170,cluster,cross_species_WB,macaque,#1985B6,Not assessed
macaque:MB-HB:171,cluster,cross_species_WB,macaque,#2B8DDC,Not assessed
macaque:MB-HB:172,cluster,cross_species_WB,macaque,#A8D213,Not assessed
macaque:MB-HB:173,cluster,cross_species_WB,macaque,#8F7554,Not assessed
macaque:MB-HB:174,cluster,cross_species_WB,macaque,#A18B66,Not assessed
macaque:MB-HB:175,cluster,cross_species_WB,macaque,#937957,Not assessed
macaque:MB-HB:176,cluster,cross_species_WB,macaque,#4A7558,Not assessed
macaque:MB-HB:177,cluster,cross_species_WB,macaque,#9E8761,Not assessed
macaque:MB-HB:178,cluster,cross_species_WB,macaque,#B7D174,Not assessed
macaque:MB-HB:179,cluster,cross_species_WB,macaque,#325739,Not assessed
macaque:MB-HB:18,cluster,cross_species_WB,macaque,#38505F,Not assessed
macaque:MB-HB:180,cluster,cross_species_WB,macaque,#487456,Not assessed
macaque:MB-HB:181,cluster,cross_species_WB,macaque,#03004C,Not assessed
macaque:MB-HB:182,cluster,cross_species_WB,macaque,#A70201,Not assessed
macaque:MB-HB:183,cluster,cross_species_WB,macaque,#7F2315,Not assessed
macaque:MB-HB:184,cluster,cross_species_WB,macaque,#920006,Not assessed
macaque:MB-HB:185,cluster,cross_species_WB,macaque,#A00002,Not assessed
macaque:MB-HB:186,cluster,cross_species_WB,macaque,#4E0A0B,Not assessed
macaque:MB-HB:187,cluster,cross_species_WB,macaque,#7D2214,Not assessed
macaque:MB-HB:188,cluster,cross_species_WB,macaque,#500B0B,Not assessed
macaque:MB-HB:189,cluster,cross_species_WB,macaque,#401285,Not assessed
macaque:MB-HB:19,cluster,cross_species_WB,macaque,#5E007A,Not assessed
macaque:MB-HB:190,cluster,cross_species_WB,macaque,#631CAD,Not assessed
macaque:MB-HB:191,cluster,cross_species_WB,macaque,#84C846,Not assessed
macaque:MB-HB:192,cluster,cross_species_WB,macaque,#94D172,Not assessed
macaque:MB-HB:193,cluster,cross_species_WB,macaque,#9E78D2,Not assessed
macaque:MB-HB:194,cluster,cross_species_WB,macaque,#4B1592,Not assessed
macaque:MB-HB:195,cluster,cross_species_WB,macaque,#459CA6,Not assessed
macaque:MB-HB:196,cluster,cross_species_WB,macaque,#77B1A8,Not assessed
macaque:MB-HB:197,cluster,cross_species_WB,macaque,#84BC80,Not assessed
macaque:MB-HB:198,cluster,cross_species_WB,macaque,#C5F77B,Not assessed
macaque:MB-HB:199,cluster,cross_species_WB,macaque,#5EA896,Not assessed
macaque:MB-HB:2,cluster,cross_species_WB,macaque,#FE5C36,Not assessed
macaque:MB-HB:20,cluster,cross_species_WB,macaque,#245A73,Not assessed
macaque:MB-HB:200,cluster,cross_species_WB,macaque,#76B0A7,Not assessed
macaque:MB-HB:201,cluster,cross_species_WB,macaque,#C9F78F,Not assessed
macaque:MB-HB:202,cluster,cross_species_WB,macaque,#2176AB,Not assessed
macaque:MB-HB:203,cluster,cross_species_WB,macaque,#60A898,Not assessed
macaque:MB-HB:204,cluster,cross_species_WB,macaque,#7D0C6C,Not assessed
macaque:MB-HB:205,cluster,cross_species_WB,macaque,#79F766,Not assessed
macaque:MB-HB:206,cluster,cross_species_WB,macaque,#DE3B00,Not assessed
macaque:MB-HB:207,cluster,cross_species_WB,macaque,#9B1278,Not assessed
macaque:MB-HB:208,cluster,cross_species_WB,macaque,#800D6D,Not assessed
macaque:MB-HB:209,cluster,cross_species_WB,macaque,#FD650D,Not assessed
macaque:MB-HB:21,cluster,cross_species_WB,macaque,#257B82,Not assessed
macaque:MB-HB:210,cluster,cross_species_WB,macaque,#6CF74E,Not assessed
macaque:MB-HB:211,cluster,cross_species_WB,macaque,#E54000,Not assessed
macaque:MB-HB:212,cluster,cross_species_WB,macaque,#A44D6E,Not assessed
macaque:MB-HB:213,cluster,cross_species_WB,macaque,#D2B8F2,Not assessed
macaque:MB-HB:214,cluster,cross_species_WB,macaque,#AD004C,Not assessed
macaque:MB-HB:215,cluster,cross_species_WB,macaque,#E8033F,Not assessed
macaque:MB-HB:216,cluster,cross_species_WB,macaque,#B0004C,Not assessed
macaque:MB-HB:217,cluster,cross_species_WB,macaque,#E50340,Not assessed
macaque:MB-HB:218,cluster,cross_species_WB,macaque,#AD921C,Not assessed
macaque:MB-HB:219,cluster,cross_species_WB,macaque,#0B4951,Not assessed
macaque:MB-HB:22,cluster,cross_species_WB,macaque,#006690,Not assessed
macaque:MB-HB:220,cluster,cross_species_WB,macaque,#B3004C,Not assessed
macaque:MB-HB:221,cluster,cross_species_WB,macaque,#14617A,Not assessed
macaque:MB-HB:222,cluster,cross_species_WB,macaque,#0B4A53,Not assessed
macaque:MB-HB:223,cluster,cross_species_WB,macaque,#136079,Not assessed
macaque:MB-HB:224,cluster,cross_species_WB,macaque,#0C4B55,Not assessed
macaque:MB-HB:225,cluster,cross_species_WB,macaque,#135F77,Not assessed
macaque:MB-HB:226,cluster,cross_species_WB,macaque,#AF8FD2,Not assessed
macaque:MB-HB:227,cluster,cross_species_WB,macaque,#31E450,Not assessed
macaque:MB-HB:228,cluster,cross_species_WB,macaque,#62E78B,Not assessed
macaque:MB-HB:229,cluster,cross_species_WB,macaque,#36E456,Not assessed
macaque:MB-HB:23,cluster,cross_species_WB,macaque,#3A6162,Not assessed
macaque:MB-HB:230,cluster,cross_species_WB,macaque,#5EE686,Not assessed
macaque:MB-HB:231,cluster,cross_species_WB,macaque,#3AE45C,Not assessed
macaque:MB-HB:232,cluster,cross_species_WB,macaque,#5AE681,Not assessed
macaque:MB-HB:233,cluster,cross_species_WB,macaque,#6142C8,Not assessed
macaque:MB-HB:234,cluster,cross_species_WB,macaque,#9B76D1,Not assessed
macaque:MB-HB:235,cluster,cross_species_WB,macaque,#6445C8,Not assessed
macaque:MB-HB:236,cluster,cross_species_WB,macaque,#9973D1,Not assessed
macaque:MB-HB:237,cluster,cross_species_WB,macaque,#4DA579,Not assessed
macaque:MB-HB:238,cluster,cross_species_WB,macaque,#86C94B,Not assessed
macaque:MB-HB:239,cluster,cross_species_WB,macaque,#3E007D,Not assessed
macaque:MB-HB:24,cluster,cross_species_WB,macaque,#193157,Not assessed
macaque:MB-HB:240,cluster,cross_species_WB,macaque,#7502B3,Not assessed
macaque:MB-HB:241,cluster,cross_species_WB,macaque,#420081,Not assessed
macaque:MB-HB:242,cluster,cross_species_WB,macaque,#FF55F2,Not assessed
macaque:MB-HB:243,cluster,cross_species_WB,macaque,#FE92E6,Not assessed
macaque:MB-HB:244,cluster,cross_species_WB,macaque,#99A20A,Not assessed
macaque:MB-HB:245,cluster,cross_species_WB,macaque,#A8CF12,Not assessed
macaque:MB-HB:246,cluster,cross_species_WB,macaque,#9BA50B,Not assessed
macaque:MB-HB:247,cluster,cross_species_WB,macaque,#1AB971,Not assessed
macaque:MB-HB:248,cluster,cross_species_WB,macaque,#7102AF,Not assessed
macaque:MB-HB:249,cluster,cross_species_WB,macaque,#450085,Not assessed
macaque:MB-HB:25,cluster,cross_species_WB,macaque,#3891AF,Not assessed
macaque:MB-HB:250,cluster,cross_species_WB,macaque,#A7CC12,Not assessed
macaque:MB-HB:251,cluster,cross_species_WB,macaque,#9CA80B,Not assessed
macaque:MB-HB:252,cluster,cross_species_WB,macaque,#A6C911,Not assessed
macaque:MB-HB:253,cluster,cross_species_WB,macaque,#27DC9E,Not assessed
macaque:MB-HB:254,cluster,cross_species_WB,macaque,#002A4D,Not assessed
macaque:MB-HB:255,cluster,cross_species_WB,macaque,#00837E,Not assessed
macaque:MB-HB:256,cluster,cross_species_WB,macaque,#01A4AD,Not assessed
macaque:MB-HB:257,cluster,cross_species_WB,macaque,#008A85,Not assessed
macaque:MB-HB:258,cluster,cross_species_WB,macaque,#01A0A8,Not assessed
macaque:MB-HB:259,cluster,cross_species_WB,macaque,#00908E,Not assessed
macaque:MB-HB:26,cluster,cross_species_WB,macaque,#315637,Not assessed
macaque:MB-HB:260,cluster,cross_species_WB,macaque,#B03331,Not assessed
macaque:MB-HB:261,cluster,cross_species_WB,macaque,#FF57F1,Not assessed
macaque:MB-HB:262,cluster,cross_species_WB,macaque,#FE90E6,Not assessed
macaque:MB-HB:263,cluster,cross_species_WB,macaque,#FF59F0,Not assessed
macaque:MB-HB:264,cluster,cross_species_WB,macaque,#FE8EE6,Not assessed
macaque:MB-HB:265,cluster,cross_species_WB,macaque,#019DA2,Not assessed
macaque:MB-HB:266,cluster,cross_species_WB,macaque,#FF5CF0,Not assessed
macaque:MB-HB:267,cluster,cross_species_WB,macaque,#FE8CE6,Not assessed
macaque:MB-HB:268,cluster,cross_species_WB,macaque,#FF5EEF,Not assessed
macaque:MB-HB:269,cluster,cross_species_WB,macaque,#FE89E6,Not assessed
macaque:MB-HB:27,cluster,cross_species_WB,macaque,#FD44A1,Not assessed
macaque:MB-HB:270,cluster,cross_species_WB,macaque,#005BB5,Not assessed
macaque:MB-HB:271,cluster,cross_species_WB,macaque,#FAAE03,Not assessed
macaque:MB-HB:272,cluster,cross_species_WB,macaque,#FF60EE,Not assessed
macaque:MB-HB:273,cluster,cross_species_WB,macaque,#33593A,Not assessed
macaque:MB-HB:274,cluster,cross_species_WB,macaque,#B820A3,Not assessed
macaque:MB-HB:275,cluster,cross_species_WB,macaque,#267C85,Not assessed
macaque:MB-HB:276,cluster,cross_species_WB,macaque,#02C1FA,Not assessed
macaque:MB-HB:277,cluster,cross_species_WB,macaque,#540011,Not assessed
macaque:MB-HB:278,cluster,cross_species_WB,macaque,#76107B,Not assessed
macaque:MB-HB:279,cluster,cross_species_WB,macaque,#A33496,Not assessed
macaque:MB-HB:28,cluster,cross_species_WB,macaque,#86CE4C,Not assessed
macaque:MB-HB:280,cluster,cross_species_WB,macaque,#60FF14,Not assessed
macaque:MB-HB:281,cluster,cross_species_WB,macaque,#000D88,Not assessed
macaque:MB-HB:282,cluster,cross_species_WB,macaque,#7D2580,Not assessed
macaque:MB-HB:283,cluster,cross_species_WB,macaque,#4A2370,Not assessed
macaque:MB-HB:284,cluster,cross_species_WB,macaque,#91CF6C,Not assessed
macaque:MB-HB:285,cluster,cross_species_WB,macaque,#477355,Not assessed
macaque:MB-HB:286,cluster,cross_species_WB,macaque,#FFA67C,Not assessed
macaque:MB-HB:287,cluster,cross_species_WB,macaque,#556890,Not assessed
macaque:MB-HB:288,cluster,cross_species_WB,macaque,#6573A0,Not assessed
macaque:MB-HB:289,cluster,cross_species_WB,macaque,#566993,Not assessed
macaque:MB-HB:29,cluster,cross_species_WB,macaque,#A251CA,Not assessed
macaque:MB-HB:290,cluster,cross_species_WB,macaque,#62719F,Not assessed
macaque:MB-HB:291,cluster,cross_species_WB,macaque,#E30241,Not assessed
macaque:MB-HB:292,cluster,cross_species_WB,macaque,#B5004C,Not assessed
macaque:MB-HB:293,cluster,cross_species_WB,macaque,#6C619B,Not assessed
macaque:MB-HB:294,cluster,cross_species_WB,macaque,#B61FA2,Not assessed
macaque:MB-HB:295,cluster,cross_species_WB,macaque,#3790AC,Not assessed
macaque:MB-HB:296,cluster,cross_species_WB,macaque,#19005E,Not assessed
macaque:MB-HB:297,cluster,cross_species_WB,macaque,#277E88,Not assessed
macaque:MB-HB:298,cluster,cross_species_WB,macaque,#21006E,Not assessed
macaque:MB-HB:299,cluster,cross_species_WB,macaque,#80C21C,Not assessed
macaque:MB-HB:3,cluster,cross_species_WB,macaque,#0273B5,Not assessed
macaque:MB-HB:30,cluster,cross_species_WB,macaque,#F1FEA6,Not assessed
macaque:MB-HB:300,cluster,cross_species_WB,macaque,#0101A9,Not assessed
macaque:MB-HB:301,cluster,cross_species_WB,macaque,#368EA9,Not assessed
macaque:MB-HB:302,cluster,cross_species_WB,macaque,#28808B,Not assessed
macaque:MB-HB:303,cluster,cross_species_WB,macaque,#348DA7,Not assessed
macaque:MB-HB:304,cluster,cross_species_WB,macaque,#29818E,Not assessed
macaque:MB-HB:305,cluster,cross_species_WB,macaque,#338CA4,Not assessed
macaque:MB-HB:306,cluster,cross_species_WB,macaque,#2A8391,Not assessed
macaque:MB-HB:307,cluster,cross_species_WB,macaque,#AF5E58,Not assessed
macaque:MB-HB:308,cluster,cross_species_WB,macaque,#8C3D41,Not assessed
macaque:MB-HB:309,cluster,cross_species_WB,macaque,#83C933,Not assessed
macaque:MB-HB:31,cluster,cross_species_WB,macaque,#479DA9,Not assessed
macaque:MB-HB:310,cluster,cross_species_WB,macaque,#B367CE,Not assessed
macaque:MB-HB:311,cluster,cross_species_WB,macaque,#86CE48,Not assessed
macaque:MB-HB:312,cluster,cross_species_WB,macaque,#A554CB,Not assessed
macaque:MB-HB:313,cluster,cross_species_WB,macaque,#83CB35,Not assessed
macaque:MB-HB:314,cluster,cross_species_WB,macaque,#85CD45,Not assessed
macaque:MB-HB:315,cluster,cross_species_WB,macaque,#C4473A,Not assessed
macaque:MB-HB:316,cluster,cross_species_WB,macaque,#CE4D74,Not assessed
macaque:MB-HB:317,cluster,cross_species_WB,macaque,#C7336E,Not assessed
macaque:MB-HB:318,cluster,cross_species_WB,macaque,#CE4A73,Not assessed
macaque:MB-HB:319,cluster,cross_species_WB,macaque,#C9336E,Not assessed
macaque:MB-HB:32,cluster,cross_species_WB,macaque,#C1811C,Not assessed
macaque:MB-HB:320,cluster,cross_species_WB,macaque,#261DFF,Not assessed
macaque:MB-HB:321,cluster,cross_species_WB,macaque,#50FDF6,Not assessed
macaque:MB-HB:322,cluster,cross_species_WB,macaque,#4230FE,Not assessed
macaque:MB-HB:323,cluster,cross_species_WB,macaque,#FD3316,Not assessed
macaque:MB-HB:324,cluster,cross_species_WB,macaque,#ED0900,Not assessed
macaque:MB-HB:325,cluster,cross_species_WB,macaque,#FD3014,Not assessed
macaque:MB-HB:326,cluster,cross_species_WB,macaque,#EF0A00,Not assessed
macaque:MB-HB:327,cluster,cross_species_WB,macaque,#FD2D12,Not assessed
macaque:MB-HB:328,cluster,cross_species_WB,macaque,#F00B00,Not assessed
macaque:MB-HB:329,cluster,cross_species_WB,macaque,#484784,Not assessed
macaque:MB-HB:33,cluster,cross_species_WB,macaque,#4198A0,Not assessed
macaque:MB-HB:330,cluster,cross_species_WB,macaque,#61599C,Not assessed
macaque:MB-HB:331,cluster,cross_species_WB,macaque,#A8CFA9,Not assessed
macaque:MB-HB:332,cluster,cross_species_WB,macaque,#94C691,Not assessed
macaque:MB-HB:333,cluster,cross_species_WB,macaque,#C96F77,Not assessed
macaque:MB-HB:334,cluster,cross_species_WB,macaque,#B88F1A,Not assessed
macaque:MB-HB:335,cluster,cross_species_WB,macaque,#97FFA0,Not assessed
macaque:MB-HB:336,cluster,cross_species_WB,macaque,#981178,Not assessed
macaque:MB-HB:337,cluster,cross_species_WB,macaque,#A0A166,Not assessed
macaque:MB-HB:338,cluster,cross_species_WB,macaque,#FFC87A,Not assessed
macaque:MB-HB:339,cluster,cross_species_WB,macaque,#FEDD99,Not assessed
macaque:MB-HB:34,cluster,cross_species_WB,macaque,#47226D,Not assessed
macaque:MB-HB:340,cluster,cross_species_WB,macaque,#619F84,Not assessed
macaque:MB-HB:341,cluster,cross_species_WB,macaque,#CB557E,Not assessed
macaque:MB-HB:342,cluster,cross_species_WB,macaque,#CD6384,Not assessed
macaque:MB-HB:343,cluster,cross_species_WB,macaque,#A71B65,Not assessed
macaque:MB-HB:344,cluster,cross_species_WB,macaque,#D88101,Not assessed
macaque:MB-HB:345,cluster,cross_species_WB,macaque,#44CC3A,Not assessed
macaque:MB-HB:346,cluster,cross_species_WB,macaque,#60D267,Not assessed
macaque:MB-HB:347,cluster,cross_species_WB,macaque,#45CD3D,Not assessed
macaque:MB-HB:348,cluster,cross_species_WB,macaque,#713493,Not assessed
macaque:MB-HB:349,cluster,cross_species_WB,macaque,#C9FF0F,Not assessed
macaque:MB-HB:35,cluster,cross_species_WB,macaque,#16FD26,Not assessed
macaque:MB-HB:350,cluster,cross_species_WB,macaque,#C85C33,Not assessed
macaque:MB-HB:351,cluster,cross_species_WB,macaque,#BDFD3F,Not assessed
macaque:MB-HB:352,cluster,cross_species_WB,macaque,#4C2472,Not assessed
macaque:MB-HB:353,cluster,cross_species_WB,macaque,#8DE6E9,Not assessed
macaque:MB-HB:354,cluster,cross_species_WB,macaque,#6F3392,Not assessed
macaque:MB-HB:355,cluster,cross_species_WB,macaque,#AC02B6,Not assessed
macaque:MB-HB:356,cluster,cross_species_WB,macaque,#CE7A4A,Not assessed
macaque:MB-HB:357,cluster,cross_species_WB,macaque,#4D2473,Not assessed
macaque:MB-HB:358,cluster,cross_species_WB,macaque,#C8FF10,Not assessed
macaque:MB-HB:359,cluster,cross_species_WB,macaque,#DC2965,Not assessed
macaque:MB-HB:36,cluster,cross_species_WB,macaque,#D7009A,Not assessed
macaque:MB-HB:360,cluster,cross_species_WB,macaque,#CA5F34,Not assessed
macaque:MB-HB:361,cluster,cross_species_WB,macaque,#BB1A67,Not assessed
macaque:MB-HB:362,cluster,cross_species_WB,macaque,#DC2664,Not assessed
macaque:MB-HB:363,cluster,cross_species_WB,macaque,#BEFD3D,Not assessed
macaque:MB-HB:364,cluster,cross_species_WB,macaque,#5DD163,Not assessed
macaque:MB-HB:365,cluster,cross_species_WB,macaque,#85FE6F,Not assessed
macaque:MB-HB:366,cluster,cross_species_WB,macaque,#75FF4E,Not assessed
macaque:MB-HB:367,cluster,cross_species_WB,macaque,#46CD40,Not assessed
macaque:MB-HB:368,cluster,cross_species_WB,macaque,#6EC949,Not assessed
macaque:MB-HB:369,cluster,cross_species_WB,macaque,#80D06F,Not assessed
macaque:MB-HB:37,cluster,cross_species_WB,macaque,#1F1D61,Not assessed
macaque:MB-HB:370,cluster,cross_species_WB,macaque,#80FE67,Not assessed
macaque:MB-HB:371,cluster,cross_species_WB,macaque,#C8FF12,Not assessed
macaque:MB-HB:372,cluster,cross_species_WB,macaque,#BEFD3C,Not assessed
macaque:MB-HB:373,cluster,cross_species_WB,macaque,#A13395,Not assessed
macaque:MB-HB:374,cluster,cross_species_WB,macaque,#802682,Not assessed
macaque:MB-HB:375,cluster,cross_species_WB,macaque,#BD23E0,Not assessed
macaque:MB-HB:376,cluster,cross_species_WB,macaque,#6D3290,Not assessed
macaque:MB-HB:377,cluster,cross_species_WB,macaque,#200384,Not assessed
macaque:MB-HB:378,cluster,cross_species_WB,macaque,#FED6B3,Not assessed
macaque:MB-HB:379,cluster,cross_species_WB,macaque,#6FC94D,Not assessed
macaque:MB-HB:38,cluster,cross_species_WB,macaque,#BDFD42,Not assessed
macaque:MB-HB:380,cluster,cross_species_WB,macaque,#FFA87F,Not assessed
macaque:MB-HB:381,cluster,cross_species_WB,macaque,#000C8B,Not assessed
macaque:MB-HB:382,cluster,cross_species_WB,macaque,#FED6B3,Not assessed
macaque:MB-HB:383,cluster,cross_species_WB,macaque,#FFAB81,Not assessed
macaque:MB-HB:384,cluster,cross_species_WB,macaque,#0102A6,Not assessed
macaque:MB-HB:385,cluster,cross_species_WB,macaque,#FED5B2,Not assessed
macaque:MB-HB:386,cluster,cross_species_WB,macaque,#8F155E,Not assessed
macaque:MB-HB:387,cluster,cross_species_WB,macaque,#CF8586,Not assessed
macaque:MB-HB:388,cluster,cross_species_WB,macaque,#FFAD83,Not assessed
macaque:MB-HB:389,cluster,cross_species_WB,macaque,#FED3AF,Not assessed
macaque:MB-HB:39,cluster,cross_species_WB,macaque,#FED7B3,Not assessed
macaque:MB-HB:390,cluster,cross_species_WB,macaque,#FFAF86,Not assessed
macaque:MB-HB:391,cluster,cross_species_WB,macaque,#FED1AD,Not assessed
macaque:MB-HB:392,cluster,cross_species_WB,macaque,#BD1B67,Not assessed
macaque:MB-HB:393,cluster,cross_species_WB,macaque,#DB2364,Not assessed
macaque:MB-HB:394,cluster,cross_species_WB,macaque,#C01C67,Not assessed
macaque:MB-HB:395,cluster,cross_species_WB,macaque,#CD7747,Not assessed
macaque:MB-HB:396,cluster,cross_species_WB,macaque,#4E4AA1,Not assessed
macaque:MB-HB:397,cluster,cross_species_WB,macaque,#CB6236,Not assessed
macaque:MB-HB:398,cluster,cross_species_WB,macaque,#FDB717,Not assessed
macaque:MB-HB:399,cluster,cross_species_WB,macaque,#EF8E00,Not assessed
macaque:MB-HB:4,cluster,cross_species_WB,macaque,#2BFC92,Not assessed
macaque:MB-HB:40,cluster,cross_species_WB,macaque,#743596,Not assessed
macaque:MB-HB:400,cluster,cross_species_WB,macaque,#CA5063,Not assessed
macaque:MB-HB:401,cluster,cross_species_WB,macaque,#6681FE,Not assessed
macaque:MB-HB:402,cluster,cross_species_WB,macaque,#3876FF,Not assessed
macaque:MB-HB:403,cluster,cross_species_WB,macaque,#0255DD,Not assessed
macaque:MB-HB:404,cluster,cross_species_WB,macaque,#8EA51A,Not assessed
macaque:MB-HB:405,cluster,cross_species_WB,macaque,#828E14,Not assessed
macaque:MB-HB:406,cluster,cross_species_WB,macaque,#D0CA88,Not assessed
macaque:MB-HB:407,cluster,cross_species_WB,macaque,#485927,Not assessed
macaque:MB-HB:408,cluster,cross_species_WB,macaque,#577235,Not assessed
macaque:MB-HB:409,cluster,cross_species_WB,macaque,#4A5D29,Not assessed
macaque:MB-HB:41,cluster,cross_species_WB,macaque,#981AC9,Not assessed
macaque:MB-HB:410,cluster,cross_species_WB,macaque,#A585FF,Not assessed
macaque:MB-HB:411,cluster,cross_species_WB,macaque,#C6329C,Not assessed
macaque:MB-HB:412,cluster,cross_species_WB,macaque,#CAADFE,Not assessed
macaque:MB-HB:413,cluster,cross_species_WB,macaque,#3D23D8,Not assessed
macaque:MB-HB:414,cluster,cross_species_WB,macaque,#281CC3,Not assessed
macaque:MB-HB:415,cluster,cross_species_WB,macaque,#8CA46F,Not assessed
macaque:MB-HB:416,cluster,cross_species_WB,macaque,#84CFC4,Not assessed
macaque:MB-HB:417,cluster,cross_species_WB,macaque,#798B50,Not assessed
macaque:MB-HB:418,cluster,cross_species_WB,macaque,#820D6F,Not assessed
macaque:MB-HB:419,cluster,cross_species_WB,macaque,#C6F782,Not assessed
macaque:MB-HB:42,cluster,cross_species_WB,macaque,#49226E,Not assessed
macaque:MB-HB:420,cluster,cross_species_WB,macaque,#8AA36C,Not assessed
macaque:MB-HB:421,cluster,cross_species_WB,macaque,#7A8D52,Not assessed
macaque:MB-HB:422,cluster,cross_species_WB,macaque,#8DA41A,Not assessed
macaque:MB-HB:423,cluster,cross_species_WB,macaque,#FF8510,Not assessed
macaque:MB-HB:424,cluster,cross_species_WB,macaque,#1985B8,Not assessed
macaque:MB-HB:425,cluster,cross_species_WB,macaque,#8A0028,Not assessed
macaque:MB-HB:426,cluster,cross_species_WB,macaque,#4CFE36,Not assessed
macaque:MB-HB:427,cluster,cross_species_WB,macaque,#3A22D5,Not assessed
macaque:MB-HB:428,cluster,cross_species_WB,macaque,#51C845,Not assessed
macaque:MB-HB:429,cluster,cross_species_WB,macaque,#72D176,Not assessed
macaque:MB-HB:43,cluster,cross_species_WB,macaque,#733495,Not assessed
macaque:MB-HB:430,cluster,cross_species_WB,macaque,#C431A1,Not assessed
macaque:MB-HB:431,cluster,cross_species_WB,macaque,#54C94A,Not assessed
macaque:MB-HB:432,cluster,cross_species_WB,macaque,#CE4EA4,Not assessed
macaque:MB-HB:433,cluster,cross_species_WB,macaque,#839015,Not assessed
macaque:MB-HB:434,cluster,cross_species_WB,macaque,#FDB23D,Not assessed
macaque:MB-HB:435,cluster,cross_species_WB,macaque,#FF8914,Not assessed
macaque:MB-HB:436,cluster,cross_species_WB,macaque,#347CA6,Not assessed
macaque:MB-HB:437,cluster,cross_species_WB,macaque,#C833A2,Not assessed
macaque:MB-HB:438,cluster,cross_species_WB,macaque,#02EC8B,Not assessed
macaque:MB-HB:439,cluster,cross_species_WB,macaque,#CE49A3,Not assessed
macaque:MB-HB:44,cluster,cross_species_WB,macaque,#FEDF9D,Not assessed
macaque:MB-HB:440,cluster,cross_species_WB,macaque,#00CC62,Not assessed
macaque:MB-HB:441,cluster,cross_species_WB,macaque,#2A738F,Not assessed
macaque:MB-HB:442,cluster,cross_species_WB,macaque,#F6019B,Not assessed
macaque:MB-HB:443,cluster,cross_species_WB,macaque,#7B2014,Not assessed
macaque:MB-HB:444,cluster,cross_species_WB,macaque,#520B0B,Not assessed
macaque:MB-HB:445,cluster,cross_species_WB,macaque,#7A1F14,Not assessed
macaque:MB-HB:446,cluster,cross_species_WB,macaque,#540C0B,Not assessed
macaque:MB-HB:447,cluster,cross_species_WB,macaque,#781E13,Not assessed
macaque:MB-HB:448,cluster,cross_species_WB,macaque,#550C0C,Not assessed
macaque:MB-HB:449,cluster,cross_species_WB,macaque,#761D13,Not assessed
macaque:MB-HB:45,cluster,cross_species_WB,macaque,#400071,Not assessed
macaque:MB-HB:450,cluster,cross_species_WB,macaque,#570D0C,Not assessed
macaque:MB-HB:451,cluster,cross_species_WB,macaque,#751C12,Not assessed
macaque:MB-HB:452,cluster,cross_species_WB,macaque,#FC8C02,Not assessed
macaque:MB-HB:453,cluster,cross_species_WB,macaque,#590E0C,Not assessed
macaque:MB-HB:454,cluster,cross_species_WB,macaque,#A0FFFE,Not assessed
macaque:MB-HB:455,cluster,cross_species_WB,macaque,#11FF7E,Not assessed
macaque:MB-HB:456,cluster,cross_species_WB,macaque,#731B12,Not assessed
macaque:MB-HB:457,cluster,cross_species_WB,macaque,#3DFEA6,Not assessed
macaque:MB-HB:458,cluster,cross_species_WB,macaque,#506148,Not assessed
macaque:MB-HB:459,cluster,cross_species_WB,macaque,#520031,Not assessed
macaque:MB-HB:46,cluster,cross_species_WB,macaque,#B81A67,Not assessed
macaque:MB-HB:460,cluster,cross_species_WB,macaque,#79013D,Not assessed
macaque:MB-HB:461,cluster,cross_species_WB,macaque,#590033,Not assessed
macaque:MB-HB:462,cluster,cross_species_WB,macaque,#73013C,Not assessed
macaque:MB-HB:463,cluster,cross_species_WB,macaque,#39FFF6,Not assessed
macaque:MB-HB:464,cluster,cross_species_WB,macaque,#5F0036,Not assessed
macaque:MB-HB:465,cluster,cross_species_WB,macaque,#00B4D0,Not assessed
macaque:MB-HB:466,cluster,cross_species_WB,macaque,#0C4D57,Not assessed
macaque:MB-HB:467,cluster,cross_species_WB,macaque,#01C0F2,Not assessed
macaque:MB-HB:468,cluster,cross_species_WB,macaque,#2B3291,Not assessed
macaque:MB-HB:469,cluster,cross_species_WB,macaque,#33C3C8,Not assessed
macaque:MB-HB:47,cluster,cross_species_WB,macaque,#3575FF,Not assessed
macaque:MB-HB:470,cluster,cross_species_WB,macaque,#3234A1,Not assessed
macaque:MB-HB:471,cluster,cross_species_WB,macaque,#2C3395,Not assessed
macaque:MB-HB:472,cluster,cross_species_WB,macaque,#FE2B10,Not assessed
macaque:MB-HB:473,cluster,cross_species_WB,macaque,#5B0F0D,Not assessed
macaque:MB-HB:474,cluster,cross_species_WB,macaque,#F20C00,Not assessed
macaque:MB-HB:475,cluster,cross_species_WB,macaque,#FE280E,Not assessed
macaque:MB-HB:476,cluster,cross_species_WB,macaque,#F40D00,Not assessed
macaque:MB-HB:477,cluster,cross_species_WB,macaque,#FE260C,Not assessed
macaque:MB-HB:478,cluster,cross_species_WB,macaque,#93513D,Not assessed
macaque:MB-HB:479,cluster,cross_species_WB,macaque,#B86E62,Not assessed
macaque:MB-HB:48,cluster,cross_species_WB,macaque,#62D26B,Not assessed
macaque:MB-HB:480,cluster,cross_species_WB,macaque,#FE87E7,Not assessed
macaque:MB-HB:481,cluster,cross_species_WB,macaque,#FF62EE,Not assessed
macaque:MB-HB:482,cluster,cross_species_WB,macaque,#FE85E7,Not assessed
macaque:MB-HB:483,cluster,cross_species_WB,macaque,#711A11,Not assessed
macaque:MB-HB:484,cluster,cross_species_WB,macaque,#FB76A7,Not assessed
macaque:MB-HB:485,cluster,cross_species_WB,macaque,#525915,Not assessed
macaque:MB-HB:486,cluster,cross_species_WB,macaque,#BBFF9C,Not assessed
macaque:MB-HB:487,cluster,cross_species_WB,macaque,#31CF43,Not assessed
macaque:MB-HB:488,cluster,cross_species_WB,macaque,#376D7D,Not assessed
macaque:MB-HB:489,cluster,cross_species_WB,macaque,#566FD0,Not assessed
macaque:MB-HB:49,cluster,cross_species_WB,macaque,#A45A4C,Not assessed
macaque:MB-HB:490,cluster,cross_species_WB,macaque,#A8FB98,Not assessed
macaque:MB-HB:491,cluster,cross_species_WB,macaque,#94FB77,Not assessed
macaque:MB-HB:492,cluster,cross_species_WB,macaque,#47D160,Not assessed
macaque:MB-HB:493,cluster,cross_species_WB,macaque,#969459,Not assessed
macaque:MB-HB:494,cluster,cross_species_WB,macaque,#82BF00,Not assessed
macaque:MB-HB:495,cluster,cross_species_WB,macaque,#F21892,Not assessed
macaque:MB-HB:496,cluster,cross_species_WB,macaque,#35CF48,Not assessed
macaque:MB-HB:497,cluster,cross_species_WB,macaque,#F23495,Not assessed
macaque:MB-HB:498,cluster,cross_species_WB,macaque,#87D801,Not assessed
macaque:MB-HB:499,cluster,cross_species_WB,macaque,#692472,Not assessed
macaque:MB-HB:5,cluster,cross_species_WB,macaque,#C65040,Not assessed
macaque:MB-HB:50,cluster,cross_species_WB,macaque,#CF6A71,Not assessed
macaque:MB-HB:500,cluster,cross_species_WB,macaque,#4F1B5C,Not assessed
macaque:MB-HB:501,cluster,cross_species_WB,macaque,#77010E,Not assessed
macaque:MB-HB:502,cluster,cross_species_WB,macaque,#662370,Not assessed
macaque:MB-HB:503,cluster,cross_species_WB,macaque,#79107C,Not assessed
macaque:MB-HB:504,cluster,cross_species_WB,macaque,#570011,Not assessed
macaque:MB-HB:505,cluster,cross_species_WB,macaque,#B51FA1,Not assessed
macaque:MB-HB:506,cluster,cross_species_WB,macaque,#7B117E,Not assessed
macaque:MB-HB:507,cluster,cross_species_WB,macaque,#B31EA0,Not assessed
macaque:MB-HB:508,cluster,cross_species_WB,macaque,#0FE500,Not assessed
macaque:MB-HB:509,cluster,cross_species_WB,macaque,#7D1180,Not assessed
macaque:MB-HB:51,cluster,cross_species_WB,macaque,#FDBB1C,Not assessed
macaque:MB-HB:510,cluster,cross_species_WB,macaque,#B11EA0,Not assessed
macaque:MB-HB:511,cluster,cross_species_WB,macaque,#7F1182,Not assessed
macaque:MB-HB:512,cluster,cross_species_WB,macaque,#B01D9F,Not assessed
macaque:MB-HB:513,cluster,cross_species_WB,macaque,#68FE39,Not assessed
macaque:MB-HB:514,cluster,cross_species_WB,macaque,#811283,Not assessed
macaque:MB-HB:515,cluster,cross_species_WB,macaque,#61FF1A,Not assessed
macaque:MB-HB:516,cluster,cross_species_WB,macaque,#05FDA1,Not assessed
macaque:MB-HB:517,cluster,cross_species_WB,macaque,#AE1D9E,Not assessed
macaque:MB-HB:518,cluster,cross_species_WB,macaque,#613F1D,Not assessed
macaque:MB-HB:519,cluster,cross_species_WB,macaque,#841285,Not assessed
macaque:MB-HB:52,cluster,cross_species_WB,macaque,#EA8900,Not assessed
macaque:MB-HB:520,cluster,cross_species_WB,macaque,#1CFD2B,Not assessed
macaque:MB-HB:521,cluster,cross_species_WB,macaque,#7EFFD5,Not assessed
macaque:MB-HB:522,cluster,cross_species_WB,macaque,#0EE700,Not assessed
macaque:MB-HB:523,cluster,cross_species_WB,macaque,#00DD74,Not assessed
macaque:MB-HB:524,cluster,cross_species_WB,macaque,#B3FEEF,Not assessed
macaque:MB-HB:525,cluster,cross_species_WB,macaque,#1AFD27,Not assessed
macaque:MB-HB:526,cluster,cross_species_WB,macaque,#0DEA00,Not assessed
macaque:MB-HB:527,cluster,cross_species_WB,macaque,#17FD24,Not assessed
macaque:MB-HB:528,cluster,cross_species_WB,macaque,#0BEC00,Not assessed
macaque:MB-HB:529,cluster,cross_species_WB,macaque,#15FD20,Not assessed
macaque:MB-HB:53,cluster,cross_species_WB,macaque,#5534CB,Not assessed
macaque:MB-HB:530,cluster,cross_species_WB,macaque,#45FF1A,Not assessed
macaque:MB-HB:531,cluster,cross_species_WB,macaque,#9DAB0C,Not assessed
macaque:MB-HB:532,cluster,cross_species_WB,macaque,#04004C,Not assessed
macaque:MB-HB:533,cluster,cross_species_WB,macaque,#977E5A,Not assessed
macaque:MB-HB:534,cluster,cross_species_WB,macaque,#3D375E,Not assessed
macaque:MB-HB:535,cluster,cross_species_WB,macaque,#1F0382,Not assessed
macaque:MB-HB:536,cluster,cross_species_WB,macaque,#04004C,Not assessed
macaque:MB-HB:537,cluster,cross_species_WB,macaque,#5C0F0D,Not assessed
macaque:MB-HB:538,cluster,cross_species_WB,macaque,#701911,Not assessed
macaque:MB-HB:539,cluster,cross_species_WB,macaque,#6D01AC,Not assessed
macaque:MB-HB:54,cluster,cross_species_WB,macaque,#005BAC,Not assessed
macaque:MB-HB:540,cluster,cross_species_WB,macaque,#607F26,Not assessed
macaque:MB-HB:541,cluster,cross_species_WB,macaque,#5E100D,Not assessed
macaque:MB-HB:542,cluster,cross_species_WB,macaque,#6E1811,Not assessed
macaque:MB-HB:543,cluster,cross_species_WB,macaque,#4C5C19,Not assessed
macaque:MB-HB:544,cluster,cross_species_WB,macaque,#5D7A24,Not assessed
macaque:MB-HB:545,cluster,cross_species_WB,macaque,#7CFF63,Not assessed
macaque:MB-HB:546,cluster,cross_species_WB,macaque,#F6FF87,Not assessed
macaque:MB-HB:547,cluster,cross_species_WB,macaque,#F2FFA1,Not assessed
macaque:MB-HB:548,cluster,cross_species_WB,macaque,#74B0A6,Not assessed
macaque:MB-HB:549,cluster,cross_species_WB,macaque,#5DF7E4,Not assessed
macaque:MB-HB:55,cluster,cross_species_WB,macaque,#0352E5,Not assessed
macaque:MB-HB:550,cluster,cross_species_WB,macaque,#98C699,Not assessed
macaque:MB-HB:551,cluster,cross_species_WB,macaque,#86BD83,Not assessed
macaque:MB-HB:552,cluster,cross_species_WB,macaque,#4299A2,Not assessed
macaque:MB-HB:553,cluster,cross_species_WB,macaque,#25216B,Not assessed
macaque:MB-HB:554,cluster,cross_species_WB,macaque,#2378AF,Not assessed
macaque:MB-HB:555,cluster,cross_species_WB,macaque,#1D0380,Not assessed
macaque:MB-HB:556,cluster,cross_species_WB,macaque,#62A999,Not assessed
macaque:MB-HB:557,cluster,cross_species_WB,macaque,#72AFA5,Not assessed
macaque:MB-HB:558,cluster,cross_species_WB,macaque,#4C004F,Not assessed
macaque:MB-HB:559,cluster,cross_species_WB,macaque,#63AA9A,Not assessed
macaque:MB-HB:56,cluster,cross_species_WB,macaque,#005BAF,Not assessed
macaque:MB-HB:560,cluster,cross_species_WB,macaque,#6B0167,Not assessed
macaque:MB-HB:561,cluster,cross_species_WB,macaque,#221F66,Not assessed
macaque:MB-HB:562,cluster,cross_species_WB,macaque,#500053,Not assessed
macaque:MB-HB:563,cluster,cross_species_WB,macaque,#E10242,Not assessed
macaque:MB-HB:564,cluster,cross_species_WB,macaque,#B8004C,Not assessed
macaque:MB-HB:565,cluster,cross_species_WB,macaque,#DE0243,Not assessed
macaque:MB-HB:566,cluster,cross_species_WB,macaque,#886313,Not assessed
macaque:MB-HB:567,cluster,cross_species_WB,macaque,#AA8E1B,Not assessed
macaque:MB-HB:568,cluster,cross_species_WB,macaque,#8666C7,Not assessed
macaque:MB-HB:569,cluster,cross_species_WB,macaque,#AD8DD1,Not assessed
macaque:MB-HB:57,cluster,cross_species_WB,macaque,#0253E2,Not assessed
macaque:MB-HB:570,cluster,cross_species_WB,macaque,#43D15B,Not assessed
macaque:MB-HB:571,cluster,cross_species_WB,macaque,#8968C8,Not assessed
macaque:MB-HB:572,cluster,cross_species_WB,macaque,#AC8BD1,Not assessed
macaque:MB-HB:573,cluster,cross_species_WB,macaque,#8B6AC8,Not assessed
macaque:MB-HB:574,cluster,cross_species_WB,macaque,#05004C,Not assessed
macaque:MB-HB:575,cluster,cross_species_WB,macaque,#3FE461,Not assessed
macaque:MB-HB:576,cluster,cross_species_WB,macaque,#55E67C,Not assessed
macaque:MB-HB:577,cluster,cross_species_WB,macaque,#6847C8,Not assessed
macaque:MB-HB:578,cluster,cross_species_WB,macaque,#511C5F,Not assessed
macaque:MB-HB:579,cluster,cross_species_WB,macaque,#9670D0,Not assessed
macaque:MB-HB:58,cluster,cross_species_WB,macaque,#005BB2,Not assessed
macaque:MB-HB:580,cluster,cross_species_WB,macaque,#FF3E1F,Not assessed
macaque:MB-HB:581,cluster,cross_species_WB,macaque,#6B4AC9,Not assessed
macaque:MB-HB:582,cluster,cross_species_WB,macaque,#480088,Not assessed
macaque:MB-HB:583,cluster,cross_species_WB,macaque,#87CA51,Not assessed
macaque:MB-HB:584,cluster,cross_species_WB,macaque,#936ECF,Not assessed
macaque:MB-HB:585,cluster,cross_species_WB,macaque,#6E4DC9,Not assessed
macaque:MB-HB:586,cluster,cross_species_WB,macaque,#906BCF,Not assessed
macaque:MB-HB:587,cluster,cross_species_WB,macaque,#FF64ED,Not assessed
macaque:MB-HB:588,cluster,cross_species_WB,macaque,#6901A9,Not assessed
macaque:MB-HB:589,cluster,cross_species_WB,macaque,#FE83E7,Not assessed
macaque:MB-HB:59,cluster,cross_species_WB,macaque,#0254E0,Not assessed
macaque:MB-HB:590,cluster,cross_species_WB,macaque,#FF66ED,Not assessed
macaque:MB-HB:591,cluster,cross_species_WB,macaque,#4B008C,Not assessed
macaque:MB-HB:592,cluster,cross_species_WB,macaque,#A6C610,Not assessed
macaque:MB-HB:593,cluster,cross_species_WB,macaque,#9EAE0C,Not assessed
macaque:MB-HB:594,cluster,cross_species_WB,macaque,#A5C310,Not assessed
macaque:MB-HB:595,cluster,cross_species_WB,macaque,#1BBE76,Not assessed
macaque:MB-HB:596,cluster,cross_species_WB,macaque,#23DA98,Not assessed
macaque:MB-HB:597,cluster,cross_species_WB,macaque,#1DC37C,Not assessed
macaque:MB-HB:598,cluster,cross_species_WB,macaque,#22D593,Not assessed
macaque:MB-HB:599,cluster,cross_species_WB,macaque,#6501A5,Not assessed
macaque:MB-HB:6,cluster,cross_species_WB,macaque,#AD312F,Not assessed
macaque:MB-HB:60,cluster,cross_species_WB,macaque,#FDB641,Not assessed
macaque:MB-HB:600,cluster,cross_species_WB,macaque,#1EC781,Not assessed
macaque:MB-HB:601,cluster,cross_species_WB,macaque,#9FB10D,Not assessed
macaque:MB-HB:602,cluster,cross_species_WB,macaque,#8D3B14,Not assessed
macaque:MB-HB:603,cluster,cross_species_WB,macaque,#4F0090,Not assessed
macaque:MB-HB:604,cluster,cross_species_WB,macaque,#A5501A,Not assessed
macaque:MB-HB:605,cluster,cross_species_WB,macaque,#6101A2,Not assessed
macaque:MB-HB:606,cluster,cross_species_WB,macaque,#013A7E,Not assessed
macaque:MB-HB:607,cluster,cross_species_WB,macaque,#530093,Not assessed
macaque:MB-HB:608,cluster,cross_species_WB,macaque,#5E009E,Not assessed
macaque:MB-HB:609,cluster,cross_species_WB,macaque,#FE80E8,Not assessed
macaque:MB-HB:61,cluster,cross_species_WB,macaque,#CEB3FE,Not assessed
macaque:MB-HB:610,cluster,cross_species_WB,macaque,#FF68EC,Not assessed
macaque:MB-HB:611,cluster,cross_species_WB,macaque,#00305E,Not assessed
macaque:MB-HB:612,cluster,cross_species_WB,macaque,#8074A4,Not assessed
macaque:MB-HB:613,cluster,cross_species_WB,macaque,#2D626B,Not assessed
macaque:MB-HB:614,cluster,cross_species_WB,macaque,#C7FF13,Not assessed
macaque:MB-HB:615,cluster,cross_species_WB,macaque,#9F3294,Not assessed
macaque:MB-HB:616,cluster,cross_species_WB,macaque,#1B4D5C,Not assessed
macaque:MB-HB:617,cluster,cross_species_WB,macaque,#CD4872,Not assessed
macaque:MB-HB:618,cluster,cross_species_WB,macaque,#CB356F,Not assessed
macaque:MB-HB:619,cluster,cross_species_WB,macaque,#F60E00,Not assessed
macaque:MB-HB:62,cluster,cross_species_WB,macaque,#77884E,Not assessed
macaque:MB-HB:620,cluster,cross_species_WB,macaque,#CD4572,Not assessed
macaque:MB-HB:621,cluster,cross_species_WB,macaque,#A57B4D,Not assessed
macaque:MB-HB:622,cluster,cross_species_WB,macaque,#B33632,Not assessed
macaque:MB-HB:623,cluster,cross_species_WB,macaque,#C4FFB0,Not assessed
macaque:MB-HB:624,cluster,cross_species_WB,macaque,#B3FFC0,Not assessed
macaque:MB-HB:625,cluster,cross_species_WB,macaque,#CAFFA5,Not assessed
macaque:MB-HB:626,cluster,cross_species_WB,macaque,#1C037E,Not assessed
macaque:MB-HB:627,cluster,cross_species_WB,macaque,#B8C845,Not assessed
macaque:MB-HB:628,cluster,cross_species_WB,macaque,#9C1ACC,Not assessed
macaque:MB-HB:629,cluster,cross_species_WB,macaque,#8B6714,Not assessed
macaque:MB-HB:63,cluster,cross_species_WB,macaque,#8700C9,Not assessed
macaque:MB-HB:630,cluster,cross_species_WB,macaque,#FFB188,Not assessed
macaque:MB-HB:631,cluster,cross_species_WB,macaque,#005BB8,Not assessed
macaque:MB-HB:632,cluster,cross_species_WB,macaque,#FECFAB,Not assessed
macaque:MB-HB:633,cluster,cross_species_WB,macaque,#0255DB,Not assessed
macaque:MB-HB:634,cluster,cross_species_WB,macaque,#6380FE,Not assessed
macaque:MB-HB:635,cluster,cross_species_WB,macaque,#CE686F,Not assessed
macaque:MB-HB:636,cluster,cross_species_WB,macaque,#89A26A,Not assessed
macaque:MB-HB:637,cluster,cross_species_WB,macaque,#3B76FF,Not assessed
macaque:MB-HB:638,cluster,cross_species_WB,macaque,#7B8F53,Not assessed
macaque:MB-HB:639,cluster,cross_species_WB,macaque,#CE4B9E,Not assessed
macaque:MB-HB:64,cluster,cross_species_WB,macaque,#89FEAD,Not assessed
macaque:MB-HB:640,cluster,cross_species_WB,macaque,#A80125,Not assessed
macaque:MB-HB:641,cluster,cross_species_WB,macaque,#2B1DC6,Not assessed
macaque:MB-HB:642,cluster,cross_species_WB,macaque,#926941,Not assessed
macaque:MB-HB:643,cluster,cross_species_WB,macaque,#8CA219,Not assessed
macaque:MB-HB:644,cluster,cross_species_WB,macaque,#FEAF39,Not assessed
macaque:MB-HB:645,cluster,cross_species_WB,macaque,#849115,Not assessed
macaque:MB-HB:646,cluster,cross_species_WB,macaque,#327BA2,Not assessed
macaque:MB-HB:647,cluster,cross_species_WB,macaque,#2B7493,Not assessed
macaque:MB-HB:648,cluster,cross_species_WB,macaque,#1BFF89,Not assessed
macaque:MB-HB:649,cluster,cross_species_WB,macaque,#31FE9D,Not assessed
macaque:MB-HB:65,cluster,cross_species_WB,macaque,#C8BA6C,Not assessed
macaque:MB-HB:650,cluster,cross_species_WB,macaque,#8FCE67,Not assessed
macaque:MB-HB:651,cluster,cross_species_WB,macaque,#00B8D9,Not assessed
macaque:MB-HB:652,cluster,cross_species_WB,macaque,#CF5296,Not assessed
macaque:MB-HB:653,cluster,cross_species_WB,macaque,#4ABFCE,Not assessed
macaque:MB-HB:654,cluster,cross_species_WB,macaque,#FE230A,Not assessed
macaque:MB-HB:655,cluster,cross_species_WB,macaque,#F70F00,Not assessed
macaque:MB-HB:656,cluster,cross_species_WB,macaque,#34C4CB,Not assessed
macaque:MB-HB:657,cluster,cross_species_WB,macaque,#FE2009,Not assessed
macaque:MB-HB:658,cluster,cross_species_WB,macaque,#FE7EE8,Not assessed
macaque:MB-HB:659,cluster,cross_species_WB,macaque,#63226D,Not assessed
macaque:MB-HB:66,cluster,cross_species_WB,macaque,#735793,Not assessed
macaque:MB-HB:660,cluster,cross_species_WB,macaque,#84C500,Not assessed
macaque:MB-HB:661,cluster,cross_species_WB,macaque,#541D61,Not assessed
macaque:MB-HB:662,cluster,cross_species_WB,macaque,#02FD9D,Not assessed
macaque:MB-HB:663,cluster,cross_species_WB,macaque,#F91000,Not assessed
macaque:MB-HB:664,cluster,cross_species_WB,macaque,#00E178,Not assessed
macaque:MB-HB:665,cluster,cross_species_WB,macaque,#AD1C9D,Not assessed
macaque:MB-HB:666,cluster,cross_species_WB,macaque,#861387,Not assessed
macaque:MB-HB:667,cluster,cross_species_WB,macaque,#0AEE00,Not assessed
macaque:MB-HB:668,cluster,cross_species_WB,macaque,#12FD1D,Not assessed
macaque:MB-HB:669,cluster,cross_species_WB,macaque,#71AEA4,Not assessed
macaque:MB-HB:67,cluster,cross_species_WB,macaque,#C9FF0D,Not assessed
macaque:MB-HB:670,cluster,cross_species_WB,macaque,#BB004B,Not assessed
macaque:MB-HB:671,cluster,cross_species_WB,macaque,#DC0244,Not assessed
macaque:MB-HB:672,cluster,cross_species_WB,macaque,#AA89D0,Not assessed
macaque:MB-HB:673,cluster,cross_species_WB,macaque,#7250CA,Not assessed
macaque:MB-HB:674,cluster,cross_species_WB,macaque,#8D68CE,Not assessed
macaque:MB-HB:675,cluster,cross_species_WB,macaque,#65AA9B,Not assessed
macaque:MB-HB:676,cluster,cross_species_WB,macaque,#43E567,Not assessed
macaque:MB-HB:677,cluster,cross_species_WB,macaque,#7552CA,Not assessed
macaque:MB-HB:678,cluster,cross_species_WB,macaque,#8B65CE,Not assessed
macaque:MB-HB:679,cluster,cross_species_WB,macaque,#73679F,Not assessed
macaque:MB-HB:68,cluster,cross_species_WB,macaque,#0402AE,Not assessed
macaque:MB-HB:680,cluster,cross_species_WB,macaque,#55915C,Not assessed
macaque:MB-HB:681,cluster,cross_species_WB,macaque,#8D6CC9,Not assessed
macaque:MB-HB:682,cluster,cross_species_WB,macaque,#832785,Not assessed
macaque:MB-HB:683,cluster,cross_species_WB,macaque,#D500A0,Not assessed
macaque:MB-HB:684,cluster,cross_species_WB,macaque,#89CB56,Not assessed
macaque:MB-HB:685,cluster,cross_species_WB,macaque,#D10088,Not assessed
macaque:MB-HB:686,cluster,cross_species_WB,macaque,#F802A8,Not assessed
macaque:MB-HB:687,cluster,cross_species_WB,macaque,#BCFF9F,Not assessed
macaque:MB-HB:688,cluster,cross_species_WB,macaque,#F90284,Not assessed
macaque:MB-HB:689,cluster,cross_species_WB,macaque,#C2FFAD,Not assessed
macaque:MB-HB:69,cluster,cross_species_WB,macaque,#81619F,Not assessed
macaque:MB-HB:690,cluster,cross_species_WB,macaque,#DB009A,Not assessed
macaque:MB-HB:691,cluster,cross_species_WB,macaque,#F2019B,Not assessed
macaque:MB-HB:692,cluster,cross_species_WB,macaque,#944367,Not assessed
macaque:MB-HB:693,cluster,cross_species_WB,macaque,#0EFAE4,Not assessed
macaque:MB-HB:694,cluster,cross_species_WB,macaque,#DF009A,Not assessed
macaque:MB-HB:695,cluster,cross_species_WB,macaque,#6ED070,Not assessed
macaque:MB-HB:696,cluster,cross_species_WB,macaque,#CA349D,Not assessed
macaque:MB-HB:697,cluster,cross_species_WB,macaque,#E100A3,Not assessed
macaque:MB-HB:698,cluster,cross_species_WB,macaque,#FF8D18,Not assessed
macaque:MB-HB:699,cluster,cross_species_WB,macaque,#EDFE8E,Not assessed
macaque:MB-HB:7,cluster,cross_species_WB,macaque,#C54B3C,Not assessed
macaque:MB-HB:70,cluster,cross_species_WB,macaque,#000D85,Not assessed
macaque:MB-HB:700,cluster,cross_species_WB,macaque,#51E577,Not assessed
macaque:MB-HB:701,cluster,cross_species_WB,macaque,#561286,Not assessed
macaque:MB-HB:702,cluster,cross_species_WB,macaque,#841CAC,Not assessed
macaque:MB-HB:703,cluster,cross_species_WB,macaque,#86D200,Not assessed
macaque:MB-HB:704,cluster,cross_species_WB,macaque,#3721D2,Not assessed
macaque:MB-HB:705,cluster,cross_species_WB,macaque,#9BFFA5,Not assessed
macaque:MB-HB:706,cluster,cross_species_WB,macaque,#60110E,Not assessed
macaque:MB-HB:707,cluster,cross_species_WB,macaque,#8B34A6,Not assessed
macaque:MB-HB:708,cluster,cross_species_WB,macaque,#B0FFBC,Not assessed
macaque:MB-HB:709,cluster,cross_species_WB,macaque,#9FFFAA,Not assessed
macaque:MB-HB:71,cluster,cross_species_WB,macaque,#02F193,Not assessed
macaque:MB-HB:710,cluster,cross_species_WB,macaque,#9D3293,Not assessed
macaque:MB-HB:711,cluster,cross_species_WB,macaque,#862887,Not assessed
macaque:MB-HB:712,cluster,cross_species_WB,macaque,#356C7A,Not assessed
macaque:MB-HB:713,cluster,cross_species_WB,macaque,#345B3C,Not assessed
macaque:MB-HB:714,cluster,cross_species_WB,macaque,#9B3192,Not assessed
macaque:MB-HB:715,cluster,cross_species_WB,macaque,#892888,Not assessed
macaque:MB-HB:716,cluster,cross_species_WB,macaque,#CA057A,Not assessed
macaque:MB-HB:717,cluster,cross_species_WB,macaque,#8CA019,Not assessed
macaque:MB-HB:718,cluster,cross_species_WB,macaque,#EE3A6D,Not assessed
macaque:MB-HB:719,cluster,cross_species_WB,macaque,#7D7DD3,Not assessed
macaque:MB-HB:72,cluster,cross_species_WB,macaque,#0301AB,Not assessed
macaque:MB-HB:720,cluster,cross_species_WB,macaque,#2E646E,Not assessed
macaque:MB-HB:721,cluster,cross_species_WB,macaque,#D40088,Not assessed
macaque:MB-HB:722,cluster,cross_species_WB,macaque,#859316,Not assessed
macaque:MB-HB:723,cluster,cross_species_WB,macaque,#8B9F18,Not assessed
macaque:MB-HB:73,cluster,cross_species_WB,macaque,#00C65C,Not assessed
macaque:MB-HB:74,cluster,cross_species_WB,macaque,#02EE8F,Not assessed
macaque:MB-HB:75,cluster,cross_species_WB,macaque,#00C95F,Not assessed
macaque:MB-HB:76,cluster,cross_species_WB,macaque,#A3796B,Not assessed
macaque:MB-HB:77,cluster,cross_species_WB,macaque,#8F5D54,Not assessed
macaque:MB-HB:78,cluster,cross_species_WB,macaque,#A17466,Not assessed
macaque:MB-HB:79,cluster,cross_species_WB,macaque,#58CF52,Not assessed
macaque:MB-HB:8,cluster,cross_species_WB,macaque,#FF4FF4,Not assessed
macaque:MB-HB:80,cluster,cross_species_WB,macaque,#47C632,Not assessed
macaque:MB-HB:81,cluster,cross_species_WB,macaque,#55CE4C,Not assessed
macaque:MB-HB:82,cluster,cross_species_WB,macaque,#862716,Not assessed
macaque:MB-HB:83,cluster,cross_species_WB,macaque,#47090B,Not assessed
macaque:MB-HB:84,cluster,cross_species_WB,macaque,#842616,Not assessed
macaque:MB-HB:85,cluster,cross_species_WB,macaque,#49090B,Not assessed
macaque:MB-HB:86,cluster,cross_species_WB,macaque,#822516,Not assessed
macaque:MB-HB:87,cluster,cross_species_WB,macaque,#4B0A0B,Not assessed
macaque:MB-HB:88,cluster,cross_species_WB,macaque,#812415,Not assessed
macaque:MB-HB:89,cluster,cross_species_WB,macaque,#C5326E,Not assessed
macaque:MB-HB:9,cluster,cross_species_WB,macaque,#FD99E6,Not assessed
macaque:MB-HB:90,cluster,cross_species_WB,macaque,#B8C130,Not assessed
macaque:MB-HB:91,cluster,cross_species_WB,macaque,#FBBB0F,Not assessed
macaque:MB-HB:92,cluster,cross_species_WB,macaque,#BD6400,Not assessed
macaque:MB-HB:93,cluster,cross_species_WB,macaque,#BDFD40,Not assessed
macaque:MB-HB:94,cluster,cross_species_WB,macaque,#FCB70A,Not assessed
macaque:MB-HB:95,cluster,cross_species_WB,macaque,#02DE92,Not assessed
macaque:MB-HB:96,cluster,cross_species_WB,macaque,#00BE6D,Not assessed
macaque:MB-HB:97,cluster,cross_species_WB,macaque,#FFFA50,Not assessed
macaque:MB-HB:98,cluster,cross_species_WB,macaque,#C16800,Not assessed
macaque:MB-HB:99,cluster,cross_species_WB,macaque,#00B811,Not assessed
macaque:NN-IMN:1,cluster,cross_species_WB,macaque,#751A00,Not assessed
macaque:NN-IMN:10,cluster,cross_species_WB,macaque,#DC3851,Not assessed
macaque:NN-IMN:100,cluster,cross_species_WB,macaque,#7F527B,Not assessed
macaque:NN-IMN:101,cluster,cross_species_WB,macaque,#FF01AD,Not assessed
macaque:NN-IMN:102,cluster,cross_species_WB,macaque,#B4FED3,Not assessed
macaque:NN-IMN:103,cluster,cross_species_WB,macaque,#78FF9C,Not assessed
macaque:NN-IMN:104,cluster,cross_species_WB,macaque,#FF7DCA,Not assessed
macaque:NN-IMN:105,cluster,cross_species_WB,macaque,#415B6B,Not assessed
macaque:NN-IMN:106,cluster,cross_species_WB,macaque,#482A4C,Not assessed
macaque:NN-IMN:107,cluster,cross_species_WB,macaque,#3B5563,Not assessed
macaque:NN-IMN:108,cluster,cross_species_WB,macaque,#63D1C8,Not assessed
macaque:NN-IMN:109,cluster,cross_species_WB,macaque,#2AB48C,Not assessed
macaque:NN-IMN:11,cluster,cross_species_WB,macaque,#AD1751,Not assessed
macaque:NN-IMN:110,cluster,cross_species_WB,macaque,#C17BD2,Not assessed
macaque:NN-IMN:111,cluster,cross_species_WB,macaque,#963DC7,Not assessed
macaque:NN-IMN:112,cluster,cross_species_WB,macaque,#7E517A,Not assessed
macaque:NN-IMN:113,cluster,cross_species_WB,macaque,#492B4D,Not assessed
macaque:NN-IMN:114,cluster,cross_species_WB,macaque,#C17AD2,Not assessed
macaque:NN-IMN:115,cluster,cross_species_WB,macaque,#7D517A,Not assessed
macaque:NN-IMN:116,cluster,cross_species_WB,macaque,#4A2B4E,Not assessed
macaque:NN-IMN:117,cluster,cross_species_WB,macaque,#7C5079,Not assessed
macaque:NN-IMN:118,cluster,cross_species_WB,macaque,#4B2C4F,Not assessed
macaque:NN-IMN:119,cluster,cross_species_WB,macaque,#7C4F79,Not assessed
macaque:NN-IMN:12,cluster,cross_species_WB,macaque,#7B604E,Not assessed
macaque:NN-IMN:120,cluster,cross_species_WB,macaque,#4C2D50,Not assessed
macaque:NN-IMN:121,cluster,cross_species_WB,macaque,#7B4F78,Not assessed
macaque:NN-IMN:122,cluster,cross_species_WB,macaque,#4D2D51,Not assessed
macaque:NN-IMN:123,cluster,cross_species_WB,macaque,#7A4E77,Not assessed
macaque:NN-IMN:124,cluster,cross_species_WB,macaque,#4E2E51,Not assessed
macaque:NN-IMN:125,cluster,cross_species_WB,macaque,#794D77,Not assessed
macaque:NN-IMN:126,cluster,cross_species_WB,macaque,#4E2E52,Not assessed
macaque:NN-IMN:127,cluster,cross_species_WB,macaque,#794D76,Not assessed
macaque:NN-IMN:128,cluster,cross_species_WB,macaque,#775B4B,Not assessed
macaque:NN-IMN:129,cluster,cross_species_WB,macaque,#573A32,Not assessed
macaque:NN-IMN:13,cluster,cross_species_WB,macaque,#52362F,Not assessed
macaque:NN-IMN:130,cluster,cross_species_WB,macaque,#C8966C,Not assessed
macaque:NN-IMN:131,cluster,cross_species_WB,macaque,#755949,Not assessed
macaque:NN-IMN:132,cluster,cross_species_WB,macaque,#593C33,Not assessed
macaque:NN-IMN:133,cluster,cross_species_WB,macaque,#735747,Not assessed
macaque:NN-IMN:134,cluster,cross_species_WB,macaque,#D0AE88,Not assessed
macaque:NN-IMN:135,cluster,cross_species_WB,macaque,#4F2F53,Not assessed
macaque:NN-IMN:136,cluster,cross_species_WB,macaque,#784C76,Not assessed
macaque:NN-IMN:137,cluster,cross_species_WB,macaque,#AD5571,Not assessed
macaque:NN-IMN:138,cluster,cross_species_WB,macaque,#84385D,Not assessed
macaque:NN-IMN:139,cluster,cross_species_WB,macaque,#AD5471,Not assessed
macaque:NN-IMN:14,cluster,cross_species_WB,macaque,#795E4C,Not assessed
macaque:NN-IMN:140,cluster,cross_species_WB,macaque,#85385D,Not assessed
macaque:NN-IMN:141,cluster,cross_species_WB,macaque,#AC5370,Not assessed
macaque:NN-IMN:142,cluster,cross_species_WB,macaque,#B4FED3,Not assessed
macaque:NN-IMN:143,cluster,cross_species_WB,macaque,#7AFF9E,Not assessed
macaque:NN-IMN:144,cluster,cross_species_WB,macaque,#973FC7,Not assessed
macaque:NN-IMN:145,cluster,cross_species_WB,macaque,#62D1C7,Not assessed
macaque:NN-IMN:146,cluster,cross_species_WB,macaque,#C078D2,Not assessed
macaque:NN-IMN:147,cluster,cross_species_WB,macaque,#B3FED3,Not assessed
macaque:NN-IMN:148,cluster,cross_species_WB,macaque,#7BFF9F,Not assessed
macaque:NN-IMN:149,cluster,cross_species_WB,macaque,#86395E,Not assessed
macaque:NN-IMN:15,cluster,cross_species_WB,macaque,#553830,Not assessed
macaque:NN-IMN:150,cluster,cross_species_WB,macaque,#2BB58E,Not assessed
macaque:NN-IMN:151,cluster,cross_species_WB,macaque,#DC304F,Not assessed
macaque:NN-IMN:152,cluster,cross_species_WB,macaque,#502F54,Not assessed
macaque:NN-IMN:153,cluster,cross_species_WB,macaque,#774B75,Not assessed
macaque:NN-IMN:154,cluster,cross_species_WB,macaque,#9840C8,Not assessed
macaque:NN-IMN:155,cluster,cross_species_WB,macaque,#513055,Not assessed
macaque:NN-IMN:156,cluster,cross_species_WB,macaque,#B3FED2,Not assessed
macaque:NN-IMN:157,cluster,cross_species_WB,macaque,#774B74,Not assessed
macaque:NN-IMN:158,cluster,cross_species_WB,macaque,#AB5270,Not assessed
macaque:NN-IMN:159,cluster,cross_species_WB,macaque,#87395E,Not assessed
macaque:NN-IMN:16,cluster,cross_species_WB,macaque,#DC3550,Not assessed
macaque:NN-IMN:160,cluster,cross_species_WB,macaque,#AB516F,Not assessed
macaque:NN-IMN:161,cluster,cross_species_WB,macaque,#883A5F,Not assessed
macaque:NN-IMN:162,cluster,cross_species_WB,macaque,#AA516F,Not assessed
macaque:NN-IMN:163,cluster,cross_species_WB,macaque,#893A5F,Not assessed
macaque:NN-IMN:164,cluster,cross_species_WB,macaque,#FF885E,Not assessed
macaque:NN-IMN:165,cluster,cross_species_WB,macaque,#FEB489,Not assessed
macaque:NN-IMN:166,cluster,cross_species_WB,macaque,#FF8E63,Not assessed
macaque:NN-IMN:167,cluster,cross_species_WB,macaque,#FEAF84,Not assessed
macaque:NN-IMN:168,cluster,cross_species_WB,macaque,#FF9468,Not assessed
macaque:NN-IMN:169,cluster,cross_species_WB,macaque,#FC4BC4,Not assessed
macaque:NN-IMN:17,cluster,cross_species_WB,macaque,#C73CC6,Not assessed
macaque:NN-IMN:170,cluster,cross_species_WB,macaque,#523156,Not assessed
macaque:NN-IMN:171,cluster,cross_species_WB,macaque,#764A74,Not assessed
macaque:NN-IMN:172,cluster,cross_species_WB,macaque,#C740C5,Not assessed
macaque:NN-IMN:173,cluster,cross_species_WB,macaque,#533156,Not assessed
macaque:NN-IMN:174,cluster,cross_species_WB,macaque,#D277C1,Not assessed
macaque:NN-IMN:175,cluster,cross_species_WB,macaque,#C844C5,Not assessed
macaque:NN-IMN:176,cluster,cross_species_WB,macaque,#D174C1,Not assessed
macaque:NN-IMN:177,cluster,cross_species_WB,macaque,#C848C4,Not assessed
macaque:NN-IMN:178,cluster,cross_species_WB,macaque,#D070C1,Not assessed
macaque:NN-IMN:179,cluster,cross_species_WB,macaque,#C94BC3,Not assessed
macaque:NN-IMN:18,cluster,cross_species_WB,macaque,#FF8258,Not assessed
macaque:NN-IMN:180,cluster,cross_species_WB,macaque,#CF6CC0,Not assessed
macaque:NN-IMN:181,cluster,cross_species_WB,macaque,#CA4FC3,Not assessed
macaque:NN-IMN:182,cluster,cross_species_WB,macaque,#CF69C0,Not assessed
macaque:NN-IMN:183,cluster,cross_species_WB,macaque,#754973,Not assessed
macaque:NN-IMN:184,cluster,cross_species_WB,macaque,#CA53C2,Not assessed
macaque:NN-IMN:185,cluster,cross_species_WB,macaque,#543257,Not assessed
macaque:NN-IMN:186,cluster,cross_species_WB,macaque,#744973,Not assessed
macaque:NN-IMN:187,cluster,cross_species_WB,macaque,#A9506E,Not assessed
macaque:NN-IMN:188,cluster,cross_species_WB,macaque,#893B5F,Not assessed
macaque:NN-IMN:189,cluster,cross_species_WB,macaque,#553258,Not assessed
macaque:NN-IMN:19,cluster,cross_species_WB,macaque,#B01750,Not assessed
macaque:NN-IMN:190,cluster,cross_species_WB,macaque,#A8506E,Not assessed
macaque:NN-IMN:191,cluster,cross_species_WB,macaque,#8A3C60,Not assessed
macaque:NN-IMN:192,cluster,cross_species_WB,macaque,#A74F6E,Not assessed
macaque:NN-IMN:193,cluster,cross_species_WB,macaque,#8B3C60,Not assessed
macaque:NN-IMN:194,cluster,cross_species_WB,macaque,#A64E6D,Not assessed
macaque:NN-IMN:195,cluster,cross_species_WB,macaque,#61D1C7,Not assessed
macaque:NN-IMN:196,cluster,cross_species_WB,macaque,#8C3D61,Not assessed
macaque:NN-IMN:197,cluster,cross_species_WB,macaque,#734872,Not assessed
macaque:NN-IMN:198,cluster,cross_species_WB,macaque,#563359,Not assessed
macaque:NN-IMN:199,cluster,cross_species_WB,macaque,#2BB68F,Not assessed
macaque:NN-IMN:2,cluster,cross_species_WB,macaque,#B4FED4,Not assessed
macaque:NN-IMN:20,cluster,cross_species_WB,macaque,#87A433,Not assessed
macaque:NN-IMN:200,cluster,cross_species_WB,macaque,#60D1C6,Not assessed
macaque:NN-IMN:201,cluster,cross_species_WB,macaque,#7DFFA1,Not assessed
macaque:NN-IMN:202,cluster,cross_species_WB,macaque,#FC4E9D,Not assessed
macaque:NN-IMN:203,cluster,cross_species_WB,macaque,#FF65CE,Not assessed
macaque:NN-IMN:204,cluster,cross_species_WB,macaque,#5B3E35,Not assessed
macaque:NN-IMN:205,cluster,cross_species_WB,macaque,#715445,Not assessed
macaque:NN-IMN:206,cluster,cross_species_WB,macaque,#B3FED2,Not assessed
macaque:NN-IMN:207,cluster,cross_species_WB,macaque,#FE82D0,Not assessed
macaque:NN-IMN:208,cluster,cross_species_WB,macaque,#A54E6D,Not assessed
macaque:NN-IMN:209,cluster,cross_species_WB,macaque,#BF77D1,Not assessed
macaque:NN-IMN:21,cluster,cross_species_WB,macaque,#45294A,Not assessed
macaque:NN-IMN:210,cluster,cross_species_WB,macaque,#CA9C73,Not assessed
macaque:NN-IMN:211,cluster,cross_species_WB,macaque,#9941C8,Not assessed
macaque:NN-IMN:212,cluster,cross_species_WB,macaque,#CEA881,Not assessed
macaque:NN-IMN:213,cluster,cross_species_WB,macaque,#FF06D6,Not assessed
macaque:NN-IMN:214,cluster,cross_species_WB,macaque,#FD49C4,Not assessed
macaque:NN-IMN:215,cluster,cross_species_WB,macaque,#7EFFA3,Not assessed
macaque:NN-IMN:216,cluster,cross_species_WB,macaque,#BF76D1,Not assessed
macaque:NN-IMN:217,cluster,cross_species_WB,macaque,#9A42C8,Not assessed
macaque:NN-IMN:218,cluster,cross_species_WB,macaque,#FF08D5,Not assessed
macaque:NN-IMN:219,cluster,cross_species_WB,macaque,#FD47C4,Not assessed
macaque:NN-IMN:22,cluster,cross_species_WB,macaque,#82375C,Not assessed
macaque:NN-IMN:220,cluster,cross_species_WB,macaque,#FF0AD5,Not assessed
macaque:NN-IMN:221,cluster,cross_species_WB,macaque,#B3FED2,Not assessed
macaque:NN-IMN:222,cluster,cross_species_WB,macaque,#FD44C4,Not assessed
macaque:NN-IMN:223,cluster,cross_species_WB,macaque,#FF0CD4,Not assessed
macaque:NN-IMN:224,cluster,cross_species_WB,macaque,#C5C0E3,Not assessed
macaque:NN-IMN:225,cluster,cross_species_WB,macaque,#BE75D1,Not assessed
macaque:NN-IMN:226,cluster,cross_species_WB,macaque,#FD42C5,Not assessed
macaque:NN-IMN:227,cluster,cross_species_WB,macaque,#2BB790,Not assessed
macaque:NN-IMN:228,cluster,cross_species_WB,macaque,#FF0ED3,Not assessed
macaque:NN-IMN:229,cluster,cross_species_WB,macaque,#5FD1C6,Not assessed
macaque:NN-IMN:23,cluster,cross_species_WB,macaque,#AD5672,Not assessed
macaque:NN-IMN:230,cluster,cross_species_WB,macaque,#FD40C5,Not assessed
macaque:NN-IMN:231,cluster,cross_species_WB,macaque,#888CD1,Not assessed
macaque:NN-IMN:232,cluster,cross_species_WB,macaque,#FF04AC,Not assessed
macaque:NN-IMN:233,cluster,cross_species_WB,macaque,#F16E03,Not assessed
macaque:NN-IMN:234,cluster,cross_species_WB,macaque,#9B44C8,Not assessed
macaque:NN-IMN:235,cluster,cross_species_WB,macaque,#2CB891,Not assessed
macaque:NN-IMN:236,cluster,cross_species_WB,macaque,#5ED1C5,Not assessed
macaque:NN-IMN:237,cluster,cross_species_WB,macaque,#2CB892,Not assessed
macaque:NN-IMN:238,cluster,cross_species_WB,macaque,#FF10D2,Not assessed
macaque:NN-IMN:239,cluster,cross_species_WB,macaque,#5DD0C5,Not assessed
macaque:NN-IMN:24,cluster,cross_species_WB,macaque,#7E902A,Not assessed
macaque:NN-IMN:240,cluster,cross_species_WB,macaque,#2DB993,Not assessed
macaque:NN-IMN:241,cluster,cross_species_WB,macaque,#5CD0C4,Not assessed
macaque:NN-IMN:242,cluster,cross_species_WB,macaque,#C2BDE2,Not assessed
macaque:NN-IMN:243,cluster,cross_species_WB,macaque,#FD3EC5,Not assessed
macaque:NN-IMN:244,cluster,cross_species_WB,macaque,#FF12D1,Not assessed
macaque:NN-IMN:245,cluster,cross_species_WB,macaque,#FD3CC6,Not assessed
macaque:NN-IMN:246,cluster,cross_species_WB,macaque,#FF14D1,Not assessed
macaque:NN-IMN:247,cluster,cross_species_WB,macaque,#BD74D1,Not assessed
macaque:NN-IMN:248,cluster,cross_species_WB,macaque,#2DBA94,Not assessed
macaque:NN-IMN:249,cluster,cross_species_WB,macaque,#80FFA4,Not assessed
macaque:NN-IMN:25,cluster,cross_species_WB,macaque,#FEB98F,Not assessed
macaque:NN-IMN:250,cluster,cross_species_WB,macaque,#0A2FDC,Not assessed
macaque:NN-IMN:251,cluster,cross_species_WB,macaque,#D3E400,Not assessed
macaque:NN-IMN:252,cluster,cross_species_WB,macaque,#B3FED1,Not assessed
macaque:NN-IMN:253,cluster,cross_species_WB,macaque,#B41950,Not assessed
macaque:NN-IMN:254,cluster,cross_species_WB,macaque,#5BD0C3,Not assessed
macaque:NN-IMN:255,cluster,cross_species_WB,macaque,#82FFA6,Not assessed
macaque:NN-IMN:256,cluster,cross_species_WB,macaque,#2DBB95,Not assessed
macaque:NN-IMN:257,cluster,cross_species_WB,macaque,#B1FED0,Not assessed
macaque:NN-IMN:258,cluster,cross_species_WB,macaque,#83FFA7,Not assessed
macaque:NN-IMN:259,cluster,cross_species_WB,macaque,#0A4B39,Not assessed
macaque:NN-IMN:26,cluster,cross_species_WB,macaque,#486073,Not assessed
macaque:NN-IMN:260,cluster,cross_species_WB,macaque,#158071,Not assessed
macaque:NN-IMN:261,cluster,cross_species_WB,macaque,#FD4A9D,Not assessed
macaque:NN-IMN:262,cluster,cross_species_WB,macaque,#FF07AA,Not assessed
macaque:NN-IMN:263,cluster,cross_species_WB,macaque,#C9FD1D,Not assessed
macaque:NN-IMN:264,cluster,cross_species_WB,macaque,#0735C5,Not assessed
macaque:NN-IMN:265,cluster,cross_species_WB,macaque,#D4E700,Not assessed
macaque:NN-IMN:266,cluster,cross_species_WB,macaque,#9C45C8,Not assessed
macaque:NN-IMN:267,cluster,cross_species_WB,macaque,#FF73CF,Not assessed
macaque:NN-IMN:268,cluster,cross_species_WB,macaque,#FD479D,Not assessed
macaque:NN-IMN:269,cluster,cross_species_WB,macaque,#CAFD1A,Not assessed
macaque:NN-IMN:27,cluster,cross_species_WB,macaque,#344F5A,Not assessed
macaque:NN-IMN:270,cluster,cross_species_WB,macaque,#FF0BA9,Not assessed
macaque:NN-IMN:271,cluster,cross_species_WB,macaque,#5AD0C3,Not assessed
macaque:NN-IMN:272,cluster,cross_species_WB,macaque,#D5EA00,Not assessed
macaque:NN-IMN:273,cluster,cross_species_WB,macaque,#CBFD17,Not assessed
macaque:NN-IMN:274,cluster,cross_species_WB,macaque,#0931D7,Not assessed
macaque:NN-IMN:275,cluster,cross_species_WB,macaque,#FD439E,Not assessed
macaque:NN-IMN:276,cluster,cross_species_WB,macaque,#FF0EA8,Not assessed
macaque:NN-IMN:277,cluster,cross_species_WB,macaque,#0734C9,Not assessed
macaque:NN-IMN:278,cluster,cross_species_WB,macaque,#0932D3,Not assessed
macaque:NN-IMN:279,cluster,cross_species_WB,macaque,#FD409E,Not assessed
macaque:NN-IMN:28,cluster,cross_species_WB,macaque,#465F71,Not assessed
macaque:NN-IMN:280,cluster,cross_species_WB,macaque,#2C8212,Not assessed
macaque:NN-IMN:281,cluster,cross_species_WB,macaque,#FEB3D6,Not assessed
macaque:NN-IMN:282,cluster,cross_species_WB,macaque,#2CAF1D,Not assessed
macaque:NN-IMN:283,cluster,cross_species_WB,macaque,#FF85CB,Not assessed
macaque:NN-IMN:284,cluster,cross_species_WB,macaque,#DC2E4E,Not assessed
macaque:NN-IMN:285,cluster,cross_species_WB,macaque,#734771,Not assessed
macaque:NN-IMN:286,cluster,cross_species_WB,macaque,#2D8713,Not assessed
macaque:NN-IMN:287,cluster,cross_species_WB,macaque,#8B8FD2,Not assessed
macaque:NN-IMN:288,cluster,cross_species_WB,macaque,#FF11A7,Not assessed
macaque:NN-IMN:289,cluster,cross_species_WB,macaque,#FD3D9E,Not assessed
macaque:NN-IMN:29,cluster,cross_species_WB,macaque,#36505D,Not assessed
macaque:NN-IMN:290,cluster,cross_species_WB,macaque,#2EBC96,Not assessed
macaque:NN-IMN:291,cluster,cross_species_WB,macaque,#59D0C2,Not assessed
macaque:NN-IMN:292,cluster,cross_species_WB,macaque,#2EBD97,Not assessed
macaque:NN-IMN:293,cluster,cross_species_WB,macaque,#BC73D0,Not assessed
macaque:NN-IMN:294,cluster,cross_species_WB,macaque,#58D0C2,Not assessed
macaque:NN-IMN:295,cluster,cross_species_WB,macaque,#2EBD98,Not assessed
macaque:NN-IMN:296,cluster,cross_species_WB,macaque,#57D0C1,Not assessed
macaque:NN-IMN:297,cluster,cross_species_WB,macaque,#5D4036,Not assessed
macaque:NN-IMN:298,cluster,cross_species_WB,macaque,#2FBE9A,Not assessed
macaque:NN-IMN:299,cluster,cross_species_WB,macaque,#8D3D61,Not assessed
macaque:NN-IMN:3,cluster,cross_species_WB,macaque,#7D8E29,Not assessed
macaque:NN-IMN:30,cluster,cross_species_WB,macaque,#445E6F,Not assessed
macaque:NN-IMN:300,cluster,cross_species_WB,macaque,#A54D6C,Not assessed
macaque:NN-IMN:301,cluster,cross_species_WB,macaque,#FE3AC6,Not assessed
macaque:NN-IMN:302,cluster,cross_species_WB,macaque,#9D46C8,Not assessed
macaque:NN-IMN:303,cluster,cross_species_WB,macaque,#57345A,Not assessed
macaque:NN-IMN:304,cluster,cross_species_WB,macaque,#3F5969,Not assessed
macaque:NN-IMN:305,cluster,cross_species_WB,macaque,#724771,Not assessed
macaque:NN-IMN:306,cluster,cross_species_WB,macaque,#58345A,Not assessed
macaque:NN-IMN:307,cluster,cross_species_WB,macaque,#8E3E62,Not assessed
macaque:NN-IMN:308,cluster,cross_species_WB,macaque,#A44C6C,Not assessed
macaque:NN-IMN:309,cluster,cross_species_WB,macaque,#714670,Not assessed
macaque:NN-IMN:31,cluster,cross_species_WB,macaque,#37525F,Not assessed
macaque:NN-IMN:310,cluster,cross_species_WB,macaque,#56CFC1,Not assessed
macaque:NN-IMN:311,cluster,cross_species_WB,macaque,#2FBF9B,Not assessed
macaque:NN-IMN:312,cluster,cross_species_WB,macaque,#55CFC0,Not assessed
macaque:NN-IMN:313,cluster,cross_species_WB,macaque,#8F3E62,Not assessed
macaque:NN-IMN:314,cluster,cross_species_WB,macaque,#A34C6C,Not assessed
macaque:NN-IMN:315,cluster,cross_species_WB,macaque,#903F63,Not assessed
macaque:NN-IMN:316,cluster,cross_species_WB,macaque,#A24B6B,Not assessed
macaque:NN-IMN:317,cluster,cross_species_WB,macaque,#914063,Not assessed
macaque:NN-IMN:318,cluster,cross_species_WB,macaque,#A14A6B,Not assessed
macaque:NN-IMN:319,cluster,cross_species_WB,macaque,#59355B,Not assessed
macaque:NN-IMN:32,cluster,cross_species_WB,macaque,#435C6D,Not assessed
macaque:NN-IMN:320,cluster,cross_species_WB,macaque,#704570,Not assessed
macaque:NN-IMN:321,cluster,cross_species_WB,macaque,#5A355C,Not assessed
macaque:NN-IMN:322,cluster,cross_species_WB,macaque,#B0FECF,Not assessed
macaque:NN-IMN:323,cluster,cross_species_WB,macaque,#85FFA9,Not assessed
macaque:NN-IMN:324,cluster,cross_species_WB,macaque,#2FC09C,Not assessed
macaque:NN-IMN:325,cluster,cross_species_WB,macaque,#BC71D0,Not assessed
macaque:NN-IMN:326,cluster,cross_species_WB,macaque,#9D47C9,Not assessed
macaque:NN-IMN:327,cluster,cross_species_WB,macaque,#BB70D0,Not assessed
macaque:NN-IMN:328,cluster,cross_species_WB,macaque,#B61950,Not assessed
macaque:NN-IMN:329,cluster,cross_species_WB,macaque,#DC2B4D,Not assessed
macaque:NN-IMN:33,cluster,cross_species_WB,macaque,#395361,Not assessed
macaque:NN-IMN:330,cluster,cross_species_WB,macaque,#B81A50,Not assessed
macaque:NN-IMN:331,cluster,cross_species_WB,macaque,#DC294C,Not assessed
macaque:NN-IMN:332,cluster,cross_species_WB,macaque,#BA1A50,Not assessed
macaque:NN-IMN:333,cluster,cross_species_WB,macaque,#54CFBF,Not assessed
macaque:NN-IMN:334,cluster,cross_species_WB,macaque,#2CAA1B,Not assessed
macaque:NN-IMN:335,cluster,cross_species_WB,macaque,#70456F,Not assessed
macaque:NN-IMN:336,cluster,cross_species_WB,macaque,#5A365D,Not assessed
macaque:NN-IMN:337,cluster,cross_species_WB,macaque,#9E49C9,Not assessed
macaque:NN-IMN:338,cluster,cross_species_WB,macaque,#BA6FD0,Not assessed
macaque:NN-IMN:339,cluster,cross_species_WB,macaque,#AEFECD,Not assessed
macaque:NN-IMN:34,cluster,cross_species_WB,macaque,#D27BC1,Not assessed
macaque:NN-IMN:340,cluster,cross_species_WB,macaque,#9F4AC9,Not assessed
macaque:NN-IMN:341,cluster,cross_species_WB,macaque,#6F446E,Not assessed
macaque:NN-IMN:342,cluster,cross_species_WB,macaque,#924064,Not assessed
macaque:NN-IMN:343,cluster,cross_species_WB,macaque,#30C19D,Not assessed
macaque:NN-IMN:344,cluster,cross_species_WB,macaque,#B96ECF,Not assessed
macaque:NN-IMN:345,cluster,cross_species_WB,macaque,#86FFAA,Not assessed
macaque:NN-IMN:346,cluster,cross_species_WB,macaque,#D5ED00,Not assessed
macaque:NN-IMN:347,cluster,cross_species_WB,macaque,#FF16D0,Not assessed
macaque:NN-IMN:35,cluster,cross_species_WB,macaque,#80537C,Not assessed
macaque:NN-IMN:36,cluster,cross_species_WB,macaque,#46294B,Not assessed
macaque:NN-IMN:37,cluster,cross_species_WB,macaque,#7F537C,Not assessed
macaque:NN-IMN:38,cluster,cross_species_WB,macaque,#86A132,Not assessed
macaque:NN-IMN:39,cluster,cross_species_WB,macaque,#FC55C3,Not assessed
macaque:NN-IMN:4,cluster,cross_species_WB,macaque,#A53501,Not assessed
macaque:NN-IMN:40,cluster,cross_species_WB,macaque,#C682D4,Not assessed
macaque:NN-IMN:41,cluster,cross_species_WB,macaque,#FB00D8,Not assessed
macaque:NN-IMN:42,cluster,cross_species_WB,macaque,#8F38C5,Not assessed
macaque:NN-IMN:43,cluster,cross_species_WB,macaque,#472A4C,Not assessed
macaque:NN-IMN:44,cluster,cross_species_WB,macaque,#C581D3,Not assessed
macaque:NN-IMN:45,cluster,cross_species_WB,macaque,#68D2CB,Not assessed
macaque:NN-IMN:46,cluster,cross_species_WB,macaque,#9038C5,Not assessed
macaque:NN-IMN:47,cluster,cross_species_WB,macaque,#D0D900,Not assessed
macaque:NN-IMN:48,cluster,cross_species_WB,macaque,#FC53C3,Not assessed
macaque:NN-IMN:49,cluster,cross_species_WB,macaque,#83375C,Not assessed
macaque:NN-IMN:5,cluster,cross_species_WB,macaque,#C683D4,Not assessed
macaque:NN-IMN:50,cluster,cross_species_WB,macaque,#29B087,Not assessed
macaque:NN-IMN:51,cluster,cross_species_WB,macaque,#67D2CA,Not assessed
macaque:NN-IMN:52,cluster,cross_species_WB,macaque,#29B188,Not assessed
macaque:NN-IMN:53,cluster,cross_species_WB,macaque,#7F932B,Not assessed
macaque:NN-IMN:54,cluster,cross_species_WB,macaque,#66D2CA,Not assessed
macaque:NN-IMN:55,cluster,cross_species_WB,macaque,#70FF94,Not assessed
macaque:NN-IMN:56,cluster,cross_species_WB,macaque,#B4FED4,Not assessed
macaque:NN-IMN:57,cluster,cross_species_WB,macaque,#72FF95,Not assessed
macaque:NN-IMN:58,cluster,cross_species_WB,macaque,#DC334F,Not assessed
macaque:NN-IMN:59,cluster,cross_species_WB,macaque,#B4FED4,Not assessed
macaque:NN-IMN:6,cluster,cross_species_WB,macaque,#8E37C4,Not assessed
macaque:NN-IMN:60,cluster,cross_species_WB,macaque,#B21850,Not assessed
macaque:NN-IMN:61,cluster,cross_species_WB,macaque,#FD00D8,Not assessed
macaque:NN-IMN:62,cluster,cross_species_WB,macaque,#D2B38E,Not assessed
macaque:NN-IMN:63,cluster,cross_species_WB,macaque,#2AB289,Not assessed
macaque:NN-IMN:64,cluster,cross_species_WB,macaque,#FC51C3,Not assessed
macaque:NN-IMN:65,cluster,cross_species_WB,macaque,#FF00D9,Not assessed
macaque:NN-IMN:66,cluster,cross_species_WB,macaque,#74FF97,Not assessed
macaque:NN-IMN:67,cluster,cross_species_WB,macaque,#C47FD3,Not assessed
macaque:NN-IMN:68,cluster,cross_species_WB,macaque,#9138C6,Not assessed
macaque:NN-IMN:69,cluster,cross_species_WB,macaque,#FC4FC3,Not assessed
macaque:NN-IMN:7,cluster,cross_species_WB,macaque,#FF57CF,Not assessed
macaque:NN-IMN:70,cluster,cross_species_WB,macaque,#FF02D8,Not assessed
macaque:NN-IMN:71,cluster,cross_species_WB,macaque,#FC4DC3,Not assessed
macaque:NN-IMN:72,cluster,cross_species_WB,macaque,#FE90D2,Not assessed
macaque:NN-IMN:73,cluster,cross_species_WB,macaque,#65D2C9,Not assessed
macaque:NN-IMN:74,cluster,cross_species_WB,macaque,#C47ED3,Not assessed
macaque:NN-IMN:75,cluster,cross_species_WB,macaque,#923AC7,Not assessed
macaque:NN-IMN:76,cluster,cross_species_WB,macaque,#FF04D7,Not assessed
macaque:NN-IMN:77,cluster,cross_species_WB,macaque,#2AB28A,Not assessed
macaque:NN-IMN:78,cluster,cross_species_WB,macaque,#862200,Not assessed
macaque:NN-IMN:79,cluster,cross_species_WB,macaque,#64D2C8,Not assessed
macaque:NN-IMN:8,cluster,cross_species_WB,macaque,#81547D,Not assessed
macaque:NN-IMN:80,cluster,cross_species_WB,macaque,#B4FED4,Not assessed
macaque:NN-IMN:81,cluster,cross_species_WB,macaque,#C37DD3,Not assessed
macaque:NN-IMN:82,cluster,cross_species_WB,macaque,#75FF99,Not assessed
macaque:NN-IMN:83,cluster,cross_species_WB,macaque,#B4FED3,Not assessed
macaque:NN-IMN:84,cluster,cross_species_WB,macaque,#77FF9A,Not assessed
macaque:NN-IMN:85,cluster,cross_species_WB,macaque,#2AB38B,Not assessed
macaque:NN-IMN:86,cluster,cross_species_WB,macaque,#943BC7,Not assessed
macaque:NN-IMN:87,cluster,cross_species_WB,macaque,#0B2EE1,Not assessed
macaque:NN-IMN:88,cluster,cross_species_WB,macaque,#17897B,Not assessed
macaque:NN-IMN:89,cluster,cross_species_WB,macaque,#2B237D,Not assessed
macaque:NN-IMN:9,cluster,cross_species_WB,macaque,#AB1651,Not assessed
macaque:NN-IMN:90,cluster,cross_species_WB,macaque,#0636C0,Not assessed
macaque:NN-IMN:91,cluster,cross_species_WB,macaque,#C4FC29,Not assessed
macaque:NN-IMN:92,cluster,cross_species_WB,macaque,#D1DC00,Not assessed
macaque:NN-IMN:93,cluster,cross_species_WB,macaque,#C5FC26,Not assessed
macaque:NN-IMN:94,cluster,cross_species_WB,macaque,#D2DF00,Not assessed
macaque:NN-IMN:95,cluster,cross_species_WB,macaque,#C6FC23,Not assessed
macaque:NN-IMN:96,cluster,cross_species_WB,macaque,#D3E100,Not assessed
macaque:NN-IMN:97,cluster,cross_species_WB,macaque,#C7FC20,Not assessed
macaque:NN-IMN:98,cluster,cross_species_WB,macaque,#C27CD2,Not assessed
macaque:NN-IMN:99,cluster,cross_species_WB,macaque,#953CC7,Not assessed
macaque:Pallium-Glut:1,cluster,cross_species_WB,macaque,#9DAC01,Not assessed
macaque:Pallium-Glut:10,cluster,cross_species_WB,macaque,#CA7B73,Not assessed
macaque:Pallium-Glut:100,cluster,cross_species_WB,macaque,#BDFE60,Not assessed
macaque:Pallium-Glut:101,cluster,cross_species_WB,macaque,#A9A54F,Not assessed
macaque:Pallium-Glut:102,cluster,cross_species_WB,macaque,#80153F,Not assessed
macaque:Pallium-Glut:103,cluster,cross_species_WB,macaque,#8E843E,Not assessed
macaque:Pallium-Glut:104,cluster,cross_species_WB,macaque,#0B5224,Not assessed
macaque:Pallium-Glut:105,cluster,cross_species_WB,macaque,#3A7F2A,Not assessed
macaque:Pallium-Glut:106,cluster,cross_species_WB,macaque,#2C4E16,Not assessed
macaque:Pallium-Glut:107,cluster,cross_species_WB,macaque,#C4FF3E,Not assessed
macaque:Pallium-Glut:108,cluster,cross_species_WB,macaque,#3A7D29,Not assessed
macaque:Pallium-Glut:109,cluster,cross_species_WB,macaque,#2C5017,Not assessed
macaque:Pallium-Glut:11,cluster,cross_species_WB,macaque,#B40092,Not assessed
macaque:Pallium-Glut:110,cluster,cross_species_WB,macaque,#2EBC9C,Not assessed
macaque:Pallium-Glut:111,cluster,cross_species_WB,macaque,#59D0C7,Not assessed
macaque:Pallium-Glut:112,cluster,cross_species_WB,macaque,#EE782C,Not assessed
macaque:Pallium-Glut:113,cluster,cross_species_WB,macaque,#2EBD9E,Not assessed
macaque:Pallium-Glut:114,cluster,cross_species_WB,macaque,#E33B02,Not assessed
macaque:Pallium-Glut:115,cluster,cross_species_WB,macaque,#58D0C7,Not assessed
macaque:Pallium-Glut:116,cluster,cross_species_WB,macaque,#2EBE9F,Not assessed
macaque:Pallium-Glut:117,cluster,cross_species_WB,macaque,#982ADC,Not assessed
macaque:Pallium-Glut:118,cluster,cross_species_WB,macaque,#6B1BBB,Not assessed
macaque:Pallium-Glut:119,cluster,cross_species_WB,macaque,#9425DC,Not assessed
macaque:Pallium-Glut:12,cluster,cross_species_WB,macaque,#E2029A,Not assessed
macaque:Pallium-Glut:120,cluster,cross_species_WB,macaque,#AE02A8,Not assessed
macaque:Pallium-Glut:121,cluster,cross_species_WB,macaque,#701CBF,Not assessed
macaque:Pallium-Glut:122,cluster,cross_species_WB,macaque,#2C4BB5,Not assessed
macaque:Pallium-Glut:123,cluster,cross_species_WB,macaque,#6069D2,Not assessed
macaque:Pallium-Glut:124,cluster,cross_species_WB,macaque,#314DC3,Not assessed
macaque:Pallium-Glut:125,cluster,cross_species_WB,macaque,#56CFC6,Not assessed
macaque:Pallium-Glut:126,cluster,cross_species_WB,macaque,#2FBFA0,Not assessed
macaque:Pallium-Glut:127,cluster,cross_species_WB,macaque,#8F23D8,Not assessed
macaque:Pallium-Glut:128,cluster,cross_species_WB,macaque,#4F5ECF,Not assessed
macaque:Pallium-Glut:129,cluster,cross_species_WB,macaque,#CD380A,Not assessed
macaque:Pallium-Glut:13,cluster,cross_species_WB,macaque,#851640,Not assessed
macaque:Pallium-Glut:130,cluster,cross_species_WB,macaque,#9530D6,Not assessed
macaque:Pallium-Glut:131,cluster,cross_species_WB,macaque,#00F5B6,Not assessed
macaque:Pallium-Glut:132,cluster,cross_species_WB,macaque,#55CFC5,Not assessed
macaque:Pallium-Glut:133,cluster,cross_species_WB,macaque,#6F21B9,Not assessed
macaque:Pallium-Glut:134,cluster,cross_species_WB,macaque,#0A2C4F,Not assessed
macaque:Pallium-Glut:135,cluster,cross_species_WB,macaque,#7A0086,Not assessed
macaque:Pallium-Glut:136,cluster,cross_species_WB,macaque,#B61400,Not assessed
macaque:Pallium-Glut:137,cluster,cross_species_WB,macaque,#143A7C,Not assessed
macaque:Pallium-Glut:138,cluster,cross_species_WB,macaque,#DF99FD,Not assessed
macaque:Pallium-Glut:139,cluster,cross_species_WB,macaque,#AD50FF,Not assessed
macaque:Pallium-Glut:14,cluster,cross_species_WB,macaque,#2CB998,Not assessed
macaque:Pallium-Glut:140,cluster,cross_species_WB,macaque,#E675E4,Not assessed
macaque:Pallium-Glut:141,cluster,cross_species_WB,macaque,#DE97FE,Not assessed
macaque:Pallium-Glut:142,cluster,cross_species_WB,macaque,#E03802,Not assessed
macaque:Pallium-Glut:143,cluster,cross_species_WB,macaque,#4C0A2E,Not assessed
macaque:Pallium-Glut:144,cluster,cross_species_WB,macaque,#7F153F,Not assessed
macaque:Pallium-Glut:145,cluster,cross_species_WB,macaque,#4E0A2F,Not assessed
macaque:Pallium-Glut:146,cluster,cross_species_WB,macaque,#7E143F,Not assessed
macaque:Pallium-Glut:147,cluster,cross_species_WB,macaque,#2FC0A2,Not assessed
macaque:Pallium-Glut:148,cluster,cross_species_WB,macaque,#4F0B2F,Not assessed
macaque:Pallium-Glut:149,cluster,cross_species_WB,macaque,#54CFC5,Not assessed
macaque:Pallium-Glut:15,cluster,cross_species_WB,macaque,#5DD0C9,Not assessed
macaque:Pallium-Glut:150,cluster,cross_species_WB,macaque,#C0FE8A,Not assessed
macaque:Pallium-Glut:151,cluster,cross_species_WB,macaque,#4E71A7,Not assessed
macaque:Pallium-Glut:152,cluster,cross_species_WB,macaque,#AB01A7,Not assessed
macaque:Pallium-Glut:153,cluster,cross_species_WB,macaque,#7C143E,Not assessed
macaque:Pallium-Glut:154,cluster,cross_species_WB,macaque,#510B30,Not assessed
macaque:Pallium-Glut:155,cluster,cross_species_WB,macaque,#EE762A,Not assessed
macaque:Pallium-Glut:156,cluster,cross_species_WB,macaque,#B9FF5E,Not assessed
macaque:Pallium-Glut:157,cluster,cross_species_WB,macaque,#7B143E,Not assessed
macaque:Pallium-Glut:158,cluster,cross_species_WB,macaque,#520B31,Not assessed
macaque:Pallium-Glut:159,cluster,cross_species_WB,macaque,#CF390A,Not assessed
macaque:Pallium-Glut:16,cluster,cross_species_WB,macaque,#77C3FB,Not assessed
macaque:Pallium-Glut:160,cluster,cross_species_WB,macaque,#79133E,Not assessed
macaque:Pallium-Glut:161,cluster,cross_species_WB,macaque,#540B31,Not assessed
macaque:Pallium-Glut:162,cluster,cross_species_WB,macaque,#3A7C28,Not assessed
macaque:Pallium-Glut:163,cluster,cross_species_WB,macaque,#78133D,Not assessed
macaque:Pallium-Glut:164,cluster,cross_species_WB,macaque,#BEFE5D,Not assessed
macaque:Pallium-Glut:165,cluster,cross_species_WB,macaque,#2D5117,Not assessed
macaque:Pallium-Glut:166,cluster,cross_species_WB,macaque,#AFFEB0,Not assessed
macaque:Pallium-Glut:167,cluster,cross_species_WB,macaque,#56C3FD,Not assessed
macaque:Pallium-Glut:168,cluster,cross_species_WB,macaque,#550C32,Not assessed
macaque:Pallium-Glut:169,cluster,cross_species_WB,macaque,#72C2FB,Not assessed
macaque:Pallium-Glut:17,cluster,cross_species_WB,macaque,#53C3FD,Not assessed
macaque:Pallium-Glut:170,cluster,cross_species_WB,macaque,#30C1A3,Not assessed
macaque:Pallium-Glut:171,cluster,cross_species_WB,macaque,#BFFE89,Not assessed
macaque:Pallium-Glut:172,cluster,cross_species_WB,macaque,#B9FF5F,Not assessed
macaque:Pallium-Glut:173,cluster,cross_species_WB,macaque,#BFFE88,Not assessed
macaque:Pallium-Glut:174,cluster,cross_species_WB,macaque,#B9FF60,Not assessed
macaque:Pallium-Glut:175,cluster,cross_species_WB,macaque,#BFFE87,Not assessed
macaque:Pallium-Glut:176,cluster,cross_species_WB,macaque,#93FF87,Not assessed
macaque:Pallium-Glut:177,cluster,cross_species_WB,macaque,#B9FF61,Not assessed
macaque:Pallium-Glut:178,cluster,cross_species_WB,macaque,#ABFEAC,Not assessed
macaque:Pallium-Glut:179,cluster,cross_species_WB,macaque,#EE7529,Not assessed
macaque:Pallium-Glut:18,cluster,cross_species_WB,macaque,#B002A9,Not assessed
macaque:Pallium-Glut:180,cluster,cross_species_WB,macaque,#D03B0B,Not assessed
macaque:Pallium-Glut:181,cluster,cross_species_WB,macaque,#EE7327,Not assessed
macaque:Pallium-Glut:182,cluster,cross_species_WB,macaque,#D23C0B,Not assessed
macaque:Pallium-Glut:183,cluster,cross_species_WB,macaque,#D415FD,Not assessed
macaque:Pallium-Glut:184,cluster,cross_species_WB,macaque,#AD00EF,Not assessed
macaque:Pallium-Glut:185,cluster,cross_species_WB,macaque,#EE7125,Not assessed
macaque:Pallium-Glut:186,cluster,cross_species_WB,macaque,#D33D0B,Not assessed
macaque:Pallium-Glut:187,cluster,cross_species_WB,macaque,#D211FE,Not assessed
macaque:Pallium-Glut:188,cluster,cross_species_WB,macaque,#B200F3,Not assessed
macaque:Pallium-Glut:189,cluster,cross_species_WB,macaque,#CF0DFE,Not assessed
macaque:Pallium-Glut:19,cluster,cross_species_WB,macaque,#74C2FB,Not assessed
macaque:Pallium-Glut:190,cluster,cross_species_WB,macaque,#B700F6,Not assessed
macaque:Pallium-Glut:191,cluster,cross_species_WB,macaque,#8D9BFF,Not assessed
macaque:Pallium-Glut:192,cluster,cross_species_WB,macaque,#BFFE86,Not assessed
macaque:Pallium-Glut:193,cluster,cross_species_WB,macaque,#B9FF62,Not assessed
macaque:Pallium-Glut:194,cluster,cross_species_WB,macaque,#3D678C,Not assessed
macaque:Pallium-Glut:195,cluster,cross_species_WB,macaque,#A6AAFF,Not assessed
macaque:Pallium-Glut:196,cluster,cross_species_WB,macaque,#BEFE84,Not assessed
macaque:Pallium-Glut:197,cluster,cross_species_WB,macaque,#4D71A5,Not assessed
macaque:Pallium-Glut:198,cluster,cross_species_WB,macaque,#EE6F24,Not assessed
macaque:Pallium-Glut:199,cluster,cross_species_WB,macaque,#53CFC4,Not assessed
macaque:Pallium-Glut:2,cluster,cross_species_WB,macaque,#BDFE67,Not assessed
macaque:Pallium-Glut:20,cluster,cross_species_WB,macaque,#B9FF5B,Not assessed
macaque:Pallium-Glut:200,cluster,cross_species_WB,macaque,#D43E0B,Not assessed
macaque:Pallium-Glut:201,cluster,cross_species_WB,macaque,#AF52FF,Not assessed
macaque:Pallium-Glut:202,cluster,cross_species_WB,macaque,#EE6E22,Not assessed
macaque:Pallium-Glut:203,cluster,cross_species_WB,macaque,#FF5F89,Not assessed
macaque:Pallium-Glut:204,cluster,cross_species_WB,macaque,#DD95FE,Not assessed
macaque:Pallium-Glut:205,cluster,cross_species_WB,macaque,#D6400C,Not assessed
macaque:Pallium-Glut:206,cluster,cross_species_WB,macaque,#30C2A5,Not assessed
macaque:Pallium-Glut:207,cluster,cross_species_WB,macaque,#397A27,Not assessed
macaque:Pallium-Glut:208,cluster,cross_species_WB,macaque,#8582CE,Not assessed
macaque:Pallium-Glut:209,cluster,cross_species_WB,macaque,#DD029A,Not assessed
macaque:Pallium-Glut:21,cluster,cross_species_WB,macaque,#C0FE8C,Not assessed
macaque:Pallium-Glut:210,cluster,cross_species_WB,macaque,#BB0094,Not assessed
macaque:Pallium-Glut:211,cluster,cross_species_WB,macaque,#95FF8A,Not assessed
macaque:Pallium-Glut:212,cluster,cross_species_WB,macaque,#EE6C21,Not assessed
macaque:Pallium-Glut:213,cluster,cross_species_WB,macaque,#B9FF19,Not assessed
macaque:Pallium-Glut:214,cluster,cross_species_WB,macaque,#B7FE34,Not assessed
macaque:Pallium-Glut:215,cluster,cross_species_WB,macaque,#87C6FF,Not assessed
macaque:Pallium-Glut:216,cluster,cross_species_WB,macaque,#ABD0FE,Not assessed
macaque:Pallium-Glut:217,cluster,cross_species_WB,macaque,#8DC7FF,Not assessed
macaque:Pallium-Glut:218,cluster,cross_species_WB,macaque,#76133D,Not assessed
macaque:Pallium-Glut:219,cluster,cross_species_WB,macaque,#D7410C,Not assessed
macaque:Pallium-Glut:22,cluster,cross_species_WB,macaque,#2442DB,Not assessed
macaque:Pallium-Glut:220,cluster,cross_species_WB,macaque,#EE6A1F,Not assessed
macaque:Pallium-Glut:221,cluster,cross_species_WB,macaque,#D8420C,Not assessed
macaque:Pallium-Glut:222,cluster,cross_species_WB,macaque,#EE681D,Not assessed
macaque:Pallium-Glut:223,cluster,cross_species_WB,macaque,#51CFC3,Not assessed
macaque:Pallium-Glut:224,cluster,cross_species_WB,macaque,#9E69A2,Not assessed
macaque:Pallium-Glut:225,cluster,cross_species_WB,macaque,#570C32,Not assessed
macaque:Pallium-Glut:226,cluster,cross_species_WB,macaque,#8B5793,Not assessed
macaque:Pallium-Glut:227,cluster,cross_species_WB,macaque,#DA440C,Not assessed
macaque:Pallium-Glut:228,cluster,cross_species_WB,macaque,#0B2D51,Not assessed
macaque:Pallium-Glut:229,cluster,cross_species_WB,macaque,#137A42,Not assessed
macaque:Pallium-Glut:23,cluster,cross_species_WB,macaque,#1B48BF,Not assessed
macaque:Pallium-Glut:230,cluster,cross_species_WB,macaque,#14397B,Not assessed
macaque:Pallium-Glut:231,cluster,cross_species_WB,macaque,#0D5A29,Not assessed
macaque:Pallium-Glut:232,cluster,cross_species_WB,macaque,#2E5318,Not assessed
macaque:Pallium-Glut:233,cluster,cross_species_WB,macaque,#397827,Not assessed
macaque:Pallium-Glut:234,cluster,cross_species_WB,macaque,#2E5519,Not assessed
macaque:Pallium-Glut:235,cluster,cross_species_WB,macaque,#31C3A6,Not assessed
macaque:Pallium-Glut:236,cluster,cross_species_WB,macaque,#50CFC2,Not assessed
macaque:Pallium-Glut:237,cluster,cross_species_WB,macaque,#B285EA,Not assessed
macaque:Pallium-Glut:238,cluster,cross_species_WB,macaque,#31C4A7,Not assessed
macaque:Pallium-Glut:239,cluster,cross_species_WB,macaque,#4FCEC2,Not assessed
macaque:Pallium-Glut:24,cluster,cross_species_WB,macaque,#2343D9,Not assessed
macaque:Pallium-Glut:240,cluster,cross_species_WB,macaque,#31C5A9,Not assessed
macaque:Pallium-Glut:241,cluster,cross_species_WB,macaque,#4ECEC1,Not assessed
macaque:Pallium-Glut:242,cluster,cross_species_WB,macaque,#8E29D3,Not assessed
macaque:Pallium-Glut:243,cluster,cross_species_WB,macaque,#7623BF,Not assessed
macaque:Pallium-Glut:244,cluster,cross_species_WB,macaque,#B154FF,Not assessed
macaque:Pallium-Glut:245,cluster,cross_species_WB,macaque,#32C6AA,Not assessed
macaque:Pallium-Glut:246,cluster,cross_species_WB,macaque,#3E678E,Not assessed
macaque:Pallium-Glut:247,cluster,cross_species_WB,macaque,#DC93FE,Not assessed
macaque:Pallium-Glut:248,cluster,cross_species_WB,macaque,#4CCEC0,Not assessed
macaque:Pallium-Glut:249,cluster,cross_species_WB,macaque,#4C70A4,Not assessed
macaque:Pallium-Glut:25,cluster,cross_species_WB,macaque,#1C48C2,Not assessed
macaque:Pallium-Glut:250,cluster,cross_species_WB,macaque,#EE661C,Not assessed
macaque:Pallium-Glut:251,cluster,cross_species_WB,macaque,#7D0088,Not assessed
macaque:Pallium-Glut:252,cluster,cross_species_WB,macaque,#B91600,Not assessed
macaque:Pallium-Glut:253,cluster,cross_species_WB,macaque,#B9FF63,Not assessed
macaque:Pallium-Glut:254,cluster,cross_species_WB,macaque,#A901A6,Not assessed
macaque:Pallium-Glut:255,cluster,cross_species_WB,macaque,#DB450C,Not assessed
macaque:Pallium-Glut:256,cluster,cross_species_WB,macaque,#EE651A,Not assessed
macaque:Pallium-Glut:257,cluster,cross_species_WB,macaque,#DC460D,Not assessed
macaque:Pallium-Glut:258,cluster,cross_species_WB,macaque,#EF6318,Not assessed
macaque:Pallium-Glut:259,cluster,cross_species_WB,macaque,#DE470D,Not assessed
macaque:Pallium-Glut:26,cluster,cross_species_WB,macaque,#2244D6,Not assessed
macaque:Pallium-Glut:260,cluster,cross_species_WB,macaque,#A9FFA8,Not assessed
macaque:Pallium-Glut:261,cluster,cross_species_WB,macaque,#EF6117,Not assessed
macaque:Pallium-Glut:262,cluster,cross_species_WB,macaque,#75123D,Not assessed
macaque:Pallium-Glut:263,cluster,cross_species_WB,macaque,#DF490D,Not assessed
macaque:Pallium-Glut:264,cluster,cross_species_WB,macaque,#387626,Not assessed
macaque:Pallium-Glut:265,cluster,cross_species_WB,macaque,#EF5F15,Not assessed
macaque:Pallium-Glut:266,cluster,cross_species_WB,macaque,#580C33,Not assessed
macaque:Pallium-Glut:267,cluster,cross_species_WB,macaque,#5A017D,Not assessed
macaque:Pallium-Glut:268,cluster,cross_species_WB,macaque,#E04A0D,Not assessed
macaque:Pallium-Glut:27,cluster,cross_species_WB,macaque,#B9CF87,Not assessed
macaque:Pallium-Glut:28,cluster,cross_species_WB,macaque,#8EFF7E,Not assessed
macaque:Pallium-Glut:29,cluster,cross_species_WB,macaque,#3B812B,Not assessed
macaque:Pallium-Glut:3,cluster,cross_species_WB,macaque,#51C3FD,Not assessed
macaque:Pallium-Glut:30,cluster,cross_species_WB,macaque,#B3FEB6,Not assessed
macaque:Pallium-Glut:31,cluster,cross_species_WB,macaque,#B60093,Not assessed
macaque:Pallium-Glut:32,cluster,cross_species_WB,macaque,#2DBA99,Not assessed
macaque:Pallium-Glut:33,cluster,cross_species_WB,macaque,#EE7F32,Not assessed
macaque:Pallium-Glut:34,cluster,cross_species_WB,macaque,#E53D02,Not assessed
macaque:Pallium-Glut:35,cluster,cross_species_WB,macaque,#A800EC,Not assessed
macaque:Pallium-Glut:36,cluster,cross_species_WB,macaque,#1E6259,Not assessed
macaque:Pallium-Glut:37,cluster,cross_species_WB,macaque,#8999FF,Not assessed
macaque:Pallium-Glut:38,cluster,cross_species_WB,macaque,#A9ADFE,Not assessed
macaque:Pallium-Glut:39,cluster,cross_species_WB,macaque,#6B995C,Not assessed
macaque:Pallium-Glut:4,cluster,cross_species_WB,macaque,#B01000,Not assessed
macaque:Pallium-Glut:40,cluster,cross_species_WB,macaque,#3B6589,Not assessed
macaque:Pallium-Glut:41,cluster,cross_species_WB,macaque,#0A2B4C,Not assessed
macaque:Pallium-Glut:42,cluster,cross_species_WB,macaque,#5072A8,Not assessed
macaque:Pallium-Glut:43,cluster,cross_species_WB,macaque,#B9FF5C,Not assessed
macaque:Pallium-Glut:44,cluster,cross_species_WB,macaque,#FFAAA7,Not assessed
macaque:Pallium-Glut:45,cluster,cross_species_WB,macaque,#3C668B,Not assessed
macaque:Pallium-Glut:46,cluster,cross_species_WB,macaque,#C0FE8B,Not assessed
macaque:Pallium-Glut:47,cluster,cross_species_WB,macaque,#5BD0C9,Not assessed
macaque:Pallium-Glut:48,cluster,cross_species_WB,macaque,#C83309,Not assessed
macaque:Pallium-Glut:49,cluster,cross_species_WB,macaque,#EE7D31,Not assessed
macaque:Pallium-Glut:5,cluster,cross_species_WB,macaque,#5ED1CA,Not assessed
macaque:Pallium-Glut:50,cluster,cross_species_WB,macaque,#2DBB9B,Not assessed
macaque:Pallium-Glut:51,cluster,cross_species_WB,macaque,#5AD0C8,Not assessed
macaque:Pallium-Glut:52,cluster,cross_species_WB,macaque,#C9350A,Not assessed
macaque:Pallium-Glut:53,cluster,cross_species_WB,macaque,#153A7F,Not assessed
macaque:Pallium-Glut:54,cluster,cross_species_WB,macaque,#EE7B2F,Not assessed
macaque:Pallium-Glut:55,cluster,cross_species_WB,macaque,#B31200,Not assessed
macaque:Pallium-Glut:56,cluster,cross_species_WB,macaque,#B9FF5D,Not assessed
macaque:Pallium-Glut:57,cluster,cross_species_WB,macaque,#CB360A,Not assessed
macaque:Pallium-Glut:58,cluster,cross_species_WB,macaque,#FD1A4E,Not assessed
macaque:Pallium-Glut:59,cluster,cross_species_WB,macaque,#EB0052,Not assessed
macaque:Pallium-Glut:6,cluster,cross_species_WB,macaque,#C53109,Not assessed
macaque:Pallium-Glut:60,cluster,cross_species_WB,macaque,#FD164D,Not assessed
macaque:Pallium-Glut:61,cluster,cross_species_WB,macaque,#760083,Not assessed
macaque:Pallium-Glut:62,cluster,cross_species_WB,macaque,#F85C00,Not assessed
macaque:Pallium-Glut:63,cluster,cross_species_WB,macaque,#EF0051,Not assessed
macaque:Pallium-Glut:64,cluster,cross_species_WB,macaque,#FE114D,Not assessed
macaque:Pallium-Glut:65,cluster,cross_species_WB,macaque,#E0029A,Not assessed
macaque:Pallium-Glut:66,cluster,cross_species_WB,macaque,#EE7A2D,Not assessed
macaque:Pallium-Glut:67,cluster,cross_species_WB,macaque,#FE93A2,Not assessed
macaque:Pallium-Glut:68,cluster,cross_species_WB,macaque,#FF5A87,Not assessed
macaque:Pallium-Glut:69,cluster,cross_species_WB,macaque,#FE8D9F,Not assessed
macaque:Pallium-Glut:7,cluster,cross_species_WB,macaque,#EE8034,Not assessed
macaque:Pallium-Glut:70,cluster,cross_species_WB,macaque,#AC4EFF,Not assessed
macaque:Pallium-Glut:71,cluster,cross_species_WB,macaque,#6F72C9,Not assessed
macaque:Pallium-Glut:72,cluster,cross_species_WB,macaque,#90FF81,Not assessed
macaque:Pallium-Glut:73,cluster,cross_species_WB,macaque,#8985CF,Not assessed
macaque:Pallium-Glut:74,cluster,cross_species_WB,macaque,#B2FEB4,Not assessed
macaque:Pallium-Glut:75,cluster,cross_species_WB,macaque,#6719B7,Not assessed
macaque:Pallium-Glut:76,cluster,cross_species_WB,macaque,#92FF84,Not assessed
macaque:Pallium-Glut:77,cluster,cross_species_WB,macaque,#2B4C15,Not assessed
macaque:Pallium-Glut:78,cluster,cross_species_WB,macaque,#B90094,Not assessed
macaque:Pallium-Glut:79,cluster,cross_species_WB,macaque,#7273CA,Not assessed
macaque:Pallium-Glut:8,cluster,cross_species_WB,macaque,#E4029A,Not assessed
macaque:Pallium-Glut:80,cluster,cross_species_WB,macaque,#30004E,Not assessed
macaque:Pallium-Glut:81,cluster,cross_species_WB,macaque,#48092C,Not assessed
macaque:Pallium-Glut:82,cluster,cross_species_WB,macaque,#831640,Not assessed
macaque:Pallium-Glut:83,cluster,cross_species_WB,macaque,#F3004F,Not assessed
macaque:Pallium-Glut:84,cluster,cross_species_WB,macaque,#49092D,Not assessed
macaque:Pallium-Glut:85,cluster,cross_species_WB,macaque,#CC370A,Not assessed
macaque:Pallium-Glut:86,cluster,cross_species_WB,macaque,#4F1F87,Not assessed
macaque:Pallium-Glut:87,cluster,cross_species_WB,macaque,#821640,Not assessed
macaque:Pallium-Glut:88,cluster,cross_species_WB,macaque,#722BAB,Not assessed
macaque:Pallium-Glut:89,cluster,cross_species_WB,macaque,#A270A5,Not assessed
macaque:Pallium-Glut:9,cluster,cross_species_WB,macaque,#C73209,Not assessed
macaque:Pallium-Glut:90,cluster,cross_species_WB,macaque,#84528D,Not assessed
macaque:Pallium-Glut:91,cluster,cross_species_WB,macaque,#0A2B4E,Not assessed
macaque:Pallium-Glut:92,cluster,cross_species_WB,macaque,#FF8F92,Not assessed
macaque:Pallium-Glut:93,cluster,cross_species_WB,macaque,#4B0A2D,Not assessed
macaque:Pallium-Glut:94,cluster,cross_species_WB,macaque,#FBFD50,Not assessed
macaque:Pallium-Glut:95,cluster,cross_species_WB,macaque,#153A7E,Not assessed
macaque:Pallium-Glut:96,cluster,cross_species_WB,macaque,#897D3B,Not assessed
macaque:Pallium-Glut:97,cluster,cross_species_WB,macaque,#C5FF38,Not assessed
macaque:Pallium-Glut:98,cluster,cross_species_WB,macaque,#BDFE64,Not assessed
macaque:Pallium-Glut:99,cluster,cross_species_WB,macaque,#C4FF3B,Not assessed
macaque:Subpallium-GABA:1,cluster,cross_species_WB,macaque,#004C4C,Not assessed
macaque:Subpallium-GABA:10,cluster,cross_species_WB,macaque,#10BD03,Not assessed
macaque:Subpallium-GABA:100,cluster,cross_species_WB,macaque,#B4EEFE,Not assessed
macaque:Subpallium-GABA:101,cluster,cross_species_WB,macaque,#75F9FF,Not assessed
macaque:Subpallium-GABA:102,cluster,cross_species_WB,macaque,#7A4E39,Not assessed
macaque:Subpallium-GABA:103,cluster,cross_species_WB,macaque,#532923,Not assessed
macaque:Subpallium-GABA:104,cluster,cross_species_WB,macaque,#794C38,Not assessed
macaque:Subpallium-GABA:105,cluster,cross_species_WB,macaque,#0FFF18,Not assessed
macaque:Subpallium-GABA:106,cluster,cross_species_WB,macaque,#3FFD62,Not assessed
macaque:Subpallium-GABA:107,cluster,cross_species_WB,macaque,#FE5839,Not assessed
macaque:Subpallium-GABA:108,cluster,cross_species_WB,macaque,#03718E,Not assessed
macaque:Subpallium-GABA:109,cluster,cross_species_WB,macaque,#004C4C,Not assessed
macaque:Subpallium-GABA:11,cluster,cross_species_WB,macaque,#FF4A2C,Not assessed
macaque:Subpallium-GABA:110,cluster,cross_species_WB,macaque,#800082,Not assessed
macaque:Subpallium-GABA:111,cluster,cross_species_WB,macaque,#12FF1D,Not assessed
macaque:Subpallium-GABA:112,cluster,cross_species_WB,macaque,#552B24,Not assessed
macaque:Subpallium-GABA:113,cluster,cross_species_WB,macaque,#796E13,Not assessed
macaque:Subpallium-GABA:114,cluster,cross_species_WB,macaque,#DE5700,Not assessed
macaque:Subpallium-GABA:115,cluster,cross_species_WB,macaque,#FC9B24,Not assessed
macaque:Subpallium-GABA:116,cluster,cross_species_WB,macaque,#DF5800,Not assessed
macaque:Subpallium-GABA:117,cluster,cross_species_WB,macaque,#02718D,Not assessed
macaque:Subpallium-GABA:118,cluster,cross_species_WB,macaque,#004C4C,Not assessed
macaque:Subpallium-GABA:119,cluster,cross_species_WB,macaque,#FC9923,Not assessed
macaque:Subpallium-GABA:12,cluster,cross_species_WB,macaque,#1D7300,Not assessed
macaque:Subpallium-GABA:120,cluster,cross_species_WB,macaque,#02708C,Not assessed
macaque:Subpallium-GABA:121,cluster,cross_species_WB,macaque,#E05900,Not assessed
macaque:Subpallium-GABA:122,cluster,cross_species_WB,macaque,#004B4C,Not assessed
macaque:Subpallium-GABA:123,cluster,cross_species_WB,macaque,#FC9822,Not assessed
macaque:Subpallium-GABA:124,cluster,cross_species_WB,macaque,#E15A00,Not assessed
macaque:Subpallium-GABA:125,cluster,cross_species_WB,macaque,#FC9720,Not assessed
macaque:Subpallium-GABA:126,cluster,cross_species_WB,macaque,#E35C00,Not assessed
macaque:Subpallium-GABA:127,cluster,cross_species_WB,macaque,#FFD77A,Not assessed
macaque:Subpallium-GABA:128,cluster,cross_species_WB,macaque,#FD9D6F,Not assessed
macaque:Subpallium-GABA:129,cluster,cross_species_WB,macaque,#FF4D2F,Not assessed
macaque:Subpallium-GABA:13,cluster,cross_species_WB,macaque,#11BC03,Not assessed
macaque:Subpallium-GABA:130,cluster,cross_species_WB,macaque,#FEF4B3,Not assessed
macaque:Subpallium-GABA:131,cluster,cross_species_WB,macaque,#FFD97C,Not assessed
macaque:Subpallium-GABA:132,cluster,cross_species_WB,macaque,#FEF4B3,Not assessed
macaque:Subpallium-GABA:133,cluster,cross_species_WB,macaque,#FFDA7F,Not assessed
macaque:Subpallium-GABA:134,cluster,cross_species_WB,macaque,#000EEF,Not assessed
macaque:Subpallium-GABA:135,cluster,cross_species_WB,macaque,#FD9A6D,Not assessed
macaque:Subpallium-GABA:136,cluster,cross_species_WB,macaque,#FEF3B3,Not assessed
macaque:Subpallium-GABA:137,cluster,cross_species_WB,macaque,#FF5132,Not assessed
macaque:Subpallium-GABA:138,cluster,cross_species_WB,macaque,#FD976A,Not assessed
macaque:Subpallium-GABA:139,cluster,cross_species_WB,macaque,#FF5534,Not assessed
macaque:Subpallium-GABA:14,cluster,cross_species_WB,macaque,#1D7500,Not assessed
macaque:Subpallium-GABA:140,cluster,cross_species_WB,macaque,#522E3A,Not assessed
macaque:Subpallium-GABA:141,cluster,cross_species_WB,macaque,#02708B,Not assessed
macaque:Subpallium-GABA:142,cluster,cross_species_WB,macaque,#794D54,Not assessed
macaque:Subpallium-GABA:143,cluster,cross_species_WB,macaque,#532F3A,Not assessed
macaque:Subpallium-GABA:144,cluster,cross_species_WB,macaque,#B4EEFE,Not assessed
macaque:Subpallium-GABA:145,cluster,cross_species_WB,macaque,#76F9FF,Not assessed
macaque:Subpallium-GABA:146,cluster,cross_species_WB,macaque,#B4EEFE,Not assessed
macaque:Subpallium-GABA:147,cluster,cross_species_WB,macaque,#76F9FF,Not assessed
macaque:Subpallium-GABA:148,cluster,cross_species_WB,macaque,#34A638,Not assessed
macaque:Subpallium-GABA:149,cluster,cross_species_WB,macaque,#2E8F2A,Not assessed
macaque:Subpallium-GABA:15,cluster,cross_species_WB,macaque,#11BB03,Not assessed
macaque:Subpallium-GABA:150,cluster,cross_species_WB,macaque,#B4EEFE,Not assessed
macaque:Subpallium-GABA:151,cluster,cross_species_WB,macaque,#77F9FF,Not assessed
macaque:Subpallium-GABA:152,cluster,cross_species_WB,macaque,#FC961F,Not assessed
macaque:Subpallium-GABA:153,cluster,cross_species_WB,macaque,#501731,Not assessed
macaque:Subpallium-GABA:154,cluster,cross_species_WB,macaque,#B4EEFE,Not assessed
macaque:Subpallium-GABA:155,cluster,cross_species_WB,macaque,#7B2843,Not assessed
macaque:Subpallium-GABA:156,cluster,cross_species_WB,macaque,#511732,Not assessed
macaque:Subpallium-GABA:157,cluster,cross_species_WB,macaque,#E45D00,Not assessed
macaque:Subpallium-GABA:158,cluster,cross_species_WB,macaque,#004B4C,Not assessed
macaque:Subpallium-GABA:159,cluster,cross_species_WB,macaque,#1D7C00,Not assessed
macaque:Subpallium-GABA:16,cluster,cross_species_WB,macaque,#1D7600,Not assessed
macaque:Subpallium-GABA:160,cluster,cross_species_WB,macaque,#13B302,Not assessed
macaque:Subpallium-GABA:161,cluster,cross_species_WB,macaque,#1D7E00,Not assessed
macaque:Subpallium-GABA:162,cluster,cross_species_WB,macaque,#14B202,Not assessed
macaque:Subpallium-GABA:163,cluster,cross_species_WB,macaque,#1C8000,Not assessed
macaque:Subpallium-GABA:164,cluster,cross_species_WB,macaque,#14B102,Not assessed
macaque:Subpallium-GABA:165,cluster,cross_species_WB,macaque,#1C8100,Not assessed
macaque:Subpallium-GABA:166,cluster,cross_species_WB,macaque,#14AF02,Not assessed
macaque:Subpallium-GABA:167,cluster,cross_species_WB,macaque,#026F8A,Not assessed
macaque:Subpallium-GABA:168,cluster,cross_species_WB,macaque,#4BC974,Not assessed
macaque:Subpallium-GABA:169,cluster,cross_species_WB,macaque,#1C8300,Not assessed
macaque:Subpallium-GABA:17,cluster,cross_species_WB,macaque,#12B903,Not assessed
macaque:Subpallium-GABA:170,cluster,cross_species_WB,macaque,#FC951E,Not assessed
macaque:Subpallium-GABA:171,cluster,cross_species_WB,macaque,#6CCF95,Not assessed
macaque:Subpallium-GABA:172,cluster,cross_species_WB,macaque,#51CA7A,Not assessed
macaque:Subpallium-GABA:173,cluster,cross_species_WB,macaque,#67CE90,Not assessed
macaque:Subpallium-GABA:174,cluster,cross_species_WB,macaque,#56CB7F,Not assessed
macaque:Subpallium-GABA:175,cluster,cross_species_WB,macaque,#004C31,Not assessed
macaque:Subpallium-GABA:176,cluster,cross_species_WB,macaque,#61CD8A,Not assessed
macaque:Subpallium-GABA:177,cluster,cross_species_WB,macaque,#02856A,Not assessed
macaque:Subpallium-GABA:178,cluster,cross_species_WB,macaque,#004C32,Not assessed
macaque:Subpallium-GABA:179,cluster,cross_species_WB,macaque,#77F8FF,Not assessed
macaque:Subpallium-GABA:18,cluster,cross_species_WB,macaque,#1D7800,Not assessed
macaque:Subpallium-GABA:180,cluster,cross_species_WB,macaque,#AE0B3E,Not assessed
macaque:Subpallium-GABA:181,cluster,cross_species_WB,macaque,#B4EFFE,Not assessed
macaque:Subpallium-GABA:182,cluster,cross_species_WB,macaque,#78F8FF,Not assessed
macaque:Subpallium-GABA:183,cluster,cross_species_WB,macaque,#B72FBF,Not assessed
macaque:Subpallium-GABA:184,cluster,cross_species_WB,macaque,#15AE02,Not assessed
macaque:Subpallium-GABA:185,cluster,cross_species_WB,macaque,#CF54C3,Not assessed
macaque:Subpallium-GABA:186,cluster,cross_species_WB,macaque,#BA30C1,Not assessed
macaque:Subpallium-GABA:187,cluster,cross_species_WB,macaque,#004B4C,Not assessed
macaque:Subpallium-GABA:188,cluster,cross_species_WB,macaque,#CF52C3,Not assessed
macaque:Subpallium-GABA:189,cluster,cross_species_WB,macaque,#BD31C3,Not assessed
macaque:Subpallium-GABA:19,cluster,cross_species_WB,macaque,#4BBDC9,Not assessed
macaque:Subpallium-GABA:190,cluster,cross_species_WB,macaque,#E55E00,Not assessed
macaque:Subpallium-GABA:191,cluster,cross_species_WB,macaque,#B4EFFE,Not assessed
macaque:Subpallium-GABA:192,cluster,cross_species_WB,macaque,#79F8FF,Not assessed
macaque:Subpallium-GABA:193,cluster,cross_species_WB,macaque,#B4EFFE,Not assessed
macaque:Subpallium-GABA:194,cluster,cross_species_WB,macaque,#784C53,Not assessed
macaque:Subpallium-GABA:195,cluster,cross_species_WB,macaque,#542F3B,Not assessed
macaque:Subpallium-GABA:196,cluster,cross_species_WB,macaque,#784C53,Not assessed
macaque:Subpallium-GABA:197,cluster,cross_species_WB,macaque,#54303B,Not assessed
macaque:Subpallium-GABA:198,cluster,cross_species_WB,macaque,#774B53,Not assessed
macaque:Subpallium-GABA:199,cluster,cross_species_WB,macaque,#55303C,Not assessed
macaque:Subpallium-GABA:2,cluster,cross_species_WB,macaque,#037290,Not assessed
macaque:Subpallium-GABA:20,cluster,cross_species_WB,macaque,#6CBCCF,Not assessed
macaque:Subpallium-GABA:200,cluster,cross_species_WB,macaque,#764B52,Not assessed
macaque:Subpallium-GABA:201,cluster,cross_species_WB,macaque,#56313C,Not assessed
macaque:Subpallium-GABA:202,cluster,cross_species_WB,macaque,#CF50C4,Not assessed
macaque:Subpallium-GABA:203,cluster,cross_species_WB,macaque,#764A52,Not assessed
macaque:Subpallium-GABA:204,cluster,cross_species_WB,macaque,#56313D,Not assessed
macaque:Subpallium-GABA:205,cluster,cross_species_WB,macaque,#754951,Not assessed
macaque:Subpallium-GABA:206,cluster,cross_species_WB,macaque,#DD1333,Not assessed
macaque:Subpallium-GABA:207,cluster,cross_species_WB,macaque,#79F8FF,Not assessed
macaque:Subpallium-GABA:208,cluster,cross_species_WB,macaque,#C032C5,Not assessed
macaque:Subpallium-GABA:209,cluster,cross_species_WB,macaque,#B3EFFE,Not assessed
macaque:Subpallium-GABA:21,cluster,cross_species_WB,macaque,#50BDCA,Not assessed
macaque:Subpallium-GABA:210,cluster,cross_species_WB,macaque,#7AF8FF,Not assessed
macaque:Subpallium-GABA:211,cluster,cross_species_WB,macaque,#B3EFFE,Not assessed
macaque:Subpallium-GABA:212,cluster,cross_species_WB,macaque,#B10C3E,Not assessed
macaque:Subpallium-GABA:213,cluster,cross_species_WB,macaque,#CE4DC4,Not assessed
macaque:Subpallium-GABA:214,cluster,cross_species_WB,macaque,#007D46,Not assessed
macaque:Subpallium-GABA:215,cluster,cross_species_WB,macaque,#C332C7,Not assessed
macaque:Subpallium-GABA:216,cluster,cross_species_WB,macaque,#02B37B,Not assessed
macaque:Subpallium-GABA:217,cluster,cross_species_WB,macaque,#774B37,Not assessed
macaque:Subpallium-GABA:218,cluster,cross_species_WB,macaque,#866707,Not assessed
macaque:Subpallium-GABA:219,cluster,cross_species_WB,macaque,#A6900B,Not assessed
macaque:Subpallium-GABA:22,cluster,cross_species_WB,macaque,#68BCCE,Not assessed
macaque:Subpallium-GABA:220,cluster,cross_species_WB,macaque,#562C25,Not assessed
macaque:Subpallium-GABA:221,cluster,cross_species_WB,macaque,#AB993B,Not assessed
macaque:Subpallium-GABA:222,cluster,cross_species_WB,macaque,#754936,Not assessed
macaque:Subpallium-GABA:223,cluster,cross_species_WB,macaque,#C0BE59,Not assessed
macaque:Subpallium-GABA:224,cluster,cross_species_WB,macaque,#18FDE1,Not assessed
macaque:Subpallium-GABA:225,cluster,cross_species_WB,macaque,#00ECB4,Not assessed
macaque:Subpallium-GABA:226,cluster,cross_species_WB,macaque,#14FDDF,Not assessed
macaque:Subpallium-GABA:227,cluster,cross_species_WB,macaque,#297D36,Not assessed
macaque:Subpallium-GABA:228,cluster,cross_species_WB,macaque,#185319,Not assessed
macaque:Subpallium-GABA:229,cluster,cross_species_WB,macaque,#1A67FD,Not assessed
macaque:Subpallium-GABA:23,cluster,cross_species_WB,macaque,#028B71,Not assessed
macaque:Subpallium-GABA:230,cluster,cross_species_WB,macaque,#277932,Not assessed
macaque:Subpallium-GABA:231,cluster,cross_species_WB,macaque,#1A581C,Not assessed
macaque:Subpallium-GABA:232,cluster,cross_species_WB,macaque,#00F0B9,Not assessed
macaque:Subpallium-GABA:233,cluster,cross_species_WB,macaque,#1C8400,Not assessed
macaque:Subpallium-GABA:234,cluster,cross_species_WB,macaque,#63F8FE,Not assessed
macaque:Subpallium-GABA:235,cluster,cross_species_WB,macaque,#AE0299,Not assessed
macaque:Subpallium-GABA:236,cluster,cross_species_WB,macaque,#840085,Not assessed
macaque:Subpallium-GABA:237,cluster,cross_species_WB,macaque,#3BFFEF,Not assessed
macaque:Subpallium-GABA:238,cluster,cross_species_WB,macaque,#8FC5FE,Not assessed
macaque:Subpallium-GABA:239,cluster,cross_species_WB,macaque,#7C1CC1,Not assessed
macaque:Subpallium-GABA:24,cluster,cross_species_WB,macaque,#FF99F7,Not assessed
macaque:Subpallium-GABA:240,cluster,cross_species_WB,macaque,#15AC01,Not assessed
macaque:Subpallium-GABA:241,cluster,cross_species_WB,macaque,#9422D7,Not assessed
macaque:Subpallium-GABA:242,cluster,cross_species_WB,macaque,#DA1334,Not assessed
macaque:Subpallium-GABA:243,cluster,cross_species_WB,macaque,#AB0198,Not assessed
macaque:Subpallium-GABA:244,cluster,cross_species_WB,macaque,#B50C3D,Not assessed
macaque:Subpallium-GABA:245,cluster,cross_species_WB,macaque,#880088,Not assessed
macaque:Subpallium-GABA:246,cluster,cross_species_WB,macaque,#A80197,Not assessed
macaque:Subpallium-GABA:247,cluster,cross_species_WB,macaque,#1C8600,Not assessed
macaque:Subpallium-GABA:248,cluster,cross_species_WB,macaque,#15AB01,Not assessed
macaque:Subpallium-GABA:249,cluster,cross_species_WB,macaque,#1C8700,Not assessed
macaque:Subpallium-GABA:25,cluster,cross_species_WB,macaque,#FE1374,Not assessed
macaque:Subpallium-GABA:250,cluster,cross_species_WB,macaque,#16AA01,Not assessed
macaque:Subpallium-GABA:251,cluster,cross_species_WB,macaque,#1C8900,Not assessed
macaque:Subpallium-GABA:252,cluster,cross_species_WB,macaque,#ED921C,Not assessed
macaque:Subpallium-GABA:253,cluster,cross_species_WB,macaque,#EDB33E,Not assessed
macaque:Subpallium-GABA:254,cluster,cross_species_WB,macaque,#ED951E,Not assessed
macaque:Subpallium-GABA:255,cluster,cross_species_WB,macaque,#EDB03B,Not assessed
macaque:Subpallium-GABA:256,cluster,cross_species_WB,macaque,#026F89,Not assessed
macaque:Subpallium-GABA:257,cluster,cross_species_WB,macaque,#FD941C,Not assessed
macaque:Subpallium-GABA:258,cluster,cross_species_WB,macaque,#16A801,Not assessed
macaque:Subpallium-GABA:259,cluster,cross_species_WB,macaque,#ED9821,Not assessed
macaque:Subpallium-GABA:26,cluster,cross_species_WB,macaque,#7F9543,Not assessed
macaque:Subpallium-GABA:260,cluster,cross_species_WB,macaque,#FE9467,Not assessed
macaque:Subpallium-GABA:261,cluster,cross_species_WB,macaque,#EDAE39,Not assessed
macaque:Subpallium-GABA:262,cluster,cross_species_WB,macaque,#3CFD5D,Not assessed
macaque:Subpallium-GABA:263,cluster,cross_species_WB,macaque,#57323D,Not assessed
macaque:Subpallium-GABA:264,cluster,cross_species_WB,macaque,#7A2843,Not assessed
macaque:Subpallium-GABA:265,cluster,cross_species_WB,macaque,#7BF8FF,Not assessed
macaque:Subpallium-GABA:266,cluster,cross_species_WB,macaque,#D71235,Not assessed
macaque:Subpallium-GABA:267,cluster,cross_species_WB,macaque,#B80D3D,Not assessed
macaque:Subpallium-GABA:268,cluster,cross_species_WB,macaque,#B3EFFE,Not assessed
macaque:Subpallium-GABA:269,cluster,cross_species_WB,macaque,#7BF7FF,Not assessed
macaque:Subpallium-GABA:27,cluster,cross_species_WB,macaque,#F50074,Not assessed
macaque:Subpallium-GABA:270,cluster,cross_species_WB,macaque,#E65F00,Not assessed
macaque:Subpallium-GABA:271,cluster,cross_species_WB,macaque,#15FF23,Not assessed
macaque:Subpallium-GABA:272,cluster,cross_species_WB,macaque,#D41236,Not assessed
macaque:Subpallium-GABA:273,cluster,cross_species_WB,macaque,#FF5837,Not assessed
macaque:Subpallium-GABA:274,cluster,cross_species_WB,macaque,#B3EFFE,Not assessed
macaque:Subpallium-GABA:275,cluster,cross_species_WB,macaque,#521732,Not assessed
macaque:Subpallium-GABA:276,cluster,cross_species_WB,macaque,#7CF7FF,Not assessed
macaque:Subpallium-GABA:277,cluster,cross_species_WB,macaque,#B3EFFE,Not assessed
macaque:Subpallium-GABA:278,cluster,cross_species_WB,macaque,#7DF7FF,Not assessed
macaque:Subpallium-GABA:279,cluster,cross_species_WB,macaque,#004B4C,Not assessed
macaque:Subpallium-GABA:28,cluster,cross_species_WB,macaque,#90C96F,Not assessed
macaque:Subpallium-GABA:280,cluster,cross_species_WB,macaque,#026E88,Not assessed
macaque:Subpallium-GABA:281,cluster,cross_species_WB,macaque,#004B4C,Not assessed
macaque:Subpallium-GABA:282,cluster,cross_species_WB,macaque,#B3F0FE,Not assessed
macaque:Subpallium-GABA:283,cluster,cross_species_WB,macaque,#026E87,Not assessed
macaque:Subpallium-GABA:284,cluster,cross_species_WB,macaque,#004A4C,Not assessed
macaque:Subpallium-GABA:285,cluster,cross_species_WB,macaque,#582E25,Not assessed
macaque:Subpallium-GABA:286,cluster,cross_species_WB,macaque,#026D86,Not assessed
macaque:Subpallium-GABA:287,cluster,cross_species_WB,macaque,#004A4C,Not assessed
macaque:Subpallium-GABA:288,cluster,cross_species_WB,macaque,#026D86,Not assessed
macaque:Subpallium-GABA:289,cluster,cross_species_WB,macaque,#FF311C,Not assessed
macaque:Subpallium-GABA:29,cluster,cross_species_WB,macaque,#9CCF84,Not assessed
macaque:Subpallium-GABA:290,cluster,cross_species_WB,macaque,#004A4C,Not assessed
macaque:Subpallium-GABA:291,cluster,cross_species_WB,macaque,#026D85,Not assessed
macaque:Subpallium-GABA:292,cluster,cross_species_WB,macaque,#FD921B,Not assessed
macaque:Subpallium-GABA:293,cluster,cross_species_WB,macaque,#57470C,Not assessed
macaque:Subpallium-GABA:294,cluster,cross_species_WB,macaque,#756A12,Not assessed
macaque:Subpallium-GABA:295,cluster,cross_species_WB,macaque,#5B4B0D,Not assessed
macaque:Subpallium-GABA:296,cluster,cross_species_WB,macaque,#5BC1FF,Not assessed
macaque:Subpallium-GABA:297,cluster,cross_species_WB,macaque,#E86000,Not assessed
macaque:Subpallium-GABA:298,cluster,cross_species_WB,macaque,#004A4C,Not assessed
macaque:Subpallium-GABA:299,cluster,cross_species_WB,macaque,#FD911A,Not assessed
macaque:Subpallium-GABA:3,cluster,cross_species_WB,macaque,#DB5500,Not assessed
macaque:Subpallium-GABA:30,cluster,cross_species_WB,macaque,#FE0B73,Not assessed
macaque:Subpallium-GABA:300,cluster,cross_species_WB,macaque,#E96100,Not assessed
macaque:Subpallium-GABA:301,cluster,cross_species_WB,macaque,#026C84,Not assessed
macaque:Subpallium-GABA:302,cluster,cross_species_WB,macaque,#004A4C,Not assessed
macaque:Subpallium-GABA:303,cluster,cross_species_WB,macaque,#FD9018,Not assessed
macaque:Subpallium-GABA:304,cluster,cross_species_WB,macaque,#026C83,Not assessed
macaque:Subpallium-GABA:305,cluster,cross_species_WB,macaque,#EA6200,Not assessed
macaque:Subpallium-GABA:306,cluster,cross_species_WB,macaque,#FFDC81,Not assessed
macaque:Subpallium-GABA:307,cluster,cross_species_WB,macaque,#FD8F17,Not assessed
macaque:Subpallium-GABA:308,cluster,cross_species_WB,macaque,#004A4C,Not assessed
macaque:Subpallium-GABA:309,cluster,cross_species_WB,macaque,#026B82,Not assessed
macaque:Subpallium-GABA:31,cluster,cross_species_WB,macaque,#CC6D3D,Not assessed
macaque:Subpallium-GABA:310,cluster,cross_species_WB,macaque,#FEF3B2,Not assessed
macaque:Subpallium-GABA:311,cluster,cross_species_WB,macaque,#00494C,Not assessed
macaque:Subpallium-GABA:312,cluster,cross_species_WB,macaque,#FFDD83,Not assessed
macaque:Subpallium-GABA:313,cluster,cross_species_WB,macaque,#FEF2AF,Not assessed
macaque:Subpallium-GABA:314,cluster,cross_species_WB,macaque,#FFDF86,Not assessed
macaque:Subpallium-GABA:315,cluster,cross_species_WB,macaque,#1A11FE,Not assessed
macaque:Subpallium-GABA:316,cluster,cross_species_WB,macaque,#FE9164,Not assessed
macaque:Subpallium-GABA:317,cluster,cross_species_WB,macaque,#FF5C39,Not assessed
macaque:Subpallium-GABA:318,cluster,cross_species_WB,macaque,#EB6400,Not assessed
macaque:Subpallium-GABA:319,cluster,cross_species_WB,macaque,#FE8E62,Not assessed
macaque:Subpallium-GABA:32,cluster,cross_species_WB,macaque,#72FAFF,Not assessed
macaque:Subpallium-GABA:320,cluster,cross_species_WB,macaque,#026B81,Not assessed
macaque:Subpallium-GABA:321,cluster,cross_species_WB,macaque,#FF603C,Not assessed
macaque:Subpallium-GABA:322,cluster,cross_species_WB,macaque,#744951,Not assessed
macaque:Subpallium-GABA:323,cluster,cross_species_WB,macaque,#58323E,Not assessed
macaque:Subpallium-GABA:324,cluster,cross_species_WB,macaque,#744850,Not assessed
macaque:Subpallium-GABA:325,cluster,cross_species_WB,macaque,#58333E,Not assessed
macaque:Subpallium-GABA:326,cluster,cross_species_WB,macaque,#FEF1AD,Not assessed
macaque:Subpallium-GABA:327,cluster,cross_species_WB,macaque,#734850,Not assessed
macaque:Subpallium-GABA:328,cluster,cross_species_WB,macaque,#59333E,Not assessed
macaque:Subpallium-GABA:329,cluster,cross_species_WB,macaque,#72474F,Not assessed
macaque:Subpallium-GABA:33,cluster,cross_species_WB,macaque,#EDBC4A,Not assessed
macaque:Subpallium-GABA:330,cluster,cross_species_WB,macaque,#5A343F,Not assessed
macaque:Subpallium-GABA:331,cluster,cross_species_WB,macaque,#72474F,Not assessed
macaque:Subpallium-GABA:332,cluster,cross_species_WB,macaque,#7DF7FF,Not assessed
macaque:Subpallium-GABA:333,cluster,cross_species_WB,macaque,#B3F0FE,Not assessed
macaque:Subpallium-GABA:334,cluster,cross_species_WB,macaque,#7EF7FF,Not assessed
macaque:Subpallium-GABA:335,cluster,cross_species_WB,macaque,#5A343F,Not assessed
macaque:Subpallium-GABA:336,cluster,cross_species_WB,macaque,#FFE088,Not assessed
macaque:Subpallium-GABA:337,cluster,cross_species_WB,macaque,#71464F,Not assessed
macaque:Subpallium-GABA:338,cluster,cross_species_WB,macaque,#B3F0FE,Not assessed
macaque:Subpallium-GABA:339,cluster,cross_species_WB,macaque,#7EF7FF,Not assessed
macaque:Subpallium-GABA:34,cluster,cross_species_WB,macaque,#D057C3,Not assessed
macaque:Subpallium-GABA:340,cluster,cross_species_WB,macaque,#32A335,Not assessed
macaque:Subpallium-GABA:341,cluster,cross_species_WB,macaque,#B3F0FE,Not assessed
macaque:Subpallium-GABA:342,cluster,cross_species_WB,macaque,#2F932B,Not assessed
macaque:Subpallium-GABA:343,cluster,cross_species_WB,macaque,#7A2742,Not assessed
macaque:Subpallium-GABA:344,cluster,cross_species_WB,macaque,#7FF6FF,Not assessed
macaque:Subpallium-GABA:345,cluster,cross_species_WB,macaque,#B3F0FE,Not assessed
macaque:Subpallium-GABA:346,cluster,cross_species_WB,macaque,#80F6FF,Not assessed
macaque:Subpallium-GABA:347,cluster,cross_species_WB,macaque,#B3F0FE,Not assessed
macaque:Subpallium-GABA:348,cluster,cross_species_WB,macaque,#80F6FF,Not assessed
macaque:Subpallium-GABA:349,cluster,cross_species_WB,macaque,#B2F0FE,Not assessed
macaque:Subpallium-GABA:35,cluster,cross_species_WB,macaque,#2EFFE6,Not assessed
macaque:Subpallium-GABA:350,cluster,cross_species_WB,macaque,#81F6FF,Not assessed
macaque:Subpallium-GABA:351,cluster,cross_species_WB,macaque,#B2F0FE,Not assessed
macaque:Subpallium-GABA:352,cluster,cross_species_WB,macaque,#82F6FF,Not assessed
macaque:Subpallium-GABA:353,cluster,cross_species_WB,macaque,#B1F0FE,Not assessed
macaque:Subpallium-GABA:354,cluster,cross_species_WB,macaque,#82F6FF,Not assessed
macaque:Subpallium-GABA:355,cluster,cross_species_WB,macaque,#B0F0FE,Not assessed
macaque:Subpallium-GABA:356,cluster,cross_species_WB,macaque,#83F6FF,Not assessed
macaque:Subpallium-GABA:357,cluster,cross_species_WB,macaque,#531833,Not assessed
macaque:Subpallium-GABA:358,cluster,cross_species_WB,macaque,#792742,Not assessed
macaque:Subpallium-GABA:359,cluster,cross_species_WB,macaque,#541833,Not assessed
macaque:Subpallium-GABA:36,cluster,cross_species_WB,macaque,#6DF4FD,Not assessed
macaque:Subpallium-GABA:360,cluster,cross_species_WB,macaque,#782642,Not assessed
macaque:Subpallium-GABA:361,cluster,cross_species_WB,macaque,#551834,Not assessed
macaque:Subpallium-GABA:362,cluster,cross_species_WB,macaque,#772641,Not assessed
macaque:Subpallium-GABA:363,cluster,cross_species_WB,macaque,#561934,Not assessed
macaque:Subpallium-GABA:364,cluster,cross_species_WB,macaque,#B0F0FE,Not assessed
macaque:Subpallium-GABA:365,cluster,cross_species_WB,macaque,#762641,Not assessed
macaque:Subpallium-GABA:366,cluster,cross_species_WB,macaque,#571935,Not assessed
macaque:Subpallium-GABA:367,cluster,cross_species_WB,macaque,#752541,Not assessed
macaque:Subpallium-GABA:368,cluster,cross_species_WB,macaque,#581A35,Not assessed
macaque:Subpallium-GABA:369,cluster,cross_species_WB,macaque,#742540,Not assessed
macaque:Subpallium-GABA:37,cluster,cross_species_WB,macaque,#CA5253,Not assessed
macaque:Subpallium-GABA:370,cluster,cross_species_WB,macaque,#591A35,Not assessed
macaque:Subpallium-GABA:371,cluster,cross_species_WB,macaque,#732440,Not assessed
macaque:Subpallium-GABA:372,cluster,cross_species_WB,macaque,#5A1A36,Not assessed
macaque:Subpallium-GABA:373,cluster,cross_species_WB,macaque,#FD8D16,Not assessed
macaque:Subpallium-GABA:374,cluster,cross_species_WB,macaque,#EC6500,Not assessed
macaque:Subpallium-GABA:375,cluster,cross_species_WB,macaque,#017F63,Not assessed
macaque:Subpallium-GABA:376,cluster,cross_species_WB,macaque,#005237,Not assessed
macaque:Subpallium-GABA:377,cluster,cross_species_WB,macaque,#CE4BC5,Not assessed
macaque:Subpallium-GABA:378,cluster,cross_species_WB,macaque,#C733C9,Not assessed
macaque:Subpallium-GABA:379,cluster,cross_species_WB,macaque,#84F6FF,Not assessed
macaque:Subpallium-GABA:38,cluster,cross_species_WB,macaque,#CA7B50,Not assessed
macaque:Subpallium-GABA:380,cluster,cross_species_WB,macaque,#AFF0FE,Not assessed
macaque:Subpallium-GABA:381,cluster,cross_species_WB,macaque,#5B3540,Not assessed
macaque:Subpallium-GABA:382,cluster,cross_species_WB,macaque,#00854D,Not assessed
macaque:Subpallium-GABA:383,cluster,cross_species_WB,macaque,#886A07,Not assessed
macaque:Subpallium-GABA:384,cluster,cross_species_WB,macaque,#71464E,Not assessed
macaque:Subpallium-GABA:385,cluster,cross_species_WB,macaque,#11FEDC,Not assessed
macaque:Subpallium-GABA:386,cluster,cross_species_WB,macaque,#006BEB,Not assessed
macaque:Subpallium-GABA:387,cluster,cross_species_WB,macaque,#00F3BE,Not assessed
macaque:Subpallium-GABA:388,cluster,cross_species_WB,macaque,#A38D0B,Not assessed
macaque:Subpallium-GABA:389,cluster,cross_species_WB,macaque,#AD9C3C,Not assessed
macaque:Subpallium-GABA:39,cluster,cross_species_WB,macaque,#CE6B66,Not assessed
macaque:Subpallium-GABA:390,cluster,cross_species_WB,macaque,#BFBD56,Not assessed
macaque:Subpallium-GABA:391,cluster,cross_species_WB,macaque,#AF9F3D,Not assessed
macaque:Subpallium-GABA:392,cluster,cross_species_WB,macaque,#25742F,Not assessed
macaque:Subpallium-GABA:393,cluster,cross_species_WB,macaque,#BEBB53,Not assessed
macaque:Subpallium-GABA:394,cluster,cross_species_WB,macaque,#21A51A,Not assessed
macaque:Subpallium-GABA:395,cluster,cross_species_WB,macaque,#60FAFE,Not assessed
macaque:Subpallium-GABA:396,cluster,cross_species_WB,macaque,#1567FD,Not assessed
macaque:Subpallium-GABA:397,cluster,cross_species_WB,macaque,#3EFFF1,Not assessed
macaque:Subpallium-GABA:398,cluster,cross_species_WB,macaque,#00494C,Not assessed
macaque:Subpallium-GABA:399,cluster,cross_species_WB,macaque,#734735,Not assessed
macaque:Subpallium-GABA:4,cluster,cross_species_WB,macaque,#2418FD,Not assessed
macaque:Subpallium-GABA:40,cluster,cross_species_WB,macaque,#CE9468,Not assessed
macaque:Subpallium-GABA:400,cluster,cross_species_WB,macaque,#5A2F26,Not assessed
macaque:Subpallium-GABA:401,cluster,cross_species_WB,macaque,#016A80,Not assessed
macaque:Subpallium-GABA:402,cluster,cross_species_WB,macaque,#00494C,Not assessed
macaque:Subpallium-GABA:403,cluster,cross_species_WB,macaque,#722440,Not assessed
macaque:Subpallium-GABA:404,cluster,cross_species_WB,macaque,#5B1B36,Not assessed
macaque:Subpallium-GABA:405,cluster,cross_species_WB,macaque,#724534,Not assessed
macaque:Subpallium-GABA:406,cluster,cross_species_WB,macaque,#716511,Not assessed
macaque:Subpallium-GABA:407,cluster,cross_species_WB,macaque,#016A7F,Not assessed
macaque:Subpallium-GABA:408,cluster,cross_species_WB,macaque,#FD8C14,Not assessed
macaque:Subpallium-GABA:409,cluster,cross_species_WB,macaque,#EE6600,Not assessed
macaque:Subpallium-GABA:41,cluster,cross_species_WB,macaque,#CA7E53,Not assessed
macaque:Subpallium-GABA:410,cluster,cross_species_WB,macaque,#FD8B13,Not assessed
macaque:Subpallium-GABA:411,cluster,cross_species_WB,macaque,#EF6700,Not assessed
macaque:Subpallium-GABA:412,cluster,cross_species_WB,macaque,#00494D,Not assessed
macaque:Subpallium-GABA:413,cluster,cross_species_WB,macaque,#5C3127,Not assessed
macaque:Subpallium-GABA:414,cluster,cross_species_WB,macaque,#01697E,Not assessed
macaque:Subpallium-GABA:415,cluster,cross_species_WB,macaque,#004A4E,Not assessed
macaque:Subpallium-GABA:416,cluster,cross_species_WB,macaque,#84F5FF,Not assessed
macaque:Subpallium-GABA:417,cluster,cross_species_WB,macaque,#AFF0FE,Not assessed
macaque:Subpallium-GABA:418,cluster,cross_species_WB,macaque,#85F5FF,Not assessed
macaque:Subpallium-GABA:419,cluster,cross_species_WB,macaque,#AEF0FE,Not assessed
macaque:Subpallium-GABA:42,cluster,cross_species_WB,macaque,#55BCCB,Not assessed
macaque:Subpallium-GABA:420,cluster,cross_species_WB,macaque,#85F5FF,Not assessed
macaque:Subpallium-GABA:421,cluster,cross_species_WB,macaque,#ADF0FE,Not assessed
macaque:Subpallium-GABA:422,cluster,cross_species_WB,macaque,#86F5FF,Not assessed
macaque:Subpallium-GABA:423,cluster,cross_species_WB,macaque,#ADF0FE,Not assessed
macaque:Subpallium-GABA:424,cluster,cross_species_WB,macaque,#87F5FF,Not assessed
macaque:Subpallium-GABA:425,cluster,cross_species_WB,macaque,#ACF0FE,Not assessed
macaque:Subpallium-GABA:426,cluster,cross_species_WB,macaque,#87F5FF,Not assessed
macaque:Subpallium-GABA:427,cluster,cross_species_WB,macaque,#ABF0FE,Not assessed
macaque:Subpallium-GABA:428,cluster,cross_species_WB,macaque,#88F5FF,Not assessed
macaque:Subpallium-GABA:429,cluster,cross_species_WB,macaque,#ABF0FE,Not assessed
macaque:Subpallium-GABA:43,cluster,cross_species_WB,macaque,#B4EEFE,Not assessed
macaque:Subpallium-GABA:430,cluster,cross_species_WB,macaque,#89F4FF,Not assessed
macaque:Subpallium-GABA:431,cluster,cross_species_WB,macaque,#AAF0FE,Not assessed
macaque:Subpallium-GABA:432,cluster,cross_species_WB,macaque,#89F4FF,Not assessed
macaque:Subpallium-GABA:433,cluster,cross_species_WB,macaque,#A9F0FE,Not assessed
macaque:Subpallium-GABA:434,cluster,cross_species_WB,macaque,#71233F,Not assessed
macaque:Subpallium-GABA:435,cluster,cross_species_WB,macaque,#8AF4FF,Not assessed
macaque:Subpallium-GABA:436,cluster,cross_species_WB,macaque,#01697D,Not assessed
macaque:Subpallium-GABA:437,cluster,cross_species_WB,macaque,#004B4F,Not assessed
macaque:Subpallium-GABA:438,cluster,cross_species_WB,macaque,#8B6D08,Not assessed
macaque:Subpallium-GABA:439,cluster,cross_species_WB,macaque,#B1A33F,Not assessed
macaque:Subpallium-GABA:44,cluster,cross_species_WB,macaque,#73FAFF,Not assessed
macaque:Subpallium-GABA:440,cluster,cross_species_WB,macaque,#5C3540,Not assessed
macaque:Subpallium-GABA:441,cluster,cross_species_WB,macaque,#006AF0,Not assessed
macaque:Subpallium-GABA:442,cluster,cross_species_WB,macaque,#A9F0FE,Not assessed
macaque:Subpallium-GABA:443,cluster,cross_species_WB,macaque,#01687C,Not assessed
macaque:Subpallium-GABA:444,cluster,cross_species_WB,macaque,#8AF4FF,Not assessed
macaque:Subpallium-GABA:445,cluster,cross_species_WB,macaque,#70454E,Not assessed
macaque:Subpallium-GABA:446,cluster,cross_species_WB,macaque,#FD8A12,Not assessed
macaque:Subpallium-GABA:447,cluster,cross_species_WB,macaque,#5C1B37,Not assessed
macaque:Subpallium-GABA:448,cluster,cross_species_WB,macaque,#5D3641,Not assessed
macaque:Subpallium-GABA:449,cluster,cross_species_WB,macaque,#004B50,Not assessed
macaque:Subpallium-GABA:45,cluster,cross_species_WB,macaque,#B4EEFE,Not assessed
macaque:Subpallium-GABA:450,cluster,cross_species_WB,macaque,#F06800,Not assessed
macaque:Subpallium-GABA:451,cluster,cross_species_WB,macaque,#A18A0B,Not assessed
macaque:Subpallium-GABA:46,cluster,cross_species_WB,macaque,#74F9FF,Not assessed
macaque:Subpallium-GABA:47,cluster,cross_species_WB,macaque,#7D2944,Not assessed
macaque:Subpallium-GABA:48,cluster,cross_species_WB,macaque,#4F1631,Not assessed
macaque:Subpallium-GABA:49,cluster,cross_species_WB,macaque,#B4EEFE,Not assessed
macaque:Subpallium-GABA:5,cluster,cross_species_WB,macaque,#004C4C,Not assessed
macaque:Subpallium-GABA:50,cluster,cross_species_WB,macaque,#7B4E55,Not assessed
macaque:Subpallium-GABA:51,cluster,cross_species_WB,macaque,#512D39,Not assessed
macaque:Subpallium-GABA:52,cluster,cross_species_WB,macaque,#7A4E55,Not assessed
macaque:Subpallium-GABA:53,cluster,cross_species_WB,macaque,#512E39,Not assessed
macaque:Subpallium-GABA:54,cluster,cross_species_WB,macaque,#FEF5B4,Not assessed
macaque:Subpallium-GABA:55,cluster,cross_species_WB,macaque,#7A4D54,Not assessed
macaque:Subpallium-GABA:56,cluster,cross_species_WB,macaque,#AB0B3E,Not assessed
macaque:Subpallium-GABA:57,cluster,cross_species_WB,macaque,#AC990C,Not assessed
macaque:Subpallium-GABA:58,cluster,cross_species_WB,macaque,#816206,Not assessed
macaque:Subpallium-GABA:59,cluster,cross_species_WB,macaque,#AA960C,Not assessed
macaque:Subpallium-GABA:6,cluster,cross_species_WB,macaque,#0010EC,Not assessed
macaque:Subpallium-GABA:60,cluster,cross_species_WB,macaque,#846507,Not assessed
macaque:Subpallium-GABA:61,cluster,cross_species_WB,macaque,#A8930C,Not assessed
macaque:Subpallium-GABA:62,cluster,cross_species_WB,macaque,#00E6AA,Not assessed
macaque:Subpallium-GABA:63,cluster,cross_species_WB,macaque,#1BFDE4,Not assessed
macaque:Subpallium-GABA:64,cluster,cross_species_WB,macaque,#006CE2,Not assessed
macaque:Subpallium-GABA:65,cluster,cross_species_WB,macaque,#1F68FD,Not assessed
macaque:Subpallium-GABA:66,cluster,cross_species_WB,macaque,#006CE7,Not assessed
macaque:Subpallium-GABA:67,cluster,cross_species_WB,macaque,#00E9AF,Not assessed
macaque:Subpallium-GABA:68,cluster,cross_species_WB,macaque,#32FFE8,Not assessed
macaque:Subpallium-GABA:69,cluster,cross_species_WB,macaque,#6AF6FD,Not assessed
macaque:Subpallium-GABA:7,cluster,cross_species_WB,macaque,#10BF03,Not assessed
macaque:Subpallium-GABA:70,cluster,cross_species_WB,macaque,#35FFEB,Not assessed
macaque:Subpallium-GABA:71,cluster,cross_species_WB,macaque,#67F7FE,Not assessed
macaque:Subpallium-GABA:72,cluster,cross_species_WB,macaque,#38FFED,Not assessed
macaque:Subpallium-GABA:73,cluster,cross_species_WB,macaque,#7C007F,Not assessed
macaque:Subpallium-GABA:74,cluster,cross_species_WB,macaque,#B1029A,Not assessed
macaque:Subpallium-GABA:75,cluster,cross_species_WB,macaque,#12B803,Not assessed
macaque:Subpallium-GABA:76,cluster,cross_species_WB,macaque,#1D7900,Not assessed
macaque:Subpallium-GABA:77,cluster,cross_species_WB,macaque,#12B602,Not assessed
macaque:Subpallium-GABA:78,cluster,cross_species_WB,macaque,#1D7B00,Not assessed
macaque:Subpallium-GABA:79,cluster,cross_species_WB,macaque,#13B502,Not assessed
macaque:Subpallium-GABA:8,cluster,cross_species_WB,macaque,#1F15FD,Not assessed
macaque:Subpallium-GABA:80,cluster,cross_species_WB,macaque,#54C1FF,Not assessed
macaque:Subpallium-GABA:81,cluster,cross_species_WB,macaque,#94C6FE,Not assessed
macaque:Subpallium-GABA:82,cluster,cross_species_WB,macaque,#56C1FF,Not assessed
macaque:Subpallium-GABA:83,cluster,cross_species_WB,macaque,#91C5FE,Not assessed
macaque:Subpallium-GABA:84,cluster,cross_species_WB,macaque,#74F9FF,Not assessed
macaque:Subpallium-GABA:85,cluster,cross_species_WB,macaque,#59C1FF,Not assessed
macaque:Subpallium-GABA:86,cluster,cross_species_WB,macaque,#FC9D27,Not assessed
macaque:Subpallium-GABA:87,cluster,cross_species_WB,macaque,#ED8813,Not assessed
macaque:Subpallium-GABA:88,cluster,cross_species_WB,macaque,#EDBA47,Not assessed
macaque:Subpallium-GABA:89,cluster,cross_species_WB,macaque,#ED8B16,Not assessed
macaque:Subpallium-GABA:9,cluster,cross_species_WB,macaque,#1D7200,Not assessed
macaque:Subpallium-GABA:90,cluster,cross_species_WB,macaque,#EDB744,Not assessed
macaque:Subpallium-GABA:91,cluster,cross_species_WB,macaque,#ED8F19,Not assessed
macaque:Subpallium-GABA:92,cluster,cross_species_WB,macaque,#03718F,Not assessed
macaque:Subpallium-GABA:93,cluster,cross_species_WB,macaque,#7C2943,Not assessed
macaque:Subpallium-GABA:94,cluster,cross_species_WB,macaque,#DD5600,Not assessed
macaque:Subpallium-GABA:95,cluster,cross_species_WB,macaque,#E01432,Not assessed
macaque:Subpallium-GABA:96,cluster,cross_species_WB,macaque,#004C4C,Not assessed
macaque:Subpallium-GABA:97,cluster,cross_species_WB,macaque,#EDB541,Not assessed
macaque:Subpallium-GABA:98,cluster,cross_species_WB,macaque,#512822,Not assessed
macaque:Subpallium-GABA:99,cluster,cross_species_WB,macaque,#FC9C25,Not assessed
macaque:TH-EPI-Glut:1,cluster,cross_species_WB,macaque,#43E271,Not assessed
macaque:TH-EPI-Glut:10,cluster,cross_species_WB,macaque,#17F5AA,Not assessed
macaque:TH-EPI-Glut:100,cluster,cross_species_WB,macaque,#3AF5FE,Not assessed
macaque:TH-EPI-Glut:101,cluster,cross_species_WB,macaque,#16FFF4,Not assessed
macaque:TH-EPI-Glut:102,cluster,cross_species_WB,macaque,#B2FFCC,Not assessed
macaque:TH-EPI-Glut:103,cluster,cross_species_WB,macaque,#37F6FE,Not assessed
macaque:TH-EPI-Glut:104,cluster,cross_species_WB,macaque,#B3FED4,Not assessed
macaque:TH-EPI-Glut:105,cluster,cross_species_WB,macaque,#B2FFCD,Not assessed
macaque:TH-EPI-Glut:106,cluster,cross_species_WB,macaque,#B3FED3,Not assessed
macaque:TH-EPI-Glut:107,cluster,cross_species_WB,macaque,#B2FFCD,Not assessed
macaque:TH-EPI-Glut:108,cluster,cross_species_WB,macaque,#B3FED3,Not assessed
macaque:TH-EPI-Glut:109,cluster,cross_species_WB,macaque,#B2FFCE,Not assessed
macaque:TH-EPI-Glut:11,cluster,cross_species_WB,macaque,#47E275,Not assessed
macaque:TH-EPI-Glut:110,cluster,cross_species_WB,macaque,#18FFF6,Not assessed
macaque:TH-EPI-Glut:111,cluster,cross_species_WB,macaque,#35F8FE,Not assessed
macaque:TH-EPI-Glut:112,cluster,cross_species_WB,macaque,#1AFFF7,Not assessed
macaque:TH-EPI-Glut:113,cluster,cross_species_WB,macaque,#33F9FE,Not assessed
macaque:TH-EPI-Glut:12,cluster,cross_species_WB,macaque,#88E7B4,Not assessed
macaque:TH-EPI-Glut:13,cluster,cross_species_WB,macaque,#48E276,Not assessed
macaque:TH-EPI-Glut:14,cluster,cross_species_WB,macaque,#87E7B3,Not assessed
macaque:TH-EPI-Glut:15,cluster,cross_species_WB,macaque,#0B4C00,Not assessed
macaque:TH-EPI-Glut:16,cluster,cross_species_WB,macaque,#49E277,Not assessed
macaque:TH-EPI-Glut:17,cluster,cross_species_WB,macaque,#B2FFCA,Not assessed
macaque:TH-EPI-Glut:18,cluster,cross_species_WB,macaque,#86E7B2,Not assessed
macaque:TH-EPI-Glut:19,cluster,cross_species_WB,macaque,#4AE278,Not assessed
macaque:TH-EPI-Glut:2,cluster,cross_species_WB,macaque,#8BE8B7,Not assessed
macaque:TH-EPI-Glut:20,cluster,cross_species_WB,macaque,#017F03,Not assessed
macaque:TH-EPI-Glut:21,cluster,cross_species_WB,macaque,#B4FED6,Not assessed
macaque:TH-EPI-Glut:22,cluster,cross_species_WB,macaque,#678BA1,Not assessed
macaque:TH-EPI-Glut:23,cluster,cross_species_WB,macaque,#558091,Not assessed
macaque:TH-EPI-Glut:24,cluster,cross_species_WB,macaque,#0B4E00,Not assessed
macaque:TH-EPI-Glut:25,cluster,cross_species_WB,macaque,#648AA0,Not assessed
macaque:TH-EPI-Glut:26,cluster,cross_species_WB,macaque,#46F3CF,Not assessed
macaque:TH-EPI-Glut:27,cluster,cross_species_WB,macaque,#017D02,Not assessed
macaque:TH-EPI-Glut:28,cluster,cross_species_WB,macaque,#85E7B2,Not assessed
macaque:TH-EPI-Glut:29,cluster,cross_species_WB,macaque,#0B5100,Not assessed
macaque:TH-EPI-Glut:3,cluster,cross_species_WB,macaque,#44E272,Not assessed
macaque:TH-EPI-Glut:30,cluster,cross_species_WB,macaque,#4BE279,Not assessed
macaque:TH-EPI-Glut:31,cluster,cross_species_WB,macaque,#2F02B0,Not assessed
macaque:TH-EPI-Glut:32,cluster,cross_species_WB,macaque,#0F0084,Not assessed
macaque:TH-EPI-Glut:33,cluster,cross_species_WB,macaque,#ACF8ED,Not assessed
macaque:TH-EPI-Glut:34,cluster,cross_species_WB,macaque,#1BF5AD,Not assessed
macaque:TH-EPI-Glut:35,cluster,cross_species_WB,macaque,#B2FFCB,Not assessed
macaque:TH-EPI-Glut:36,cluster,cross_species_WB,macaque,#2C01AD,Not assessed
macaque:TH-EPI-Glut:37,cluster,cross_species_WB,macaque,#43F4CD,Not assessed
macaque:TH-EPI-Glut:38,cluster,cross_species_WB,macaque,#84E7B1,Not assessed
macaque:TH-EPI-Glut:39,cluster,cross_species_WB,macaque,#110087,Not assessed
macaque:TH-EPI-Glut:4,cluster,cross_species_WB,macaque,#8AE8B6,Not assessed
macaque:TH-EPI-Glut:40,cluster,cross_species_WB,macaque,#4CE27A,Not assessed
macaque:TH-EPI-Glut:41,cluster,cross_species_WB,macaque,#83E7B0,Not assessed
macaque:TH-EPI-Glut:42,cluster,cross_species_WB,macaque,#4DE27B,Not assessed
macaque:TH-EPI-Glut:43,cluster,cross_species_WB,macaque,#82E7AF,Not assessed
macaque:TH-EPI-Glut:44,cluster,cross_species_WB,macaque,#4EE27C,Not assessed
macaque:TH-EPI-Glut:45,cluster,cross_species_WB,macaque,#82E7AF,Not assessed
macaque:TH-EPI-Glut:46,cluster,cross_species_WB,macaque,#4FE27D,Not assessed
macaque:TH-EPI-Glut:47,cluster,cross_species_WB,macaque,#81E6AE,Not assessed
macaque:TH-EPI-Glut:48,cluster,cross_species_WB,macaque,#50E27E,Not assessed
macaque:TH-EPI-Glut:49,cluster,cross_species_WB,macaque,#80E6AD,Not assessed
macaque:TH-EPI-Glut:5,cluster,cross_species_WB,macaque,#45E273,Not assessed
macaque:TH-EPI-Glut:50,cluster,cross_species_WB,macaque,#A0DF93,Not assessed
macaque:TH-EPI-Glut:51,cluster,cross_species_WB,macaque,#51E27F,Not assessed
macaque:TH-EPI-Glut:52,cluster,cross_species_WB,macaque,#5C90D1,Not assessed
macaque:TH-EPI-Glut:53,cluster,cross_species_WB,macaque,#2E86BB,Not assessed
macaque:TH-EPI-Glut:54,cluster,cross_species_WB,macaque,#7FE6AC,Not assessed
macaque:TH-EPI-Glut:55,cluster,cross_species_WB,macaque,#598FD0,Not assessed
macaque:TH-EPI-Glut:56,cluster,cross_species_WB,macaque,#D28FA6,Not assessed
macaque:TH-EPI-Glut:57,cluster,cross_species_WB,macaque,#2F87BE,Not assessed
macaque:TH-EPI-Glut:58,cluster,cross_species_WB,macaque,#027A01,Not assessed
macaque:TH-EPI-Glut:59,cluster,cross_species_WB,macaque,#1FF5B0,Not assessed
macaque:TH-EPI-Glut:6,cluster,cross_species_WB,macaque,#FE8D94,Not assessed
macaque:TH-EPI-Glut:60,cluster,cross_species_WB,macaque,#C76796,Not assessed
macaque:TH-EPI-Glut:61,cluster,cross_species_WB,macaque,#D18DA6,Not assessed
macaque:TH-EPI-Glut:62,cluster,cross_species_WB,macaque,#0A5400,Not assessed
macaque:TH-EPI-Glut:63,cluster,cross_species_WB,macaque,#578193,Not assessed
macaque:TH-EPI-Glut:64,cluster,cross_species_WB,macaque,#B3FED6,Not assessed
macaque:TH-EPI-Glut:65,cluster,cross_species_WB,macaque,#B2FFCB,Not assessed
macaque:TH-EPI-Glut:66,cluster,cross_species_WB,macaque,#B3FED5,Not assessed
macaque:TH-EPI-Glut:67,cluster,cross_species_WB,macaque,#98F7E4,Not assessed
macaque:TH-EPI-Glut:68,cluster,cross_species_WB,macaque,#71FFFB,Not assessed
macaque:TH-EPI-Glut:69,cluster,cross_species_WB,macaque,#C86997,Not assessed
macaque:TH-EPI-Glut:7,cluster,cross_species_WB,macaque,#8AE7B5,Not assessed
macaque:TH-EPI-Glut:70,cluster,cross_species_WB,macaque,#A8F7EC,Not assessed
macaque:TH-EPI-Glut:71,cluster,cross_species_WB,macaque,#08FFEB,Not assessed
macaque:TH-EPI-Glut:72,cluster,cross_species_WB,macaque,#8EF8FE,Not assessed
macaque:TH-EPI-Glut:73,cluster,cross_species_WB,macaque,#74FFFC,Not assessed
macaque:TH-EPI-Glut:74,cluster,cross_species_WB,macaque,#8BF9FE,Not assessed
macaque:TH-EPI-Glut:75,cluster,cross_species_WB,macaque,#76FFFE,Not assessed
macaque:TH-EPI-Glut:76,cluster,cross_species_WB,macaque,#46EFFD,Not assessed
macaque:TH-EPI-Glut:77,cluster,cross_species_WB,macaque,#88FAFF,Not assessed
macaque:TH-EPI-Glut:78,cluster,cross_species_WB,macaque,#3FF4CA,Not assessed
macaque:TH-EPI-Glut:79,cluster,cross_species_WB,macaque,#22F4B3,Not assessed
macaque:TH-EPI-Glut:8,cluster,cross_species_WB,macaque,#46E274,Not assessed
macaque:TH-EPI-Glut:80,cluster,cross_species_WB,macaque,#0AFFEC,Not assessed
macaque:TH-EPI-Glut:81,cluster,cross_species_WB,macaque,#B2FFCB,Not assessed
macaque:TH-EPI-Glut:82,cluster,cross_species_WB,macaque,#44F0FD,Not assessed
macaque:TH-EPI-Glut:83,cluster,cross_species_WB,macaque,#B3FED5,Not assessed
macaque:TH-EPI-Glut:84,cluster,cross_species_WB,macaque,#B2FFCC,Not assessed
macaque:TH-EPI-Glut:85,cluster,cross_species_WB,macaque,#9BF7E6,Not assessed
macaque:TH-EPI-Glut:86,cluster,cross_species_WB,macaque,#B3FED5,Not assessed
macaque:TH-EPI-Glut:87,cluster,cross_species_WB,macaque,#B2FFCC,Not assessed
macaque:TH-EPI-Glut:88,cluster,cross_species_WB,macaque,#B3FED4,Not assessed
macaque:TH-EPI-Glut:89,cluster,cross_species_WB,macaque,#51E280,Not assessed
macaque:TH-EPI-Glut:9,cluster,cross_species_WB,macaque,#89E7B5,Not assessed
macaque:TH-EPI-Glut:90,cluster,cross_species_WB,macaque,#79FFFF,Not assessed
macaque:TH-EPI-Glut:91,cluster,cross_species_WB,macaque,#85FBFF,Not assessed
macaque:TH-EPI-Glut:92,cluster,cross_species_WB,macaque,#0DFFEE,Not assessed
macaque:TH-EPI-Glut:93,cluster,cross_species_WB,macaque,#7EE6AB,Not assessed
macaque:TH-EPI-Glut:94,cluster,cross_species_WB,macaque,#41F2FD,Not assessed
macaque:TH-EPI-Glut:95,cluster,cross_species_WB,macaque,#0FFFEF,Not assessed
macaque:TH-EPI-Glut:96,cluster,cross_species_WB,macaque,#3FF3FD,Not assessed
macaque:TH-EPI-Glut:97,cluster,cross_species_WB,macaque,#11FFF1,Not assessed
macaque:TH-EPI-Glut:98,cluster,cross_species_WB,macaque,#3CF4FD,Not assessed
macaque:TH-EPI-Glut:99,cluster,cross_species_WB,macaque,#14FFF3,Not assessed
marmoset:HY-EA-Glut-GABA:1,cluster,cross_species_WB,marmoset,#3D189E,Not assessed
marmoset:HY-EA-Glut-GABA:10,cluster,cross_species_WB,marmoset,#0293DF,Not assessed
marmoset:HY-EA-Glut-GABA:100,cluster,cross_species_WB,marmoset,#B900D2,Not assessed
marmoset:HY-EA-Glut-GABA:101,cluster,cross_species_WB,marmoset,#B100CC,Not assessed
marmoset:HY-EA-Glut-GABA:102,cluster,cross_species_WB,marmoset,#63340E,Not assessed
marmoset:HY-EA-Glut-GABA:103,cluster,cross_species_WB,marmoset,#59116F,Not assessed
marmoset:HY-EA-Glut-GABA:104,cluster,cross_species_WB,marmoset,#C8FD35,Not assessed
marmoset:HY-EA-Glut-GABA:105,cluster,cross_species_WB,marmoset,#C5FC49,Not assessed
marmoset:HY-EA-Glut-GABA:106,cluster,cross_species_WB,marmoset,#500F66,Not assessed
marmoset:HY-EA-Glut-GABA:107,cluster,cross_species_WB,marmoset,#FFAF6E,Not assessed
marmoset:HY-EA-Glut-GABA:108,cluster,cross_species_WB,marmoset,#D62294,Not assessed
marmoset:HY-EA-Glut-GABA:109,cluster,cross_species_WB,marmoset,#38415F,Not assessed
marmoset:HY-EA-Glut-GABA:11,cluster,cross_species_WB,marmoset,#599691,Not assessed
marmoset:HY-EA-Glut-GABA:110,cluster,cross_species_WB,marmoset,#43496D,Not assessed
marmoset:HY-EA-Glut-GABA:111,cluster,cross_species_WB,marmoset,#FF73C8,Not assessed
marmoset:HY-EA-Glut-GABA:112,cluster,cross_species_WB,marmoset,#394260,Not assessed
marmoset:HY-EA-Glut-GABA:113,cluster,cross_species_WB,marmoset,#A23201,Not assessed
marmoset:HY-EA-Glut-GABA:114,cluster,cross_species_WB,marmoset,#6CFAFF,Not assessed
marmoset:HY-EA-Glut-GABA:115,cluster,cross_species_WB,marmoset,#922500,Not assessed
marmoset:HY-EA-Glut-GABA:116,cluster,cross_species_WB,marmoset,#9F2F00,Not assessed
marmoset:HY-EA-Glut-GABA:117,cluster,cross_species_WB,marmoset,#962800,Not assessed
marmoset:HY-EA-Glut-GABA:118,cluster,cross_species_WB,marmoset,#9C2D00,Not assessed
marmoset:HY-EA-Glut-GABA:119,cluster,cross_species_WB,marmoset,#226D47,Not assessed
marmoset:HY-EA-Glut-GABA:12,cluster,cross_species_WB,marmoset,#3E3470,Not assessed
marmoset:HY-EA-Glut-GABA:120,cluster,cross_species_WB,marmoset,#992A00,Not assessed
marmoset:HY-EA-Glut-GABA:121,cluster,cross_species_WB,marmoset,#7BF6FF,Not assessed
marmoset:HY-EA-Glut-GABA:122,cluster,cross_species_WB,marmoset,#1E643F,Not assessed
marmoset:HY-EA-Glut-GABA:123,cluster,cross_species_WB,marmoset,#73F8FF,Not assessed
marmoset:HY-EA-Glut-GABA:124,cluster,cross_species_WB,marmoset,#206843,Not assessed
marmoset:HY-EA-Glut-GABA:125,cluster,cross_species_WB,marmoset,#1EFFA5,Not assessed
marmoset:HY-EA-Glut-GABA:126,cluster,cross_species_WB,marmoset,#5FD2B5,Not assessed
marmoset:HY-EA-Glut-GABA:127,cluster,cross_species_WB,marmoset,#FFB978,Not assessed
marmoset:HY-EA-Glut-GABA:128,cluster,cross_species_WB,marmoset,#74FF53,Not assessed
marmoset:HY-EA-Glut-GABA:129,cluster,cross_species_WB,marmoset,#FFB271,Not assessed
marmoset:HY-EA-Glut-GABA:13,cluster,cross_species_WB,marmoset,#5F9C99,Not assessed
marmoset:HY-EA-Glut-GABA:130,cluster,cross_species_WB,marmoset,#693810,Not assessed
marmoset:HY-EA-Glut-GABA:131,cluster,cross_species_WB,marmoset,#71FF4D,Not assessed
marmoset:HY-EA-Glut-GABA:132,cluster,cross_species_WB,marmoset,#49004F,Not assessed
marmoset:HY-EA-Glut-GABA:133,cluster,cross_species_WB,marmoset,#530057,Not assessed
marmoset:HY-EA-Glut-GABA:134,cluster,cross_species_WB,marmoset,#4E0053,Not assessed
marmoset:HY-EA-Glut-GABA:135,cluster,cross_species_WB,marmoset,#EEFF91,Not assessed
marmoset:HY-EA-Glut-GABA:136,cluster,cross_species_WB,marmoset,#CBB358,Not assessed
marmoset:HY-EA-Glut-GABA:137,cluster,cross_species_WB,marmoset,#56CBAD,Not assessed
marmoset:HY-EA-Glut-GABA:138,cluster,cross_species_WB,marmoset,#ECFFA1,Not assessed
marmoset:HY-EA-Glut-GABA:139,cluster,cross_species_WB,marmoset,#00C8EF,Not assessed
marmoset:HY-EA-Glut-GABA:14,cluster,cross_species_WB,marmoset,#5C9995,Not assessed
marmoset:HY-EA-Glut-GABA:140,cluster,cross_species_WB,marmoset,#00CE6D,Not assessed
marmoset:HY-EA-Glut-GABA:141,cluster,cross_species_WB,marmoset,#1901D5,Not assessed
marmoset:HY-EA-Glut-GABA:142,cluster,cross_species_WB,marmoset,#0D00C5,Not assessed
marmoset:HY-EA-Glut-GABA:143,cluster,cross_species_WB,marmoset,#1601D2,Not assessed
marmoset:HY-EA-Glut-GABA:144,cluster,cross_species_WB,marmoset,#0F00C9,Not assessed
marmoset:HY-EA-Glut-GABA:145,cluster,cross_species_WB,marmoset,#1400CF,Not assessed
marmoset:HY-EA-Glut-GABA:146,cluster,cross_species_WB,marmoset,#55FFBA,Not assessed
marmoset:HY-EA-Glut-GABA:147,cluster,cross_species_WB,marmoset,#4AFFB2,Not assessed
marmoset:HY-EA-Glut-GABA:148,cluster,cross_species_WB,marmoset,#50FFB6,Not assessed
marmoset:HY-EA-Glut-GABA:149,cluster,cross_species_WB,marmoset,#62CDB5,Not assessed
marmoset:HY-EA-Glut-GABA:15,cluster,cross_species_WB,marmoset,#008ECC,Not assessed
marmoset:HY-EA-Glut-GABA:150,cluster,cross_species_WB,marmoset,#1100CC,Not assessed
marmoset:HY-EA-Glut-GABA:151,cluster,cross_species_WB,marmoset,#989D00,Not assessed
marmoset:HY-EA-Glut-GABA:152,cluster,cross_species_WB,marmoset,#FE094F,Not assessed
marmoset:HY-EA-Glut-GABA:153,cluster,cross_species_WB,marmoset,#FA0051,Not assessed
marmoset:HY-EA-Glut-GABA:154,cluster,cross_species_WB,marmoset,#FE064F,Not assessed
marmoset:HY-EA-Glut-GABA:155,cluster,cross_species_WB,marmoset,#FC0050,Not assessed
marmoset:HY-EA-Glut-GABA:156,cluster,cross_species_WB,marmoset,#C61D91,Not assessed
marmoset:HY-EA-Glut-GABA:157,cluster,cross_species_WB,marmoset,#D22193,Not assessed
marmoset:HY-EA-Glut-GABA:158,cluster,cross_species_WB,marmoset,#CA1E92,Not assessed
marmoset:HY-EA-Glut-GABA:159,cluster,cross_species_WB,marmoset,#FE4D7F,Not assessed
marmoset:HY-EA-Glut-GABA:16,cluster,cross_species_WB,marmoset,#2E295D,Not assessed
marmoset:HY-EA-Glut-GABA:160,cluster,cross_species_WB,marmoset,#C9481E,Not assessed
marmoset:HY-EA-Glut-GABA:161,cluster,cross_species_WB,marmoset,#CF4E20,Not assessed
marmoset:HY-EA-Glut-GABA:162,cluster,cross_species_WB,marmoset,#CC4B1F,Not assessed
marmoset:HY-EA-Glut-GABA:163,cluster,cross_species_WB,marmoset,#2EFEB4,Not assessed
marmoset:HY-EA-Glut-GABA:164,cluster,cross_species_WB,marmoset,#21FFA8,Not assessed
marmoset:HY-EA-Glut-GABA:165,cluster,cross_species_WB,marmoset,#322C63,Not assessed
marmoset:HY-EA-Glut-GABA:166,cluster,cross_species_WB,marmoset,#CC4077,Not assessed
marmoset:HY-EA-Glut-GABA:167,cluster,cross_species_WB,marmoset,#383069,Not assessed
marmoset:HY-EA-Glut-GABA:168,cluster,cross_species_WB,marmoset,#2BFFB2,Not assessed
marmoset:HY-EA-Glut-GABA:169,cluster,cross_species_WB,marmoset,#11C4FE,Not assessed
marmoset:HY-EA-Glut-GABA:17,cluster,cross_species_WB,marmoset,#3D336F,Not assessed
marmoset:HY-EA-Glut-GABA:170,cluster,cross_species_WB,marmoset,#00C9F4,Not assessed
marmoset:HY-EA-Glut-GABA:171,cluster,cross_species_WB,marmoset,#332D64,Not assessed
marmoset:HY-EA-Glut-GABA:172,cluster,cross_species_WB,marmoset,#0CC6FE,Not assessed
marmoset:HY-EA-Glut-GABA:173,cluster,cross_species_WB,marmoset,#372F68,Not assessed
marmoset:HY-EA-Glut-GABA:174,cluster,cross_species_WB,marmoset,#9C0064,Not assessed
marmoset:HY-EA-Glut-GABA:175,cluster,cross_species_WB,marmoset,#980063,Not assessed
marmoset:HY-EA-Glut-GABA:176,cluster,cross_species_WB,marmoset,#9A0063,Not assessed
marmoset:HY-EA-Glut-GABA:177,cluster,cross_species_WB,marmoset,#65350F,Not assessed
marmoset:HY-EA-Glut-GABA:178,cluster,cross_species_WB,marmoset,#67370F,Not assessed
marmoset:HY-EA-Glut-GABA:179,cluster,cross_species_WB,marmoset,#CDB960,Not assessed
marmoset:HY-EA-Glut-GABA:18,cluster,cross_species_WB,marmoset,#2F2A5F,Not assessed
marmoset:HY-EA-Glut-GABA:180,cluster,cross_species_WB,marmoset,#CCB65C,Not assessed
marmoset:HY-EA-Glut-GABA:181,cluster,cross_species_WB,marmoset,#FAFF53,Not assessed
marmoset:HY-EA-Glut-GABA:182,cluster,cross_species_WB,marmoset,#C7FC3C,Not assessed
marmoset:HY-EA-Glut-GABA:183,cluster,cross_species_WB,marmoset,#C5FC42,Not assessed
marmoset:HY-EA-Glut-GABA:184,cluster,cross_species_WB,marmoset,#303F6A,Not assessed
marmoset:HY-EA-Glut-GABA:185,cluster,cross_species_WB,marmoset,#BB7ACC,Not assessed
marmoset:HY-EA-Glut-GABA:186,cluster,cross_species_WB,marmoset,#553D66,Not assessed
marmoset:HY-EA-Glut-GABA:187,cluster,cross_species_WB,marmoset,#79BACC,Not assessed
marmoset:HY-EA-Glut-GABA:188,cluster,cross_species_WB,marmoset,#57AFF3,Not assessed
marmoset:HY-EA-Glut-GABA:189,cluster,cross_species_WB,marmoset,#7BBACC,Not assessed
marmoset:HY-EA-Glut-GABA:19,cluster,cross_species_WB,marmoset,#3B326D,Not assessed
marmoset:HY-EA-Glut-GABA:190,cluster,cross_species_WB,marmoset,#2E3D66,Not assessed
marmoset:HY-EA-Glut-GABA:191,cluster,cross_species_WB,marmoset,#EEFF94,Not assessed
marmoset:HY-EA-Glut-GABA:192,cluster,cross_species_WB,marmoset,#FF2377,Not assessed
marmoset:HY-EA-Glut-GABA:193,cluster,cross_species_WB,marmoset,#FF2977,Not assessed
marmoset:HY-EA-Glut-GABA:194,cluster,cross_species_WB,marmoset,#ECFF9E,Not assessed
marmoset:HY-EA-Glut-GABA:195,cluster,cross_species_WB,marmoset,#EDFF96,Not assessed
marmoset:HY-EA-Glut-GABA:196,cluster,cross_species_WB,marmoset,#EDFF9C,Not assessed
marmoset:HY-EA-Glut-GABA:197,cluster,cross_species_WB,marmoset,#640F59,Not assessed
marmoset:HY-EA-Glut-GABA:198,cluster,cross_species_WB,marmoset,#EDFF99,Not assessed
marmoset:HY-EA-Glut-GABA:199,cluster,cross_species_WB,marmoset,#680F5B,Not assessed
marmoset:HY-EA-Glut-GABA:2,cluster,cross_species_WB,marmoset,#2D285C,Not assessed
marmoset:HY-EA-Glut-GABA:20,cluster,cross_species_WB,marmoset,#6DFF41,Not assessed
marmoset:HY-EA-Glut-GABA:200,cluster,cross_species_WB,marmoset,#2F6600,Not assessed
marmoset:HY-EA-Glut-GABA:201,cluster,cross_species_WB,marmoset,#41486C,Not assessed
marmoset:HY-EA-Glut-GABA:202,cluster,cross_species_WB,marmoset,#3A4362,Not assessed
marmoset:HY-EA-Glut-GABA:203,cluster,cross_species_WB,marmoset,#FFB675,Not assessed
marmoset:HY-EA-Glut-GABA:204,cluster,cross_species_WB,marmoset,#27FFEF,Not assessed
marmoset:HY-EA-Glut-GABA:205,cluster,cross_species_WB,marmoset,#40476A,Not assessed
marmoset:HY-EA-Glut-GABA:206,cluster,cross_species_WB,marmoset,#CE2092,Not assessed
marmoset:HY-EA-Glut-GABA:207,cluster,cross_species_WB,marmoset,#2DFFF3,Not assessed
marmoset:HY-EA-Glut-GABA:208,cluster,cross_species_WB,marmoset,#3B4464,Not assessed
marmoset:HY-EA-Glut-GABA:209,cluster,cross_species_WB,marmoset,#23FFAB,Not assessed
marmoset:HY-EA-Glut-GABA:21,cluster,cross_species_WB,marmoset,#76FE59,Not assessed
marmoset:HY-EA-Glut-GABA:210,cluster,cross_species_WB,marmoset,#3F4668,Not assessed
marmoset:HY-EA-Glut-GABA:211,cluster,cross_species_WB,marmoset,#29FFAF,Not assessed
marmoset:HY-EA-Glut-GABA:212,cluster,cross_species_WB,marmoset,#2D644B,Not assessed
marmoset:HY-EA-Glut-GABA:213,cluster,cross_species_WB,marmoset,#3C4565,Not assessed
marmoset:HY-EA-Glut-GABA:214,cluster,cross_species_WB,marmoset,#3E4567,Not assessed
marmoset:HY-EA-Glut-GABA:215,cluster,cross_species_WB,marmoset,#26FFAD,Not assessed
marmoset:HY-EA-Glut-GABA:216,cluster,cross_species_WB,marmoset,#99E7E6,Not assessed
marmoset:HY-EA-Glut-GABA:217,cluster,cross_species_WB,marmoset,#5CCCB1,Not assessed
marmoset:HY-EA-Glut-GABA:218,cluster,cross_species_WB,marmoset,#FF034F,Not assessed
marmoset:HY-EA-Glut-GABA:219,cluster,cross_species_WB,marmoset,#342E65,Not assessed
marmoset:HY-EA-Glut-GABA:22,cluster,cross_species_WB,marmoset,#A47201,Not assessed
marmoset:HY-EA-Glut-GABA:220,cluster,cross_species_WB,marmoset,#FF004F,Not assessed
marmoset:HY-EA-Glut-GABA:221,cluster,cross_species_WB,marmoset,#362E67,Not assessed
marmoset:HY-EA-Glut-GABA:222,cluster,cross_species_WB,marmoset,#FCFF4D,Not assessed
marmoset:HY-EA-Glut-GABA:223,cluster,cross_species_WB,marmoset,#9B5E71,Not assessed
marmoset:HY-EA-Glut-GABA:224,cluster,cross_species_WB,marmoset,#67682F,Not assessed
marmoset:HY-EA-Glut-GABA:225,cluster,cross_species_WB,marmoset,#2F684F,Not assessed
marmoset:HY-EA-Glut-GABA:226,cluster,cross_species_WB,marmoset,#00CAFA,Not assessed
marmoset:HY-EA-Glut-GABA:227,cluster,cross_species_WB,marmoset,#06C9FF,Not assessed
marmoset:HY-EA-Glut-GABA:228,cluster,cross_species_WB,marmoset,#00CBFF,Not assessed
marmoset:HY-EA-Glut-GABA:23,cluster,cross_species_WB,marmoset,#900061,Not assessed
marmoset:HY-EA-Glut-GABA:24,cluster,cross_species_WB,marmoset,#9F6274,Not assessed
marmoset:HY-EA-Glut-GABA:25,cluster,cross_species_WB,marmoset,#A10165,Not assessed
marmoset:HY-EA-Glut-GABA:26,cluster,cross_species_WB,marmoset,#930061,Not assessed
marmoset:HY-EA-Glut-GABA:27,cluster,cross_species_WB,marmoset,#6E3D11,Not assessed
marmoset:HY-EA-Glut-GABA:28,cluster,cross_species_WB,marmoset,#5F310E,Not assessed
marmoset:HY-EA-Glut-GABA:29,cluster,cross_species_WB,marmoset,#6C3C10,Not assessed
marmoset:HY-EA-Glut-GABA:3,cluster,cross_species_WB,marmoset,#59406A,Not assessed
marmoset:HY-EA-Glut-GABA:30,cluster,cross_species_WB,marmoset,#61320E,Not assessed
marmoset:HY-EA-Glut-GABA:31,cluster,cross_species_WB,marmoset,#C9AB4D,Not assessed
marmoset:HY-EA-Glut-GABA:32,cluster,cross_species_WB,marmoset,#CFC06B,Not assessed
marmoset:HY-EA-Glut-GABA:33,cluster,cross_species_WB,marmoset,#CAAE50,Not assessed
marmoset:HY-EA-Glut-GABA:34,cluster,cross_species_WB,marmoset,#CEBE67,Not assessed
marmoset:HY-EA-Glut-GABA:35,cluster,cross_species_WB,marmoset,#98FF46,Not assessed
marmoset:HY-EA-Glut-GABA:36,cluster,cross_species_WB,marmoset,#FFB545,Not assessed
marmoset:HY-EA-Glut-GABA:37,cluster,cross_species_WB,marmoset,#9AFF55,Not assessed
marmoset:HY-EA-Glut-GABA:38,cluster,cross_species_WB,marmoset,#FEC256,Not assessed
marmoset:HY-EA-Glut-GABA:39,cluster,cross_species_WB,marmoset,#99FF4B,Not assessed
marmoset:HY-EA-Glut-GABA:4,cluster,cross_species_WB,marmoset,#19FFA0,Not assessed
marmoset:HY-EA-Glut-GABA:40,cluster,cross_species_WB,marmoset,#FFBA4A,Not assessed
marmoset:HY-EA-Glut-GABA:41,cluster,cross_species_WB,marmoset,#FFBE50,Not assessed
marmoset:HY-EA-Glut-GABA:42,cluster,cross_species_WB,marmoset,#CBB154,Not assessed
marmoset:HY-EA-Glut-GABA:43,cluster,cross_species_WB,marmoset,#302A60,Not assessed
marmoset:HY-EA-Glut-GABA:44,cluster,cross_species_WB,marmoset,#99FF50,Not assessed
marmoset:HY-EA-Glut-GABA:45,cluster,cross_species_WB,marmoset,#3A326C,Not assessed
marmoset:HY-EA-Glut-GABA:46,cluster,cross_species_WB,marmoset,#312B61,Not assessed
marmoset:HY-EA-Glut-GABA:47,cluster,cross_species_WB,marmoset,#39316B,Not assessed
marmoset:HY-EA-Glut-GABA:48,cluster,cross_species_WB,marmoset,#6B3A10,Not assessed
marmoset:HY-EA-Glut-GABA:49,cluster,cross_species_WB,marmoset,#A049CE,Not assessed
marmoset:HY-EA-Glut-GABA:5,cluster,cross_species_WB,marmoset,#34FEB9,Not assessed
marmoset:HY-EA-Glut-GABA:50,cluster,cross_species_WB,marmoset,#973DCC,Not assessed
marmoset:HY-EA-Glut-GABA:51,cluster,cross_species_WB,marmoset,#975A6F,Not assessed
marmoset:HY-EA-Glut-GABA:52,cluster,cross_species_WB,marmoset,#CC3A75,Not assessed
marmoset:HY-EA-Glut-GABA:53,cluster,cross_species_WB,marmoset,#5C005F,Not assessed
marmoset:HY-EA-Glut-GABA:54,cluster,cross_species_WB,marmoset,#33106C,Not assessed
marmoset:HY-EA-Glut-GABA:55,cluster,cross_species_WB,marmoset,#2E0F66,Not assessed
marmoset:HY-EA-Glut-GABA:56,cluster,cross_species_WB,marmoset,#FEFF48,Not assessed
marmoset:HY-EA-Glut-GABA:57,cluster,cross_species_WB,marmoset,#46004C,Not assessed
marmoset:HY-EA-Glut-GABA:58,cluster,cross_species_WB,marmoset,#57005B,Not assessed
marmoset:HY-EA-Glut-GABA:59,cluster,cross_species_WB,marmoset,#9F0064,Not assessed
marmoset:HY-EA-Glut-GABA:6,cluster,cross_species_WB,marmoset,#1CFFA3,Not assessed
marmoset:HY-EA-Glut-GABA:60,cluster,cross_species_WB,marmoset,#950062,Not assessed
marmoset:HY-EA-Glut-GABA:61,cluster,cross_species_WB,marmoset,#2D9654,Not assessed
marmoset:HY-EA-Glut-GABA:62,cluster,cross_species_WB,marmoset,#26C2FF,Not assessed
marmoset:HY-EA-Glut-GABA:63,cluster,cross_species_WB,marmoset,#2F9C5A,Not assessed
marmoset:HY-EA-Glut-GABA:64,cluster,cross_species_WB,marmoset,#00C462,Not assessed
marmoset:HY-EA-Glut-GABA:65,cluster,cross_species_WB,marmoset,#01D372,Not assessed
marmoset:HY-EA-Glut-GABA:66,cluster,cross_species_WB,marmoset,#00C967,Not assessed
marmoset:HY-EA-Glut-GABA:67,cluster,cross_species_WB,marmoset,#2E9957,Not assessed
marmoset:HY-EA-Glut-GABA:68,cluster,cross_species_WB,marmoset,#936000,Not assessed
marmoset:HY-EA-Glut-GABA:69,cluster,cross_species_WB,marmoset,#45FFAD,Not assessed
marmoset:HY-EA-Glut-GABA:7,cluster,cross_species_WB,marmoset,#79CFD0,Not assessed
marmoset:HY-EA-Glut-GABA:70,cluster,cross_species_WB,marmoset,#6FFF47,Not assessed
marmoset:HY-EA-Glut-GABA:71,cluster,cross_species_WB,marmoset,#9F6C00,Not assessed
marmoset:HY-EA-Glut-GABA:72,cluster,cross_species_WB,marmoset,#996600,Not assessed
marmoset:HY-EA-Glut-GABA:73,cluster,cross_species_WB,marmoset,#F40053,Not assessed
marmoset:HY-EA-Glut-GABA:74,cluster,cross_species_WB,marmoset,#9CA401,Not assessed
marmoset:HY-EA-Glut-GABA:75,cluster,cross_species_WB,marmoset,#949700,Not assessed
marmoset:HY-EA-Glut-GABA:76,cluster,cross_species_WB,marmoset,#FE0C4F,Not assessed
marmoset:HY-EA-Glut-GABA:77,cluster,cross_species_WB,marmoset,#F70052,Not assessed
marmoset:HY-EA-Glut-GABA:78,cluster,cross_species_WB,marmoset,#95EFB3,Not assessed
marmoset:HY-EA-Glut-GABA:79,cluster,cross_species_WB,marmoset,#75CFCF,Not assessed
marmoset:HY-EA-Glut-GABA:8,cluster,cross_species_WB,marmoset,#31FEB6,Not assessed
marmoset:HY-EA-Glut-GABA:80,cluster,cross_species_WB,marmoset,#664DFF,Not assessed
marmoset:HY-EA-Glut-GABA:81,cluster,cross_species_WB,marmoset,#51AFF3,Not assessed
marmoset:HY-EA-Glut-GABA:82,cluster,cross_species_WB,marmoset,#2C3B62,Not assessed
marmoset:HY-EA-Glut-GABA:83,cluster,cross_species_WB,marmoset,#BF80CE,Not assessed
marmoset:HY-EA-Glut-GABA:84,cluster,cross_species_WB,marmoset,#81BBCE,Not assessed
marmoset:HY-EA-Glut-GABA:85,cluster,cross_species_WB,marmoset,#76B9CB,Not assessed
marmoset:HY-EA-Glut-GABA:86,cluster,cross_species_WB,marmoset,#64642D,Not assessed
marmoset:HY-EA-Glut-GABA:87,cluster,cross_species_WB,marmoset,#CDBB64,Not assessed
marmoset:HY-EA-Glut-GABA:88,cluster,cross_species_WB,marmoset,#1C5F3B,Not assessed
marmoset:HY-EA-Glut-GABA:89,cluster,cross_species_WB,marmoset,#7EBBCD,Not assessed
marmoset:HY-EA-Glut-GABA:9,cluster,cross_species_WB,marmoset,#71CFCE,Not assessed
marmoset:HY-EA-Glut-GABA:90,cluster,cross_species_WB,marmoset,#6600D1,Not assessed
marmoset:HY-EA-Glut-GABA:91,cluster,cross_species_WB,marmoset,#ECFFA7,Not assessed
marmoset:HY-EA-Glut-GABA:92,cluster,cross_species_WB,marmoset,#934AA1,Not assessed
marmoset:HY-EA-Glut-GABA:93,cluster,cross_species_WB,marmoset,#894599,Not assessed
marmoset:HY-EA-Glut-GABA:94,cluster,cross_species_WB,marmoset,#600E56,Not assessed
marmoset:HY-EA-Glut-GABA:95,cluster,cross_species_WB,marmoset,#6100CC,Not assessed
marmoset:HY-EA-Glut-GABA:96,cluster,cross_species_WB,marmoset,#6C105E,Not assessed
marmoset:HY-EA-Glut-GABA:97,cluster,cross_species_WB,marmoset,#EFFF8E,Not assessed
marmoset:HY-EA-Glut-GABA:98,cluster,cross_species_WB,marmoset,#ECFFA4,Not assessed
marmoset:HY-EA-Glut-GABA:99,cluster,cross_species_WB,marmoset,#A800C5,Not assessed
marmoset:MB-HB:1,cluster,cross_species_WB,marmoset,#BBCE4C,Not assessed
marmoset:MB-HB:10,cluster,cross_species_WB,marmoset,#7ECF6B,Not assessed
marmoset:MB-HB:100,cluster,cross_species_WB,marmoset,#6FAEA3,Not assessed
marmoset:MB-HB:1000,cluster,cross_species_WB,marmoset,#C7FF9B,Not assessed
marmoset:MB-HB:1001,cluster,cross_species_WB,marmoset,#FF9922,Not assessed
marmoset:MB-HB:1002,cluster,cross_species_WB,marmoset,#879716,Not assessed
marmoset:MB-HB:1003,cluster,cross_species_WB,marmoset,#CD44A3,Not assessed
marmoset:MB-HB:1004,cluster,cross_species_WB,marmoset,#9A79CC,Not assessed
marmoset:MB-HB:1005,cluster,cross_species_WB,marmoset,#899B18,Not assessed
marmoset:MB-HB:1006,cluster,cross_species_WB,marmoset,#889817,Not assessed
marmoset:MB-HB:1007,cluster,cross_species_WB,marmoset,#326874,Not assessed
marmoset:MB-HB:1008,cluster,cross_species_WB,marmoset,#FFA12A,Not assessed
marmoset:MB-HB:1009,cluster,cross_species_WB,marmoset,#9C7BCC,Not assessed
marmoset:MB-HB:101,cluster,cross_species_WB,marmoset,#67AB9D,Not assessed
marmoset:MB-HB:1010,cluster,cross_species_WB,marmoset,#CC3BA3,Not assessed
marmoset:MB-HB:1011,cluster,cross_species_WB,marmoset,#FF9D26,Not assessed
marmoset:MB-HB:1012,cluster,cross_species_WB,marmoset,#CC3FA3,Not assessed
marmoset:MB-HB:1013,cluster,cross_species_WB,marmoset,#889A17,Not assessed
marmoset:MB-HB:102,cluster,cross_species_WB,marmoset,#CA7379,Not assessed
marmoset:MB-HB:103,cluster,cross_species_WB,marmoset,#CE8183,Not assessed
marmoset:MB-HB:104,cluster,cross_species_WB,marmoset,#160274,Not assessed
marmoset:MB-HB:105,cluster,cross_species_WB,marmoset,#772C95,Not assessed
marmoset:MB-HB:106,cluster,cross_species_WB,marmoset,#81309D,Not assessed
marmoset:MB-HB:107,cluster,cross_species_WB,marmoset,#6547A3,Not assessed
marmoset:MB-HB:108,cluster,cross_species_WB,marmoset,#74010E,Not assessed
marmoset:MB-HB:109,cluster,cross_species_WB,marmoset,#64A06E,Not assessed
marmoset:MB-HB:11,cluster,cross_species_WB,marmoset,#71CA50,Not assessed
marmoset:MB-HB:110,cluster,cross_species_WB,marmoset,#590011,Not assessed
marmoset:MB-HB:111,cluster,cross_species_WB,marmoset,#3F608F,Not assessed
marmoset:MB-HB:112,cluster,cross_species_WB,marmoset,#243B72,Not assessed
marmoset:MB-HB:113,cluster,cross_species_WB,marmoset,#4B68A3,Not assessed
marmoset:MB-HB:114,cluster,cross_species_WB,marmoset,#416192,Not assessed
marmoset:MB-HB:115,cluster,cross_species_WB,marmoset,#49679F,Not assessed
marmoset:MB-HB:116,cluster,cross_species_WB,marmoset,#BBCD46,Not assessed
marmoset:MB-HB:117,cluster,cross_species_WB,marmoset,#B7D072,Not assessed
marmoset:MB-HB:118,cluster,cross_species_WB,marmoset,#2109F8,Not assessed
marmoset:MB-HB:119,cluster,cross_species_WB,marmoset,#80FFD6,Not assessed
marmoset:MB-HB:12,cluster,cross_species_WB,marmoset,#7CCE67,Not assessed
marmoset:MB-HB:120,cluster,cross_species_WB,marmoset,#B3FEEF,Not assessed
marmoset:MB-HB:121,cluster,cross_species_WB,marmoset,#82FFD7,Not assessed
marmoset:MB-HB:122,cluster,cross_species_WB,marmoset,#B1FEEE,Not assessed
marmoset:MB-HB:123,cluster,cross_species_WB,marmoset,#83FFD8,Not assessed
marmoset:MB-HB:124,cluster,cross_species_WB,marmoset,#AFFEED,Not assessed
marmoset:MB-HB:125,cluster,cross_species_WB,marmoset,#85FFD9,Not assessed
marmoset:MB-HB:126,cluster,cross_species_WB,marmoset,#AEFEED,Not assessed
marmoset:MB-HB:127,cluster,cross_species_WB,marmoset,#87FFDA,Not assessed
marmoset:MB-HB:128,cluster,cross_species_WB,marmoset,#F24F9A,Not assessed
marmoset:MB-HB:129,cluster,cross_species_WB,marmoset,#7855CB,Not assessed
marmoset:MB-HB:13,cluster,cross_species_WB,marmoset,#1B037C,Not assessed
marmoset:MB-HB:130,cluster,cross_species_WB,marmoset,#48E56C,Not assessed
marmoset:MB-HB:131,cluster,cross_species_WB,marmoset,#4CE572,Not assessed
marmoset:MB-HB:132,cluster,cross_species_WB,marmoset,#D79B22,Not assessed
marmoset:MB-HB:133,cluster,cross_species_WB,marmoset,#84CB38,Not assessed
marmoset:MB-HB:134,cluster,cross_species_WB,marmoset,#9B825E,Not assessed
marmoset:MB-HB:135,cluster,cross_species_WB,marmoset,#560097,Not assessed
marmoset:MB-HB:136,cluster,cross_species_WB,marmoset,#A4C00F,Not assessed
marmoset:MB-HB:137,cluster,cross_species_WB,marmoset,#A1B40D,Not assessed
marmoset:MB-HB:138,cluster,cross_species_WB,marmoset,#A3BE0F,Not assessed
marmoset:MB-HB:139,cluster,cross_species_WB,marmoset,#A78A1B,Not assessed
marmoset:MB-HB:14,cluster,cross_species_WB,marmoset,#BEFD3A,Not assessed
marmoset:MB-HB:140,cluster,cross_species_WB,marmoset,#8E6B14,Not assessed
marmoset:MB-HB:141,cluster,cross_species_WB,marmoset,#A4861A,Not assessed
marmoset:MB-HB:142,cluster,cross_species_WB,marmoset,#03BE3A,Not assessed
marmoset:MB-HB:143,cluster,cross_species_WB,marmoset,#BD004B,Not assessed
marmoset:MB-HB:144,cluster,cross_species_WB,marmoset,#D90144,Not assessed
marmoset:MB-HB:145,cluster,cross_species_WB,marmoset,#C0004A,Not assessed
marmoset:MB-HB:146,cluster,cross_species_WB,marmoset,#D70145,Not assessed
marmoset:MB-HB:147,cluster,cross_species_WB,marmoset,#C3004A,Not assessed
marmoset:MB-HB:148,cluster,cross_species_WB,marmoset,#2E1EC9,Not assessed
marmoset:MB-HB:149,cluster,cross_species_WB,marmoset,#581388,Not assessed
marmoset:MB-HB:15,cluster,cross_species_WB,marmoset,#D82365,Not assessed
marmoset:MB-HB:150,cluster,cross_species_WB,marmoset,#125E75,Not assessed
marmoset:MB-HB:151,cluster,cross_species_WB,marmoset,#3420CF,Not assessed
marmoset:MB-HB:152,cluster,cross_species_WB,marmoset,#0C4E59,Not assessed
marmoset:MB-HB:153,cluster,cross_species_WB,marmoset,#125D73,Not assessed
marmoset:MB-HB:154,cluster,cross_species_WB,marmoset,#0D4F5B,Not assessed
marmoset:MB-HB:155,cluster,cross_species_WB,marmoset,#115C71,Not assessed
marmoset:MB-HB:156,cluster,cross_species_WB,marmoset,#0D505D,Not assessed
marmoset:MB-HB:157,cluster,cross_species_WB,marmoset,#670064,Not assessed
marmoset:MB-HB:158,cluster,cross_species_WB,marmoset,#FF3FC9,Not assessed
marmoset:MB-HB:159,cluster,cross_species_WB,marmoset,#115B6F,Not assessed
marmoset:MB-HB:16,cluster,cross_species_WB,marmoset,#C21C67,Not assessed
marmoset:MB-HB:160,cluster,cross_species_WB,marmoset,#0D515E,Not assessed
marmoset:MB-HB:161,cluster,cross_species_WB,marmoset,#115A6D,Not assessed
marmoset:MB-HB:162,cluster,cross_species_WB,marmoset,#7A5C99,Not assessed
marmoset:MB-HB:163,cluster,cross_species_WB,marmoset,#8EFE84,Not assessed
marmoset:MB-HB:164,cluster,cross_species_WB,marmoset,#7FFF68,Not assessed
marmoset:MB-HB:165,cluster,cross_species_WB,marmoset,#4CFFA9,Not assessed
marmoset:MB-HB:166,cluster,cross_species_WB,marmoset,#8AFF7E,Not assessed
marmoset:MB-HB:167,cluster,cross_species_WB,marmoset,#81FF6E,Not assessed
marmoset:MB-HB:168,cluster,cross_species_WB,marmoset,#01FA98,Not assessed
marmoset:MB-HB:169,cluster,cross_species_WB,marmoset,#881388,Not assessed
marmoset:MB-HB:17,cluster,cross_species_WB,marmoset,#7D89D3,Not assessed
marmoset:MB-HB:170,cluster,cross_species_WB,marmoset,#6B4921,Not assessed
marmoset:MB-HB:171,cluster,cross_species_WB,marmoset,#A91B9C,Not assessed
marmoset:MB-HB:172,cluster,cross_species_WB,marmoset,#00E57D,Not assessed
marmoset:MB-HB:173,cluster,cross_species_WB,marmoset,#8A138A,Not assessed
marmoset:MB-HB:174,cluster,cross_species_WB,marmoset,#6879D4,Not assessed
marmoset:MB-HB:175,cluster,cross_species_WB,marmoset,#5C72D1,Not assessed
marmoset:MB-HB:176,cluster,cross_species_WB,marmoset,#D1FF36,Not assessed
marmoset:MB-HB:177,cluster,cross_species_WB,marmoset,#60216B,Not assessed
marmoset:MB-HB:178,cluster,cross_species_WB,marmoset,#C9FE65,Not assessed
marmoset:MB-HB:179,cluster,cross_species_WB,marmoset,#D0FF3B,Not assessed
marmoset:MB-HB:18,cluster,cross_species_WB,marmoset,#4BFE33,Not assessed
marmoset:MB-HB:180,cluster,cross_species_WB,marmoset,#388042,Not assessed
marmoset:MB-HB:181,cluster,cross_species_WB,marmoset,#CAFE60,Not assessed
marmoset:MB-HB:182,cluster,cross_species_WB,marmoset,#9C9C5F,Not assessed
marmoset:MB-HB:183,cluster,cross_species_WB,marmoset,#1A85B9,Not assessed
marmoset:MB-HB:184,cluster,cross_species_WB,marmoset,#571E64,Not assessed
marmoset:MB-HB:185,cluster,cross_species_WB,marmoset,#288DDB,Not assessed
marmoset:MB-HB:186,cluster,cross_species_WB,marmoset,#1A86BA,Not assessed
marmoset:MB-HB:187,cluster,cross_species_WB,marmoset,#00CC7F,Not assessed
marmoset:MB-HB:188,cluster,cross_species_WB,marmoset,#278DDB,Not assessed
marmoset:MB-HB:189,cluster,cross_species_WB,marmoset,#1A86BB,Not assessed
marmoset:MB-HB:19,cluster,cross_species_WB,marmoset,#C7FF15,Not assessed
marmoset:MB-HB:190,cluster,cross_species_WB,marmoset,#D96200,Not assessed
marmoset:MB-HB:191,cluster,cross_species_WB,marmoset,#258DDB,Not assessed
marmoset:MB-HB:192,cluster,cross_species_WB,marmoset,#436396,Not assessed
marmoset:MB-HB:193,cluster,cross_species_WB,marmoset,#6276D3,Not assessed
marmoset:MB-HB:194,cluster,cross_species_WB,marmoset,#1C345D,Not assessed
marmoset:MB-HB:195,cluster,cross_species_WB,marmoset,#B76E54,Not assessed
marmoset:MB-HB:196,cluster,cross_species_WB,marmoset,#67FC2B,Not assessed
marmoset:MB-HB:197,cluster,cross_species_WB,marmoset,#223A6E,Not assessed
marmoset:MB-HB:198,cluster,cross_species_WB,marmoset,#09F000,Not assessed
marmoset:MB-HB:199,cluster,cross_species_WB,marmoset,#1D3561,Not assessed
marmoset:MB-HB:2,cluster,cross_species_WB,marmoset,#05004C,Not assessed
marmoset:MB-HB:20,cluster,cross_species_WB,marmoset,#D62265,Not assessed
marmoset:MB-HB:200,cluster,cross_species_WB,marmoset,#10FE19,Not assessed
marmoset:MB-HB:201,cluster,cross_species_WB,marmoset,#08F300,Not assessed
marmoset:MB-HB:202,cluster,cross_species_WB,marmoset,#0EFE15,Not assessed
marmoset:MB-HB:203,cluster,cross_species_WB,marmoset,#06F500,Not assessed
marmoset:MB-HB:204,cluster,cross_species_WB,marmoset,#0BFE11,Not assessed
marmoset:MB-HB:205,cluster,cross_species_WB,marmoset,#080054,Not assessed
marmoset:MB-HB:206,cluster,cross_species_WB,marmoset,#150272,Not assessed
marmoset:MB-HB:207,cluster,cross_species_WB,marmoset,#FE5CC6,Not assessed
marmoset:MB-HB:208,cluster,cross_species_WB,marmoset,#429446,Not assessed
marmoset:MB-HB:209,cluster,cross_species_WB,marmoset,#FF45C8,Not assessed
marmoset:MB-HB:21,cluster,cross_species_WB,marmoset,#BEFE38,Not assessed
marmoset:MB-HB:210,cluster,cross_species_WB,marmoset,#489E50,Not assessed
marmoset:MB-HB:211,cluster,cross_species_WB,marmoset,#45994B,Not assessed
marmoset:MB-HB:212,cluster,cross_species_WB,marmoset,#FE56C6,Not assessed
marmoset:MB-HB:213,cluster,cross_species_WB,marmoset,#811BAA,Not assessed
marmoset:MB-HB:214,cluster,cross_species_WB,marmoset,#5B138A,Not assessed
marmoset:MB-HB:215,cluster,cross_species_WB,marmoset,#7E1BA8,Not assessed
marmoset:MB-HB:216,cluster,cross_species_WB,marmoset,#5D148C,Not assessed
marmoset:MB-HB:217,cluster,cross_species_WB,marmoset,#7C1AA6,Not assessed
marmoset:MB-HB:218,cluster,cross_species_WB,marmoset,#60148E,Not assessed
marmoset:MB-HB:219,cluster,cross_species_WB,marmoset,#791AA3,Not assessed
marmoset:MB-HB:22,cluster,cross_species_WB,marmoset,#C6FF16,Not assessed
marmoset:MB-HB:220,cluster,cross_species_WB,marmoset,#CD479D,Not assessed
marmoset:MB-HB:221,cluster,cross_species_WB,marmoset,#C5A7FF,Not assessed
marmoset:MB-HB:222,cluster,cross_species_WB,marmoset,#B091FF,Not assessed
marmoset:MB-HB:223,cluster,cross_species_WB,marmoset,#C0A2FF,Not assessed
marmoset:MB-HB:224,cluster,cross_species_WB,marmoset,#5A6D00,Not assessed
marmoset:MB-HB:225,cluster,cross_species_WB,marmoset,#556400,Not assessed
marmoset:MB-HB:226,cluster,cross_species_WB,marmoset,#0F6610,Not assessed
marmoset:MB-HB:227,cluster,cross_species_WB,marmoset,#425A6D,Not assessed
marmoset:MB-HB:228,cluster,cross_species_WB,marmoset,#346A78,Not assessed
marmoset:MB-HB:229,cluster,cross_species_WB,marmoset,#3B5364,Not assessed
marmoset:MB-HB:23,cluster,cross_species_WB,marmoset,#BFFE37,Not assessed
marmoset:MB-HB:230,cluster,cross_species_WB,marmoset,#2F6570,Not assessed
marmoset:MB-HB:231,cluster,cross_species_WB,marmoset,#3F5768,Not assessed
marmoset:MB-HB:232,cluster,cross_species_WB,marmoset,#1B86BC,Not assessed
marmoset:MB-HB:233,cluster,cross_species_WB,marmoset,#248DDB,Not assessed
marmoset:MB-HB:234,cluster,cross_species_WB,marmoset,#1B87BE,Not assessed
marmoset:MB-HB:235,cluster,cross_species_WB,marmoset,#CA7200,Not assessed
marmoset:MB-HB:236,cluster,cross_species_WB,marmoset,#02DF27,Not assessed
marmoset:MB-HB:237,cluster,cross_species_WB,marmoset,#FC9107,Not assessed
marmoset:MB-HB:238,cluster,cross_species_WB,marmoset,#D36200,Not assessed
marmoset:MB-HB:239,cluster,cross_species_WB,marmoset,#F68502,Not assessed
marmoset:MB-HB:24,cluster,cross_species_WB,marmoset,#C6FF18,Not assessed
marmoset:MB-HB:240,cluster,cross_species_WB,marmoset,#DF6D00,Not assessed
marmoset:MB-HB:241,cluster,cross_species_WB,marmoset,#FC274E,Not assessed
marmoset:MB-HB:242,cluster,cross_species_WB,marmoset,#50621B,Not assessed
marmoset:MB-HB:243,cluster,cross_species_WB,marmoset,#5A7421,Not assessed
marmoset:MB-HB:244,cluster,cross_species_WB,marmoset,#005BBD,Not assessed
marmoset:MB-HB:245,cluster,cross_species_WB,marmoset,#0157D6,Not assessed
marmoset:MB-HB:246,cluster,cross_species_WB,marmoset,#005AC0,Not assessed
marmoset:MB-HB:247,cluster,cross_species_WB,marmoset,#0157D3,Not assessed
marmoset:MB-HB:248,cluster,cross_species_WB,marmoset,#FAFE6D,Not assessed
marmoset:MB-HB:249,cluster,cross_species_WB,marmoset,#01D98B,Not assessed
marmoset:MB-HB:25,cluster,cross_species_WB,marmoset,#BFFE35,Not assessed
marmoset:MB-HB:250,cluster,cross_species_WB,marmoset,#00C473,Not assessed
marmoset:MB-HB:251,cluster,cross_species_WB,marmoset,#2E6799,Not assessed
marmoset:MB-HB:252,cluster,cross_species_WB,marmoset,#01D485,Not assessed
marmoset:MB-HB:253,cluster,cross_species_WB,marmoset,#9D3530,Not assessed
marmoset:MB-HB:254,cluster,cross_species_WB,marmoset,#99322E,Not assessed
marmoset:MB-HB:255,cluster,cross_species_WB,marmoset,#32BEEE,Not assessed
marmoset:MB-HB:256,cluster,cross_species_WB,marmoset,#20D18D,Not assessed
marmoset:MB-HB:257,cluster,cross_species_WB,marmoset,#934016,Not assessed
marmoset:MB-HB:258,cluster,cross_species_WB,marmoset,#9F4A18,Not assessed
marmoset:MB-HB:259,cluster,cross_species_WB,marmoset,#21396B,Not assessed
marmoset:MB-HB:26,cluster,cross_species_WB,marmoset,#C51D66,Not assessed
marmoset:MB-HB:260,cluster,cross_species_WB,marmoset,#FF4826,Not assessed
marmoset:MB-HB:261,cluster,cross_species_WB,marmoset,#994517,Not assessed
marmoset:MB-HB:262,cluster,cross_species_WB,marmoset,#1E3664,Not assessed
marmoset:MB-HB:263,cluster,cross_species_WB,marmoset,#203868,Not assessed
marmoset:MB-HB:264,cluster,cross_species_WB,marmoset,#A887D0,Not assessed
marmoset:MB-HB:265,cluster,cross_species_WB,marmoset,#8DCD61,Not assessed
marmoset:MB-HB:266,cluster,cross_species_WB,marmoset,#8BCC5C,Not assessed
marmoset:MB-HB:267,cluster,cross_species_WB,marmoset,#8F6FC9,Not assessed
marmoset:MB-HB:268,cluster,cross_species_WB,marmoset,#A685CF,Not assessed
marmoset:MB-HB:269,cluster,cross_species_WB,marmoset,#38D04D,Not assessed
marmoset:MB-HB:27,cluster,cross_species_WB,marmoset,#D32165,Not assessed
marmoset:MB-HB:270,cluster,cross_species_WB,marmoset,#9271CA,Not assessed
marmoset:MB-HB:271,cluster,cross_species_WB,marmoset,#A483CE,Not assessed
marmoset:MB-HB:272,cluster,cross_species_WB,marmoset,#607FFE,Not assessed
marmoset:MB-HB:273,cluster,cross_species_WB,marmoset,#3D76FF,Not assessed
marmoset:MB-HB:274,cluster,cross_species_WB,marmoset,#5E7EFE,Not assessed
marmoset:MB-HB:275,cluster,cross_species_WB,marmoset,#73FF98,Not assessed
marmoset:MB-HB:276,cluster,cross_species_WB,marmoset,#4077FF,Not assessed
marmoset:MB-HB:277,cluster,cross_species_WB,marmoset,#CA5365,Not assessed
marmoset:MB-HB:278,cluster,cross_species_WB,marmoset,#5B7DFE,Not assessed
marmoset:MB-HB:279,cluster,cross_species_WB,marmoset,#CE656E,Not assessed
marmoset:MB-HB:28,cluster,cross_species_WB,marmoset,#01E987,Not assessed
marmoset:MB-HB:280,cluster,cross_species_WB,marmoset,#73CB54,Not assessed
marmoset:MB-HB:281,cluster,cross_species_WB,marmoset,#7ACD64,Not assessed
marmoset:MB-HB:282,cluster,cross_species_WB,marmoset,#74CB58,Not assessed
marmoset:MB-HB:283,cluster,cross_species_WB,marmoset,#78CD60,Not assessed
marmoset:MB-HB:284,cluster,cross_species_WB,marmoset,#C5FF19,Not assessed
marmoset:MB-HB:285,cluster,cross_species_WB,marmoset,#BFFE34,Not assessed
marmoset:MB-HB:286,cluster,cross_species_WB,marmoset,#C5FF1B,Not assessed
marmoset:MB-HB:287,cluster,cross_species_WB,marmoset,#BFFE32,Not assessed
marmoset:MB-HB:288,cluster,cross_species_WB,marmoset,#C4FF1C,Not assessed
marmoset:MB-HB:289,cluster,cross_species_WB,marmoset,#C0FE30,Not assessed
marmoset:MB-HB:29,cluster,cross_species_WB,marmoset,#47CA34,Not assessed
marmoset:MB-HB:290,cluster,cross_species_WB,marmoset,#6C318F,Not assessed
marmoset:MB-HB:291,cluster,cross_species_WB,marmoset,#C4FF1E,Not assessed
marmoset:MB-HB:292,cluster,cross_species_WB,marmoset,#78FF56,Not assessed
marmoset:MB-HB:293,cluster,cross_species_WB,marmoset,#512676,Not assessed
marmoset:MB-HB:294,cluster,cross_species_WB,marmoset,#7CFF5E,Not assessed
marmoset:MB-HB:295,cluster,cross_species_WB,marmoset,#C71E66,Not assessed
marmoset:MB-HB:296,cluster,cross_species_WB,marmoset,#D12066,Not assessed
marmoset:MB-HB:297,cluster,cross_species_WB,marmoset,#00CF66,Not assessed
marmoset:MB-HB:298,cluster,cross_species_WB,marmoset,#01E683,Not assessed
marmoset:MB-HB:299,cluster,cross_species_WB,marmoset,#00D269,Not assessed
marmoset:MB-HB:3,cluster,cross_species_WB,marmoset,#AA8BFF,Not assessed
marmoset:MB-HB:30,cluster,cross_species_WB,marmoset,#936257,Not assessed
marmoset:MB-HB:300,cluster,cross_species_WB,marmoset,#01E37F,Not assessed
marmoset:MB-HB:301,cluster,cross_species_WB,marmoset,#00D56D,Not assessed
marmoset:MB-HB:302,cluster,cross_species_WB,marmoset,#30339D,Not assessed
marmoset:MB-HB:303,cluster,cross_species_WB,marmoset,#FD8C50,Not assessed
marmoset:MB-HB:304,cluster,cross_species_WB,marmoset,#C4FF92,Not assessed
marmoset:MB-HB:305,cluster,cross_species_WB,marmoset,#4E4B8A,Not assessed
marmoset:MB-HB:306,cluster,cross_species_WB,marmoset,#6A308D,Not assessed
marmoset:MB-HB:307,cluster,cross_species_WB,marmoset,#51CD46,Not assessed
marmoset:MB-HB:308,cluster,cross_species_WB,marmoset,#4ACC3A,Not assessed
marmoset:MB-HB:309,cluster,cross_species_WB,marmoset,#01E17B,Not assessed
marmoset:MB-HB:31,cluster,cross_species_WB,marmoset,#9E6F61,Not assessed
marmoset:MB-HB:310,cluster,cross_species_WB,marmoset,#00D870,Not assessed
marmoset:MB-HB:311,cluster,cross_species_WB,marmoset,#00DE78,Not assessed
marmoset:MB-HB:312,cluster,cross_species_WB,marmoset,#4ECC40,Not assessed
marmoset:MB-HB:313,cluster,cross_species_WB,marmoset,#238CDA,Not assessed
marmoset:MB-HB:314,cluster,cross_species_WB,marmoset,#4377FF,Not assessed
marmoset:MB-HB:315,cluster,cross_species_WB,marmoset,#FECDA8,Not assessed
marmoset:MB-HB:316,cluster,cross_species_WB,marmoset,#6A46CD,Not assessed
marmoset:MB-HB:317,cluster,cross_species_WB,marmoset,#005AC3,Not assessed
marmoset:MB-HB:318,cluster,cross_species_WB,marmoset,#5A9662,Not assessed
marmoset:MB-HB:319,cluster,cross_species_WB,marmoset,#72010F,Not assessed
marmoset:MB-HB:32,cluster,cross_species_WB,marmoset,#97665A,Not assessed
marmoset:MB-HB:320,cluster,cross_species_WB,marmoset,#5E9C68,Not assessed
marmoset:MB-HB:321,cluster,cross_species_WB,marmoset,#0158D0,Not assessed
marmoset:MB-HB:322,cluster,cross_species_WB,marmoset,#5B0011,Not assessed
marmoset:MB-HB:323,cluster,cross_species_WB,marmoset,#005AC6,Not assessed
marmoset:MB-HB:324,cluster,cross_species_WB,marmoset,#0058CE,Not assessed
marmoset:MB-HB:325,cluster,cross_species_WB,marmoset,#586A95,Not assessed
marmoset:MB-HB:326,cluster,cross_species_WB,marmoset,#60709D,Not assessed
marmoset:MB-HB:327,cluster,cross_species_WB,marmoset,#5A6C97,Not assessed
marmoset:MB-HB:328,cluster,cross_species_WB,marmoset,#5E6E9B,Not assessed
marmoset:MB-HB:329,cluster,cross_species_WB,marmoset,#CA1E66,Not assessed
marmoset:MB-HB:33,cluster,cross_species_WB,marmoset,#BDCA34,Not assessed
marmoset:MB-HB:330,cluster,cross_species_WB,marmoset,#70000F,Not assessed
marmoset:MB-HB:331,cluster,cross_species_WB,marmoset,#090056,Not assessed
marmoset:MB-HB:332,cluster,cross_species_WB,marmoset,#140270,Not assessed
marmoset:MB-HB:333,cluster,cross_species_WB,marmoset,#5C6D99,Not assessed
marmoset:MB-HB:334,cluster,cross_species_WB,marmoset,#45CD6E,Not assessed
marmoset:MB-HB:335,cluster,cross_species_WB,marmoset,#0A0058,Not assessed
marmoset:MB-HB:336,cluster,cross_species_WB,marmoset,#3DCC66,Not assessed
marmoset:MB-HB:337,cluster,cross_species_WB,marmoset,#83D221,Not assessed
marmoset:MB-HB:338,cluster,cross_species_WB,marmoset,#1C4F5F,Not assessed
marmoset:MB-HB:339,cluster,cross_species_WB,marmoset,#22576C,Not assessed
marmoset:MB-HB:34,cluster,cross_species_WB,marmoset,#993091,Not assessed
marmoset:MB-HB:340,cluster,cross_species_WB,marmoset,#1E5163,Not assessed
marmoset:MB-HB:341,cluster,cross_species_WB,marmoset,#205569,Not assessed
marmoset:MB-HB:342,cluster,cross_species_WB,marmoset,#1F5366,Not assessed
marmoset:MB-HB:343,cluster,cross_species_WB,marmoset,#1C61AD,Not assessed
marmoset:MB-HB:344,cluster,cross_species_WB,marmoset,#155992,Not assessed
marmoset:MB-HB:345,cluster,cross_species_WB,marmoset,#DA91FF,Not assessed
marmoset:MB-HB:346,cluster,cross_species_WB,marmoset,#006A99,Not assessed
marmoset:MB-HB:347,cluster,cross_species_WB,marmoset,#006EA3,Not assessed
marmoset:MB-HB:348,cluster,cross_species_WB,marmoset,#365C3D,Not assessed
marmoset:MB-HB:349,cluster,cross_species_WB,marmoset,#457051,Not assessed
marmoset:MB-HB:35,cluster,cross_species_WB,marmoset,#8B298A,Not assessed
marmoset:MB-HB:350,cluster,cross_species_WB,marmoset,#195DA0,Not assessed
marmoset:MB-HB:351,cluster,cross_species_WB,marmoset,#E3A2FF,Not assessed
marmoset:MB-HB:352,cluster,cross_species_WB,marmoset,#DD96FF,Not assessed
marmoset:MB-HB:353,cluster,cross_species_WB,marmoset,#375E3F,Not assessed
marmoset:MB-HB:354,cluster,cross_species_WB,marmoset,#E19CFF,Not assessed
marmoset:MB-HB:355,cluster,cross_species_WB,marmoset,#690084,Not assessed
marmoset:MB-HB:356,cluster,cross_species_WB,marmoset,#9E01AC,Not assessed
marmoset:MB-HB:357,cluster,cross_species_WB,marmoset,#9E1862,Not assessed
marmoset:MB-HB:358,cluster,cross_species_WB,marmoset,#6E0088,Not assessed
marmoset:MB-HB:359,cluster,cross_species_WB,marmoset,#9901A9,Not assessed
marmoset:MB-HB:36,cluster,cross_species_WB,marmoset,#AB1C9D,Not assessed
marmoset:MB-HB:360,cluster,cross_species_WB,marmoset,#72008B,Not assessed
marmoset:MB-HB:361,cluster,cross_species_WB,marmoset,#9501A6,Not assessed
marmoset:MB-HB:362,cluster,cross_species_WB,marmoset,#76008F,Not assessed
marmoset:MB-HB:363,cluster,cross_species_WB,marmoset,#9001A3,Not assessed
marmoset:MB-HB:364,cluster,cross_species_WB,marmoset,#BFE9F1,Not assessed
marmoset:MB-HB:365,cluster,cross_species_WB,marmoset,#7A0092,Not assessed
marmoset:MB-HB:366,cluster,cross_species_WB,marmoset,#991761,Not assessed
marmoset:MB-HB:367,cluster,cross_species_WB,marmoset,#8C009F,Not assessed
marmoset:MB-HB:368,cluster,cross_species_WB,marmoset,#7F0096,Not assessed
marmoset:MB-HB:369,cluster,cross_species_WB,marmoset,#9DE5EB,Not assessed
marmoset:MB-HB:37,cluster,cross_species_WB,marmoset,#972F90,Not assessed
marmoset:MB-HB:370,cluster,cross_species_WB,marmoset,#AA3F40,Not assessed
marmoset:MB-HB:371,cluster,cross_species_WB,marmoset,#BB5852,Not assessed
marmoset:MB-HB:372,cluster,cross_species_WB,marmoset,#B24443,Not assessed
marmoset:MB-HB:373,cluster,cross_species_WB,marmoset,#4B007E,Not assessed
marmoset:MB-HB:374,cluster,cross_species_WB,marmoset,#B6E7EF,Not assessed
marmoset:MB-HB:375,cluster,cross_species_WB,marmoset,#A6E6EC,Not assessed
marmoset:MB-HB:376,cluster,cross_species_WB,marmoset,#FFB68C,Not assessed
marmoset:MB-HB:377,cluster,cross_species_WB,marmoset,#68019A,Not assessed
marmoset:MB-HB:378,cluster,cross_species_WB,marmoset,#4F0082,Not assessed
marmoset:MB-HB:379,cluster,cross_species_WB,marmoset,#640196,Not assessed
marmoset:MB-HB:38,cluster,cross_species_WB,marmoset,#40696A,Not assessed
marmoset:MB-HB:380,cluster,cross_species_WB,marmoset,#AEE6EE,Not assessed
marmoset:MB-HB:381,cluster,cross_species_WB,marmoset,#530086,Not assessed
marmoset:MB-HB:382,cluster,cross_species_WB,marmoset,#5F0092,Not assessed
marmoset:MB-HB:383,cluster,cross_species_WB,marmoset,#69FEBE,Not assessed
marmoset:MB-HB:384,cluster,cross_species_WB,marmoset,#5AFFB4,Not assessed
marmoset:MB-HB:385,cluster,cross_species_WB,marmoset,#624C2C,Not assessed
marmoset:MB-HB:386,cluster,cross_species_WB,marmoset,#6A5430,Not assessed
marmoset:MB-HB:387,cluster,cross_species_WB,marmoset,#EB4500,Not assessed
marmoset:MB-HB:388,cluster,cross_species_WB,marmoset,#FC5601,Not assessed
marmoset:MB-HB:389,cluster,cross_species_WB,marmoset,#990004,Not assessed
marmoset:MB-HB:39,cluster,cross_species_WB,marmoset,#8D2A8B,Not assessed
marmoset:MB-HB:390,cluster,cross_species_WB,marmoset,#F14A00,Not assessed
marmoset:MB-HB:391,cluster,cross_species_WB,marmoset,#72F75A,Not assessed
marmoset:MB-HB:392,cluster,cross_species_WB,marmoset,#009696,Not assessed
marmoset:MB-HB:393,cluster,cross_species_WB,marmoset,#1FCC87,Not assessed
marmoset:MB-HB:394,cluster,cross_species_WB,marmoset,#009A9C,Not assessed
marmoset:MB-HB:395,cluster,cross_species_WB,marmoset,#0059C9,Not assessed
marmoset:MB-HB:396,cluster,cross_species_WB,marmoset,#840E70,Not assessed
marmoset:MB-HB:397,cluster,cross_species_WB,marmoset,#FE1300,Not assessed
marmoset:MB-HB:398,cluster,cross_species_WB,marmoset,#F75000,Not assessed
marmoset:MB-HB:399,cluster,cross_species_WB,marmoset,#0059CB,Not assessed
marmoset:MB-HB:4,cluster,cross_species_WB,marmoset,#FE522E,Not assessed
marmoset:MB-HB:40,cluster,cross_species_WB,marmoset,#FEB212,Not assessed
marmoset:MB-HB:400,cluster,cross_species_WB,marmoset,#0103A4,Not assessed
marmoset:MB-HB:401,cluster,cross_species_WB,marmoset,#CB5666,Not assessed
marmoset:MB-HB:402,cluster,cross_species_WB,marmoset,#CE2066,Not assessed
marmoset:MB-HB:403,cluster,cross_species_WB,marmoset,#47CE42,Not assessed
marmoset:MB-HB:404,cluster,cross_species_WB,marmoset,#58D15C,Not assessed
marmoset:MB-HB:405,cluster,cross_species_WB,marmoset,#F19C03,Not assessed
marmoset:MB-HB:406,cluster,cross_species_WB,marmoset,#49CE45,Not assessed
marmoset:MB-HB:407,cluster,cross_species_WB,marmoset,#C0FE2F,Not assessed
marmoset:MB-HB:408,cluster,cross_species_WB,marmoset,#3D1153,Not assessed
marmoset:MB-HB:409,cluster,cross_species_WB,marmoset,#55D058,Not assessed
marmoset:MB-HB:41,cluster,cross_species_WB,marmoset,#F39400,Not assessed
marmoset:MB-HB:410,cluster,cross_species_WB,marmoset,#C4FF1F,Not assessed
marmoset:MB-HB:411,cluster,cross_species_WB,marmoset,#000A90,Not assessed
marmoset:MB-HB:412,cluster,cross_species_WB,marmoset,#C0FE2D,Not assessed
marmoset:MB-HB:413,cluster,cross_species_WB,marmoset,#0104A2,Not assessed
marmoset:MB-HB:414,cluster,cross_species_WB,marmoset,#000992,Not assessed
marmoset:MB-HB:415,cluster,cross_species_WB,marmoset,#00059F,Not assessed
marmoset:MB-HB:416,cluster,cross_species_WB,marmoset,#FFCCA6,Not assessed
marmoset:MB-HB:417,cluster,cross_species_WB,marmoset,#FFB88F,Not assessed
marmoset:MB-HB:418,cluster,cross_species_WB,marmoset,#522678,Not assessed
marmoset:MB-HB:419,cluster,cross_species_WB,marmoset,#68308C,Not assessed
marmoset:MB-HB:42,cluster,cross_species_WB,marmoset,#FEAE0D,Not assessed
marmoset:MB-HB:420,cluster,cross_species_WB,marmoset,#FFCAA4,Not assessed
marmoset:MB-HB:421,cluster,cross_species_WB,marmoset,#542779,Not assessed
marmoset:MB-HB:422,cluster,cross_species_WB,marmoset,#FFBA91,Not assessed
marmoset:MB-HB:423,cluster,cross_species_WB,marmoset,#662F8A,Not assessed
marmoset:MB-HB:424,cluster,cross_species_WB,marmoset,#FFCB7E,Not assessed
marmoset:MB-HB:425,cluster,cross_species_WB,marmoset,#4ACE48,Not assessed
marmoset:MB-HB:426,cluster,cross_species_WB,marmoset,#56287B,Not assessed
marmoset:MB-HB:427,cluster,cross_species_WB,marmoset,#652E89,Not assessed
marmoset:MB-HB:428,cluster,cross_species_WB,marmoset,#CB6639,Not assessed
marmoset:MB-HB:429,cluster,cross_species_WB,marmoset,#57297D,Not assessed
marmoset:MB-HB:43,cluster,cross_species_WB,marmoset,#F89A00,Not assessed
marmoset:MB-HB:430,cluster,cross_species_WB,marmoset,#632E87,Not assessed
marmoset:MB-HB:431,cluster,cross_species_WB,marmoset,#59297E,Not assessed
marmoset:MB-HB:432,cluster,cross_species_WB,marmoset,#612D86,Not assessed
marmoset:MB-HB:433,cluster,cross_species_WB,marmoset,#5A2A80,Not assessed
marmoset:MB-HB:434,cluster,cross_species_WB,marmoset,#602C84,Not assessed
marmoset:MB-HB:435,cluster,cross_species_WB,marmoset,#328BA1,Not assessed
marmoset:MB-HB:436,cluster,cross_species_WB,marmoset,#2C8493,Not assessed
marmoset:MB-HB:437,cluster,cross_species_WB,marmoset,#308A9F,Not assessed
marmoset:MB-HB:438,cluster,cross_species_WB,marmoset,#B71FDD,Not assessed
marmoset:MB-HB:439,cluster,cross_species_WB,marmoset,#2D8696,Not assessed
marmoset:MB-HB:44,cluster,cross_species_WB,marmoset,#FEAA08,Not assessed
marmoset:MB-HB:440,cluster,cross_species_WB,marmoset,#2F889C,Not assessed
marmoset:MB-HB:441,cluster,cross_species_WB,marmoset,#A31CD1,Not assessed
marmoset:MB-HB:442,cluster,cross_species_WB,marmoset,#B31EDB,Not assessed
marmoset:MB-HB:443,cluster,cross_species_WB,marmoset,#A71CD3,Not assessed
marmoset:MB-HB:444,cluster,cross_species_WB,marmoset,#FFDA94,Not assessed
marmoset:MB-HB:445,cluster,cross_species_WB,marmoset,#AF1ED8,Not assessed
marmoset:MB-HB:446,cluster,cross_species_WB,marmoset,#000895,Not assessed
marmoset:MB-HB:447,cluster,cross_species_WB,marmoset,#FFCE82,Not assessed
marmoset:MB-HB:448,cluster,cross_species_WB,marmoset,#00069D,Not assessed
marmoset:MB-HB:449,cluster,cross_species_WB,marmoset,#FFC8A1,Not assessed
marmoset:MB-HB:45,cluster,cross_species_WB,marmoset,#FDA000,Not assessed
marmoset:MB-HB:450,cluster,cross_species_WB,marmoset,#FFBC93,Not assessed
marmoset:MB-HB:451,cluster,cross_species_WB,marmoset,#916E15,Not assessed
marmoset:MB-HB:452,cluster,cross_species_WB,marmoset,#00DB74,Not assessed
marmoset:MB-HB:453,cluster,cross_species_WB,marmoset,#9B6A5E,Not assessed
marmoset:MB-HB:454,cluster,cross_species_WB,marmoset,#FFC69F,Not assessed
marmoset:MB-HB:455,cluster,cross_species_WB,marmoset,#C14438,Not assessed
marmoset:MB-HB:456,cluster,cross_species_WB,marmoset,#FF6DEB,Not assessed
marmoset:MB-HB:457,cluster,cross_species_WB,marmoset,#FFD790,Not assessed
marmoset:MB-HB:458,cluster,cross_species_WB,marmoset,#FFD187,Not assessed
marmoset:MB-HB:459,cluster,cross_species_WB,marmoset,#FF7AE9,Not assessed
marmoset:MB-HB:46,cluster,cross_species_WB,marmoset,#FFA503,Not assessed
marmoset:MB-HB:460,cluster,cross_species_WB,marmoset,#FF6FEB,Not assessed
marmoset:MB-HB:461,cluster,cross_species_WB,marmoset,#FF77E9,Not assessed
marmoset:MB-HB:462,cluster,cross_species_WB,marmoset,#FF71EA,Not assessed
marmoset:MB-HB:463,cluster,cross_species_WB,marmoset,#FF1501,Not assessed
marmoset:MB-HB:464,cluster,cross_species_WB,marmoset,#CD4271,Not assessed
marmoset:MB-HB:465,cluster,cross_species_WB,marmoset,#CC3A6F,Not assessed
marmoset:MB-HB:466,cluster,cross_species_WB,marmoset,#CC4071,Not assessed
marmoset:MB-HB:467,cluster,cross_species_WB,marmoset,#CC3D70,Not assessed
marmoset:MB-HB:468,cluster,cross_species_WB,marmoset,#6A1610,Not assessed
marmoset:MB-HB:469,cluster,cross_species_WB,marmoset,#FF75EA,Not assessed
marmoset:MB-HB:47,cluster,cross_species_WB,marmoset,#4F2575,Not assessed
marmoset:MB-HB:470,cluster,cross_species_WB,marmoset,#FF73EA,Not assessed
marmoset:MB-HB:471,cluster,cross_species_WB,marmoset,#63130E,Not assessed
marmoset:MB-HB:472,cluster,cross_species_WB,marmoset,#F5FF8C,Not assessed
marmoset:MB-HB:473,cluster,cross_species_WB,marmoset,#F3FF9C,Not assessed
marmoset:MB-HB:474,cluster,cross_species_WB,marmoset,#691510,Not assessed
marmoset:MB-HB:475,cluster,cross_species_WB,marmoset,#449BA4,Not assessed
marmoset:MB-HB:476,cluster,cross_species_WB,marmoset,#6DADA1,Not assessed
marmoset:MB-HB:477,cluster,cross_species_WB,marmoset,#68AB9E,Not assessed
marmoset:MB-HB:478,cluster,cross_species_WB,marmoset,#95C596,Not assessed
marmoset:MB-HB:479,cluster,cross_species_WB,marmoset,#B164CD,Not assessed
marmoset:MB-HB:48,cluster,cross_species_WB,marmoset,#05004C,Not assessed
marmoset:MB-HB:480,cluster,cross_species_WB,marmoset,#A757CB,Not assessed
marmoset:MB-HB:481,cluster,cross_species_WB,marmoset,#88BF86,Not assessed
marmoset:MB-HB:482,cluster,cross_species_WB,marmoset,#92C392,Not assessed
marmoset:MB-HB:483,cluster,cross_species_WB,marmoset,#AF61CD,Not assessed
marmoset:MB-HB:484,cluster,cross_species_WB,marmoset,#AA5ACC,Not assessed
marmoset:MB-HB:485,cluster,cross_species_WB,marmoset,#57008A,Not assessed
marmoset:MB-HB:486,cluster,cross_species_WB,marmoset,#5B008E,Not assessed
marmoset:MB-HB:487,cluster,cross_species_WB,marmoset,#C8F788,Not assessed
marmoset:MB-HB:488,cluster,cross_species_WB,marmoset,#F4FF91,Not assessed
marmoset:MB-HB:489,cluster,cross_species_WB,marmoset,#996E45,Not assessed
marmoset:MB-HB:49,cluster,cross_species_WB,marmoset,#1A027A,Not assessed
marmoset:MB-HB:490,cluster,cross_species_WB,marmoset,#3D6566,Not assessed
marmoset:MB-HB:491,cluster,cross_species_WB,marmoset,#6CADA0,Not assessed
marmoset:MB-HB:492,cluster,cross_species_WB,marmoset,#CB767C,Not assessed
marmoset:MB-HB:493,cluster,cross_species_WB,marmoset,#6AAC9F,Not assessed
marmoset:MB-HB:494,cluster,cross_species_WB,marmoset,#503B8E,Not assessed
marmoset:MB-HB:495,cluster,cross_species_WB,marmoset,#60449E,Not assessed
marmoset:MB-HB:496,cluster,cross_species_WB,marmoset,#553E93,Not assessed
marmoset:MB-HB:497,cluster,cross_species_WB,marmoset,#952E8F,Not assessed
marmoset:MB-HB:498,cluster,cross_species_WB,marmoset,#5E0011,Not assessed
marmoset:MB-HB:499,cluster,cross_species_WB,marmoset,#6E000F,Not assessed
marmoset:MB-HB:5,cluster,cross_species_WB,marmoset,#5719A0,Not assessed
marmoset:MB-HB:50,cluster,cross_species_WB,marmoset,#06004E,Not assessed
marmoset:MB-HB:500,cluster,cross_species_WB,marmoset,#13026E,Not assessed
marmoset:MB-HB:501,cluster,cross_species_WB,marmoset,#600011,Not assessed
marmoset:MB-HB:502,cluster,cross_species_WB,marmoset,#0A015A,Not assessed
marmoset:MB-HB:503,cluster,cross_species_WB,marmoset,#446E50,Not assessed
marmoset:MB-HB:504,cluster,cross_species_WB,marmoset,#5B39CB,Not assessed
marmoset:MB-HB:505,cluster,cross_species_WB,marmoset,#131377,Not assessed
marmoset:MB-HB:506,cluster,cross_species_WB,marmoset,#47659C,Not assessed
marmoset:MB-HB:507,cluster,cross_species_WB,marmoset,#0F1266,Not assessed
marmoset:MB-HB:508,cluster,cross_species_WB,marmoset,#456499,Not assessed
marmoset:MB-HB:509,cluster,cross_species_WB,marmoset,#5E38F6,Not assessed
marmoset:MB-HB:51,cluster,cross_species_WB,marmoset,#190278,Not assessed
marmoset:MB-HB:510,cluster,cross_species_WB,marmoset,#2C11F8,Not assessed
marmoset:MB-HB:511,cluster,cross_species_WB,marmoset,#B8C947,Not assessed
marmoset:MB-HB:512,cluster,cross_species_WB,marmoset,#5531F6,Not assessed
marmoset:MB-HB:513,cluster,cross_species_WB,marmoset,#B7D070,Not assessed
marmoset:MB-HB:514,cluster,cross_species_WB,marmoset,#B7C94A,Not assessed
marmoset:MB-HB:515,cluster,cross_species_WB,marmoset,#BCCC3A,Not assessed
marmoset:MB-HB:516,cluster,cross_species_WB,marmoset,#BCCC40,Not assessed
marmoset:MB-HB:517,cluster,cross_species_WB,marmoset,#ACFEEC,Not assessed
marmoset:MB-HB:518,cluster,cross_species_WB,marmoset,#88FFDB,Not assessed
marmoset:MB-HB:519,cluster,cross_species_WB,marmoset,#AAFEEB,Not assessed
marmoset:MB-HB:52,cluster,cross_species_WB,marmoset,#E6A7FF,Not assessed
marmoset:MB-HB:520,cluster,cross_species_WB,marmoset,#8AFFDC,Not assessed
marmoset:MB-HB:521,cluster,cross_species_WB,marmoset,#A8FEEB,Not assessed
marmoset:MB-HB:522,cluster,cross_species_WB,marmoset,#8CFFDD,Not assessed
marmoset:MB-HB:523,cluster,cross_species_WB,marmoset,#A7FFEA,Not assessed
marmoset:MB-HB:524,cluster,cross_species_WB,marmoset,#8DFFDE,Not assessed
marmoset:MB-HB:525,cluster,cross_species_WB,marmoset,#A5FFE9,Not assessed
marmoset:MB-HB:526,cluster,cross_species_WB,marmoset,#8FFFDF,Not assessed
marmoset:MB-HB:527,cluster,cross_species_WB,marmoset,#A3FFE9,Not assessed
marmoset:MB-HB:528,cluster,cross_species_WB,marmoset,#91FFE0,Not assessed
marmoset:MB-HB:529,cluster,cross_species_WB,marmoset,#A2FFE8,Not assessed
marmoset:MB-HB:53,cluster,cross_species_WB,marmoset,#070050,Not assessed
marmoset:MB-HB:530,cluster,cross_species_WB,marmoset,#92FFE1,Not assessed
marmoset:MB-HB:531,cluster,cross_species_WB,marmoset,#A0FFE7,Not assessed
marmoset:MB-HB:532,cluster,cross_species_WB,marmoset,#94FFE1,Not assessed
marmoset:MB-HB:533,cluster,cross_species_WB,marmoset,#9EFFE6,Not assessed
marmoset:MB-HB:534,cluster,cross_species_WB,marmoset,#96FFE2,Not assessed
marmoset:MB-HB:535,cluster,cross_species_WB,marmoset,#9CFFE6,Not assessed
marmoset:MB-HB:536,cluster,cross_species_WB,marmoset,#97FFE3,Not assessed
marmoset:MB-HB:537,cluster,cross_species_WB,marmoset,#9BFFE5,Not assessed
marmoset:MB-HB:538,cluster,cross_species_WB,marmoset,#A2B70E,Not assessed
marmoset:MB-HB:539,cluster,cross_species_WB,marmoset,#A2BB0E,Not assessed
marmoset:MB-HB:54,cluster,cross_species_WB,marmoset,#170276,Not assessed
marmoset:MB-HB:540,cluster,cross_species_WB,marmoset,#99FFE4,Not assessed
marmoset:MB-HB:541,cluster,cross_species_WB,marmoset,#85CD42,Not assessed
marmoset:MB-HB:542,cluster,cross_species_WB,marmoset,#CC8E1F,Not assessed
marmoset:MB-HB:543,cluster,cross_species_WB,marmoset,#84CC3B,Not assessed
marmoset:MB-HB:544,cluster,cross_species_WB,marmoset,#F4FF97,Not assessed
marmoset:MB-HB:545,cluster,cross_species_WB,marmoset,#84CC3F,Not assessed
marmoset:MB-HB:546,cluster,cross_species_WB,marmoset,#5A009B,Not assessed
marmoset:MB-HB:547,cluster,cross_species_WB,marmoset,#5D2068,Not assessed
marmoset:MB-HB:548,cluster,cross_species_WB,marmoset,#8863CD,Not assessed
marmoset:MB-HB:549,cluster,cross_species_WB,marmoset,#7B58CB,Not assessed
marmoset:MB-HB:55,cluster,cross_species_WB,marmoset,#83D622,Not assessed
marmoset:MB-HB:550,cluster,cross_species_WB,marmoset,#8560CD,Not assessed
marmoset:MB-HB:551,cluster,cross_species_WB,marmoset,#01F694,Not assessed
marmoset:MB-HB:552,cluster,cross_species_WB,marmoset,#7E5BCC,Not assessed
marmoset:MB-HB:553,cluster,cross_species_WB,marmoset,#A18219,Not assessed
marmoset:MB-HB:554,cluster,cross_species_WB,marmoset,#947216,Not assessed
marmoset:MB-HB:555,cluster,cross_species_WB,marmoset,#9E7E18,Not assessed
marmoset:MB-HB:556,cluster,cross_species_WB,marmoset,#D50146,Not assessed
marmoset:MB-HB:557,cluster,cross_species_WB,marmoset,#977617,Not assessed
marmoset:MB-HB:558,cluster,cross_species_WB,marmoset,#9B7A17,Not assessed
marmoset:MB-HB:559,cluster,cross_species_WB,marmoset,#C50049,Not assessed
marmoset:MB-HB:56,cluster,cross_species_WB,marmoset,#81C61D,Not assessed
marmoset:MB-HB:560,cluster,cross_species_WB,marmoset,#0E5360,Not assessed
marmoset:MB-HB:561,cluster,cross_species_WB,marmoset,#10596C,Not assessed
marmoset:MB-HB:562,cluster,cross_species_WB,marmoset,#D20147,Not assessed
marmoset:MB-HB:563,cluster,cross_species_WB,marmoset,#0E5462,Not assessed
marmoset:MB-HB:564,cluster,cross_species_WB,marmoset,#621591,Not assessed
marmoset:MB-HB:565,cluster,cross_species_WB,marmoset,#7619A1,Not assessed
marmoset:MB-HB:566,cluster,cross_species_WB,marmoset,#10586A,Not assessed
marmoset:MB-HB:567,cluster,cross_species_WB,marmoset,#641593,Not assessed
marmoset:MB-HB:568,cluster,cross_species_WB,marmoset,#74199F,Not assessed
marmoset:MB-HB:569,cluster,cross_species_WB,marmoset,#671695,Not assessed
marmoset:MB-HB:57,cluster,cross_species_WB,marmoset,#235870,Not assessed
marmoset:MB-HB:570,cluster,cross_species_WB,marmoset,#0F5564,Not assessed
marmoset:MB-HB:571,cluster,cross_species_WB,marmoset,#550057,Not assessed
marmoset:MB-HB:572,cluster,cross_species_WB,marmoset,#630061,Not assessed
marmoset:MB-HB:573,cluster,cross_species_WB,marmoset,#556F33,Not assessed
marmoset:MB-HB:574,cluster,cross_species_WB,marmoset,#F6FF61,Not assessed
marmoset:MB-HB:575,cluster,cross_species_WB,marmoset,#45FF1C,Not assessed
marmoset:MB-HB:576,cluster,cross_species_WB,marmoset,#4D612B,Not assessed
marmoset:MB-HB:577,cluster,cross_species_WB,marmoset,#4AFE30,Not assessed
marmoset:MB-HB:578,cluster,cross_species_WB,marmoset,#CABE73,Not assessed
marmoset:MB-HB:579,cluster,cross_species_WB,marmoset,#CEC681,Not assessed
marmoset:MB-HB:58,cluster,cross_species_WB,marmoset,#467153,Not assessed
marmoset:MB-HB:580,cluster,cross_species_WB,marmoset,#46FF1F,Not assessed
marmoset:MB-HB:581,cluster,cross_species_WB,marmoset,#CCC27A,Not assessed
marmoset:MB-HB:582,cluster,cross_species_WB,marmoset,#C3FF21,Not assessed
marmoset:MB-HB:583,cluster,cross_species_WB,marmoset,#311FCC,Not assessed
marmoset:MB-HB:584,cluster,cross_species_WB,marmoset,#900028,Not assessed
marmoset:MB-HB:585,cluster,cross_species_WB,marmoset,#317A9F,Not assessed
marmoset:MB-HB:586,cluster,cross_species_WB,marmoset,#2D7696,Not assessed
marmoset:MB-HB:587,cluster,cross_species_WB,marmoset,#EFFE85,Not assessed
marmoset:MB-HB:588,cluster,cross_species_WB,marmoset,#536B31,Not assessed
marmoset:MB-HB:589,cluster,cross_species_WB,marmoset,#2F789C,Not assessed
marmoset:MB-HB:59,cluster,cross_species_WB,marmoset,#0170AC,Not assessed
marmoset:MB-HB:590,cluster,cross_species_WB,marmoset,#F4FF6A,Not assessed
marmoset:MB-HB:591,cluster,cross_species_WB,marmoset,#011FA7,Not assessed
marmoset:MB-HB:592,cluster,cross_species_WB,marmoset,#002094,Not assessed
marmoset:MB-HB:593,cluster,cross_species_WB,marmoset,#00209E,Not assessed
marmoset:MB-HB:594,cluster,cross_species_WB,marmoset,#87FF79,Not assessed
marmoset:MB-HB:595,cluster,cross_species_WB,marmoset,#8F00D1,Not assessed
marmoset:MB-HB:596,cluster,cross_species_WB,marmoset,#84FF73,Not assessed
marmoset:MB-HB:597,cluster,cross_species_WB,marmoset,#88A167,Not assessed
marmoset:MB-HB:598,cluster,cross_species_WB,marmoset,#7D9155,Not assessed
marmoset:MB-HB:599,cluster,cross_species_WB,marmoset,#87A064,Not assessed
marmoset:MB-HB:6,cluster,cross_species_WB,marmoset,#68FF8D,Not assessed
marmoset:MB-HB:60,cluster,cross_species_WB,marmoset,#4C1563,Not assessed
marmoset:MB-HB:600,cluster,cross_species_WB,marmoset,#7E9357,Not assessed
marmoset:MB-HB:601,cluster,cross_species_WB,marmoset,#869F62,Not assessed
marmoset:MB-HB:602,cluster,cross_species_WB,marmoset,#869516,Not assessed
marmoset:MB-HB:603,cluster,cross_species_WB,marmoset,#8BC089,Not assessed
marmoset:MB-HB:604,cluster,cross_species_WB,marmoset,#8FC28F,Not assessed
marmoset:MB-HB:605,cluster,cross_species_WB,marmoset,#8DC18C,Not assessed
marmoset:MB-HB:606,cluster,cross_species_WB,marmoset,#8F2B8C,Not assessed
marmoset:MB-HB:607,cluster,cross_species_WB,marmoset,#66FE33,Not assessed
marmoset:MB-HB:608,cluster,cross_species_WB,marmoset,#A81B9B,Not assessed
marmoset:MB-HB:609,cluster,cross_species_WB,marmoset,#8C148B,Not assessed
marmoset:MB-HB:61,cluster,cross_species_WB,marmoset,#C1E8F1,Not assessed
marmoset:MB-HB:610,cluster,cross_species_WB,marmoset,#C80049,Not assessed
marmoset:MB-HB:611,cluster,cross_species_WB,marmoset,#A61A9A,Not assessed
marmoset:MB-HB:612,cluster,cross_species_WB,marmoset,#8D148C,Not assessed
marmoset:MB-HB:613,cluster,cross_species_WB,marmoset,#A41A99,Not assessed
marmoset:MB-HB:614,cluster,cross_species_WB,marmoset,#8F158D,Not assessed
marmoset:MB-HB:615,cluster,cross_species_WB,marmoset,#A31A98,Not assessed
marmoset:MB-HB:616,cluster,cross_species_WB,marmoset,#91158E,Not assessed
marmoset:MB-HB:617,cluster,cross_species_WB,marmoset,#A11998,Not assessed
marmoset:MB-HB:618,cluster,cross_species_WB,marmoset,#49FE2D,Not assessed
marmoset:MB-HB:619,cluster,cross_species_WB,marmoset,#CB36A3,Not assessed
marmoset:MB-HB:62,cluster,cross_species_WB,marmoset,#61007D,Not assessed
marmoset:MB-HB:620,cluster,cross_species_WB,marmoset,#99D5CF,Not assessed
marmoset:MB-HB:621,cluster,cross_species_WB,marmoset,#A20126,Not assessed
marmoset:MB-HB:622,cluster,cross_species_WB,marmoset,#46FF22,Not assessed
marmoset:MB-HB:623,cluster,cross_species_WB,marmoset,#CB379D,Not assessed
marmoset:MB-HB:624,cluster,cross_species_WB,marmoset,#66441F,Not assessed
marmoset:MB-HB:625,cluster,cross_species_WB,marmoset,#6C000F,Not assessed
marmoset:MB-HB:626,cluster,cross_species_WB,marmoset,#92158F,Not assessed
marmoset:MB-HB:627,cluster,cross_species_WB,marmoset,#A01997,Not assessed
marmoset:MB-HB:628,cluster,cross_species_WB,marmoset,#941690,Not assessed
marmoset:MB-HB:629,cluster,cross_species_WB,marmoset,#9E1896,Not assessed
marmoset:MB-HB:63,cluster,cross_species_WB,marmoset,#A702B3,Not assessed
marmoset:MB-HB:630,cluster,cross_species_WB,marmoset,#961691,Not assessed
marmoset:MB-HB:631,cluster,cross_species_WB,marmoset,#00E881,Not assessed
marmoset:MB-HB:632,cluster,cross_species_WB,marmoset,#01F38F,Not assessed
marmoset:MB-HB:633,cluster,cross_species_WB,marmoset,#62FF20,Not assessed
marmoset:MB-HB:634,cluster,cross_species_WB,marmoset,#00EC86,Not assessed
marmoset:MB-HB:635,cluster,cross_species_WB,marmoset,#00F08A,Not assessed
marmoset:MB-HB:636,cluster,cross_species_WB,marmoset,#B9765C,Not assessed
marmoset:MB-HB:637,cluster,cross_species_WB,marmoset,#CEFF40,Not assessed
marmoset:MB-HB:638,cluster,cross_species_WB,marmoset,#1B87BF,Not assessed
marmoset:MB-HB:639,cluster,cross_species_WB,marmoset,#CAFE5B,Not assessed
marmoset:MB-HB:64,cluster,cross_species_WB,marmoset,#650081,Not assessed
marmoset:MB-HB:640,cluster,cross_species_WB,marmoset,#9EFB87,Not assessed
marmoset:MB-HB:641,cluster,cross_species_WB,marmoset,#238CD9,Not assessed
marmoset:MB-HB:642,cluster,cross_species_WB,marmoset,#CDFF45,Not assessed
marmoset:MB-HB:643,cluster,cross_species_WB,marmoset,#CBFF55,Not assessed
marmoset:MB-HB:644,cluster,cross_species_WB,marmoset,#1C87C0,Not assessed
marmoset:MB-HB:645,cluster,cross_species_WB,marmoset,#CCFF4A,Not assessed
marmoset:MB-HB:646,cluster,cross_species_WB,marmoset,#238CD8,Not assessed
marmoset:MB-HB:647,cluster,cross_species_WB,marmoset,#1C88C1,Not assessed
marmoset:MB-HB:648,cluster,cross_species_WB,marmoset,#228CD7,Not assessed
marmoset:MB-HB:649,cluster,cross_species_WB,marmoset,#1C88C2,Not assessed
marmoset:MB-HB:65,cluster,cross_species_WB,marmoset,#A302AF,Not assessed
marmoset:MB-HB:650,cluster,cross_species_WB,marmoset,#05F700,Not assessed
marmoset:MB-HB:651,cluster,cross_species_WB,marmoset,#385F40,Not assessed
marmoset:MB-HB:652,cluster,cross_species_WB,marmoset,#426D4E,Not assessed
marmoset:MB-HB:653,cluster,cross_species_WB,marmoset,#09FE0E,Not assessed
marmoset:MB-HB:654,cluster,cross_species_WB,marmoset,#04F900,Not assessed
marmoset:MB-HB:655,cluster,cross_species_WB,marmoset,#06FE0A,Not assessed
marmoset:MB-HB:656,cluster,cross_species_WB,marmoset,#02FC00,Not assessed
marmoset:MB-HB:657,cluster,cross_species_WB,marmoset,#04FF06,Not assessed
marmoset:MB-HB:658,cluster,cross_species_WB,marmoset,#01FE00,Not assessed
marmoset:MB-HB:659,cluster,cross_species_WB,marmoset,#12016B,Not assessed
marmoset:MB-HB:66,cluster,cross_species_WB,marmoset,#95E5EA,Not assessed
marmoset:MB-HB:660,cluster,cross_species_WB,marmoset,#01FF02,Not assessed
marmoset:MB-HB:661,cluster,cross_species_WB,marmoset,#0B015D,Not assessed
marmoset:MB-HB:662,cluster,cross_species_WB,marmoset,#FD48A1,Not assessed
marmoset:MB-HB:663,cluster,cross_species_WB,marmoset,#110169,Not assessed
marmoset:MB-HB:664,cluster,cross_species_WB,marmoset,#FB72A6,Not assessed
marmoset:MB-HB:665,cluster,cross_species_WB,marmoset,#A54F4D,Not assessed
marmoset:MB-HB:666,cluster,cross_species_WB,marmoset,#0C015F,Not assessed
marmoset:MB-HB:667,cluster,cross_species_WB,marmoset,#FF4AC7,Not assessed
marmoset:MB-HB:668,cluster,cross_species_WB,marmoset,#FD4CA1,Not assessed
marmoset:MB-HB:669,cluster,cross_species_WB,marmoset,#FF50C7,Not assessed
marmoset:MB-HB:67,cluster,cross_species_WB,marmoset,#7502A5,Not assessed
marmoset:MB-HB:670,cluster,cross_species_WB,marmoset,#994546,Not assessed
marmoset:MB-HB:671,cluster,cross_species_WB,marmoset,#71189D,Not assessed
marmoset:MB-HB:672,cluster,cross_species_WB,marmoset,#691697,Not assessed
marmoset:MB-HB:673,cluster,cross_species_WB,marmoset,#100167,Not assessed
marmoset:MB-HB:674,cluster,cross_species_WB,marmoset,#E6FE5B,Not assessed
marmoset:MB-HB:675,cluster,cross_species_WB,marmoset,#ECFF46,Not assessed
marmoset:MB-HB:676,cluster,cross_species_WB,marmoset,#B596FF,Not assessed
marmoset:MB-HB:677,cluster,cross_species_WB,marmoset,#BB9CFF,Not assessed
marmoset:MB-HB:678,cluster,cross_species_WB,marmoset,#E8FF54,Not assessed
marmoset:MB-HB:679,cluster,cross_species_WB,marmoset,#576800,Not assessed
marmoset:MB-HB:68,cluster,cross_species_WB,marmoset,#430075,Not assessed
marmoset:MB-HB:680,cluster,cross_species_WB,marmoset,#EAFF4D,Not assessed
marmoset:MB-HB:681,cluster,cross_species_WB,marmoset,#228CD5,Not assessed
marmoset:MB-HB:682,cluster,cross_species_WB,marmoset,#1D88C4,Not assessed
marmoset:MB-HB:683,cluster,cross_species_WB,marmoset,#218CD4,Not assessed
marmoset:MB-HB:684,cluster,cross_species_WB,marmoset,#1D88C5,Not assessed
marmoset:MB-HB:685,cluster,cross_species_WB,marmoset,#218BD3,Not assessed
marmoset:MB-HB:686,cluster,cross_species_WB,marmoset,#1D89C6,Not assessed
marmoset:MB-HB:687,cluster,cross_species_WB,marmoset,#218BD2,Not assessed
marmoset:MB-HB:688,cluster,cross_species_WB,marmoset,#1E89C7,Not assessed
marmoset:MB-HB:689,cluster,cross_species_WB,marmoset,#208BD1,Not assessed
marmoset:MB-HB:69,cluster,cross_species_WB,marmoset,#7101A1,Not assessed
marmoset:MB-HB:690,cluster,cross_species_WB,marmoset,#1E89C8,Not assessed
marmoset:MB-HB:691,cluster,cross_species_WB,marmoset,#EB7900,Not assessed
marmoset:MB-HB:692,cluster,cross_species_WB,marmoset,#00CC1B,Not assessed
marmoset:MB-HB:693,cluster,cross_species_WB,marmoset,#208BD0,Not assessed
marmoset:MB-HB:694,cluster,cross_species_WB,marmoset,#F6A802,Not assessed
marmoset:MB-HB:695,cluster,cross_species_WB,marmoset,#1E8ACA,Not assessed
marmoset:MB-HB:696,cluster,cross_species_WB,marmoset,#CF7700,Not assessed
marmoset:MB-HB:697,cluster,cross_species_WB,marmoset,#F2A202,Not assessed
marmoset:MB-HB:698,cluster,cross_species_WB,marmoset,#D37C00,Not assessed
marmoset:MB-HB:699,cluster,cross_species_WB,marmoset,#ED9D01,Not assessed
marmoset:MB-HB:7,cluster,cross_species_WB,marmoset,#7EFFA3,Not assessed
marmoset:MB-HB:70,cluster,cross_species_WB,marmoset,#470079,Not assessed
marmoset:MB-HB:700,cluster,cross_species_WB,marmoset,#D88100,Not assessed
marmoset:MB-HB:701,cluster,cross_species_WB,marmoset,#E99701,Not assessed
marmoset:MB-HB:702,cluster,cross_species_WB,marmoset,#DC8700,Not assessed
marmoset:MB-HB:703,cluster,cross_species_WB,marmoset,#53681D,Not assessed
marmoset:MB-HB:704,cluster,cross_species_WB,marmoset,#E59100,Not assessed
marmoset:MB-HB:705,cluster,cross_species_WB,marmoset,#576E1F,Not assessed
marmoset:MB-HB:706,cluster,cross_species_WB,marmoset,#FFFF5E,Not assessed
marmoset:MB-HB:707,cluster,cross_species_WB,marmoset,#00C979,Not assessed
marmoset:MB-HB:708,cluster,cross_species_WB,marmoset,#00CF7F,Not assessed
marmoset:MB-HB:709,cluster,cross_species_WB,marmoset,#9473CA,Not assessed
marmoset:MB-HB:71,cluster,cross_species_WB,marmoset,#6C019D,Not assessed
marmoset:MB-HB:710,cluster,cross_species_WB,marmoset,#587CFE,Not assessed
marmoset:MB-HB:711,cluster,cross_species_WB,marmoset,#4678FF,Not assessed
marmoset:MB-HB:712,cluster,cross_species_WB,marmoset,#557BFF,Not assessed
marmoset:MB-HB:713,cluster,cross_species_WB,marmoset,#4978FF,Not assessed
marmoset:MB-HB:714,cluster,cross_species_WB,marmoset,#527AFF,Not assessed
marmoset:MB-HB:715,cluster,cross_species_WB,marmoset,#4C79FF,Not assessed
marmoset:MB-HB:716,cluster,cross_species_WB,marmoset,#4F79FF,Not assessed
marmoset:MB-HB:717,cluster,cross_species_WB,marmoset,#CD626C,Not assessed
marmoset:MB-HB:718,cluster,cross_species_WB,marmoset,#76CC5C,Not assessed
marmoset:MB-HB:719,cluster,cross_species_WB,marmoset,#A281CE,Not assessed
marmoset:MB-HB:72,cluster,cross_species_WB,marmoset,#FE5D06,Not assessed
marmoset:MB-HB:720,cluster,cross_species_WB,marmoset,#CB5968,Not assessed
marmoset:MB-HB:721,cluster,cross_species_WB,marmoset,#C1FF2C,Not assessed
marmoset:MB-HB:722,cluster,cross_species_WB,marmoset,#C3FF22,Not assessed
marmoset:MB-HB:723,cluster,cross_species_WB,marmoset,#CC1F66,Not assessed
marmoset:MB-HB:724,cluster,cross_species_WB,marmoset,#9675CB,Not assessed
marmoset:MB-HB:725,cluster,cross_species_WB,marmoset,#F98802,Not assessed
marmoset:MB-HB:726,cluster,cross_species_WB,marmoset,#BDFFA2,Not assessed
marmoset:MB-HB:727,cluster,cross_species_WB,marmoset,#DD6600,Not assessed
marmoset:MB-HB:728,cluster,cross_species_WB,marmoset,#F68301,Not assessed
marmoset:MB-HB:729,cluster,cross_species_WB,marmoset,#46C0CD,Not assessed
marmoset:MB-HB:73,cluster,cross_species_WB,marmoset,#00356E,Not assessed
marmoset:MB-HB:730,cluster,cross_species_WB,marmoset,#38C3CB,Not assessed
marmoset:MB-HB:731,cluster,cross_species_WB,marmoset,#85CC00,Not assessed
marmoset:MB-HB:732,cluster,cross_species_WB,marmoset,#B45D53,Not assessed
marmoset:MB-HB:733,cluster,cross_species_WB,marmoset,#62F7FE,Not assessed
marmoset:MB-HB:734,cluster,cross_species_WB,marmoset,#40FFF9,Not assessed
marmoset:MB-HB:735,cluster,cross_species_WB,marmoset,#A36146,Not assessed
marmoset:MB-HB:736,cluster,cross_species_WB,marmoset,#5BF9FE,Not assessed
marmoset:MB-HB:737,cluster,cross_species_WB,marmoset,#985640,Not assessed
marmoset:MB-HB:738,cluster,cross_species_WB,marmoset,#6C003A,Not assessed
marmoset:MB-HB:739,cluster,cross_species_WB,marmoset,#33C7E3,Not assessed
marmoset:MB-HB:74,cluster,cross_species_WB,marmoset,#45996C,Not assessed
marmoset:MB-HB:740,cluster,cross_species_WB,marmoset,#1CCDDD,Not assessed
marmoset:MB-HB:741,cluster,cross_species_WB,marmoset,#2EC8E2,Not assessed
marmoset:MB-HB:742,cluster,cross_species_WB,marmoset,#26FF93,Not assessed
marmoset:MB-HB:743,cluster,cross_species_WB,marmoset,#1DCEE1,Not assessed
marmoset:MB-HB:744,cluster,cross_species_WB,marmoset,#2ACAE2,Not assessed
marmoset:MB-HB:745,cluster,cross_species_WB,marmoset,#21CDE2,Not assessed
marmoset:MB-HB:746,cluster,cross_species_WB,marmoset,#42C1CD,Not assessed
marmoset:MB-HB:747,cluster,cross_species_WB,marmoset,#A1CCA1,Not assessed
marmoset:MB-HB:748,cluster,cross_species_WB,marmoset,#2E3399,Not assessed
marmoset:MB-HB:749,cluster,cross_species_WB,marmoset,#9AC999,Not assessed
marmoset:MB-HB:75,cluster,cross_species_WB,marmoset,#FE1E07,Not assessed
marmoset:MB-HB:750,cluster,cross_species_WB,marmoset,#B6655B,Not assessed
marmoset:MB-HB:751,cluster,cross_species_WB,marmoset,#00FF08,Not assessed
marmoset:MB-HB:752,cluster,cross_species_WB,marmoset,#EE019B,Not assessed
marmoset:MB-HB:753,cluster,cross_species_WB,marmoset,#9E5C43,Not assessed
marmoset:MB-HB:754,cluster,cross_species_WB,marmoset,#885000,Not assessed
marmoset:MB-HB:755,cluster,cross_species_WB,marmoset,#925800,Not assessed
marmoset:MB-HB:756,cluster,cross_species_WB,marmoset,#FB6EA5,Not assessed
marmoset:MB-HB:757,cluster,cross_species_WB,marmoset,#FD4FA1,Not assessed
marmoset:MB-HB:758,cluster,cross_species_WB,marmoset,#FC6AA4,Not assessed
marmoset:MB-HB:759,cluster,cross_species_WB,marmoset,#FC53A1,Not assessed
marmoset:MB-HB:76,cluster,cross_species_WB,marmoset,#070052,Not assessed
marmoset:MB-HB:760,cluster,cross_species_WB,marmoset,#46FFFC,Not assessed
marmoset:MB-HB:761,cluster,cross_species_WB,marmoset,#25CBE2,Not assessed
marmoset:MB-HB:762,cluster,cross_species_WB,marmoset,#54FCFF,Not assessed
marmoset:MB-HB:763,cluster,cross_species_WB,marmoset,#4DFFFF,Not assessed
marmoset:MB-HB:764,cluster,cross_species_WB,marmoset,#C1FFAA,Not assessed
marmoset:MB-HB:765,cluster,cross_species_WB,marmoset,#B63933,Not assessed
marmoset:MB-HB:766,cluster,cross_species_WB,marmoset,#E16A00,Not assessed
marmoset:MB-HB:767,cluster,cross_species_WB,marmoset,#941176,Not assessed
marmoset:MB-HB:768,cluster,cross_species_WB,marmoset,#5C997D,Not assessed
marmoset:MB-HB:769,cluster,cross_species_WB,marmoset,#F0E975,Not assessed
marmoset:MB-HB:77,cluster,cross_species_WB,marmoset,#1A335A,Not assessed
marmoset:MB-HB:770,cluster,cross_species_WB,marmoset,#FC67A3,Not assessed
marmoset:MB-HB:771,cluster,cross_species_WB,marmoset,#ED00A6,Not assessed
marmoset:MB-HB:772,cluster,cross_species_WB,marmoset,#660038,Not assessed
marmoset:MB-HB:773,cluster,cross_species_WB,marmoset,#FC57A1,Not assessed
marmoset:MB-HB:774,cluster,cross_species_WB,marmoset,#B7D06E,Not assessed
marmoset:MB-HB:775,cluster,cross_species_WB,marmoset,#ABFFB8,Not assessed
marmoset:MB-HB:776,cluster,cross_species_WB,marmoset,#B7C94C,Not assessed
marmoset:MB-HB:777,cluster,cross_species_WB,marmoset,#A9FF89,Not assessed
marmoset:MB-HB:778,cluster,cross_species_WB,marmoset,#F70284,Not assessed
marmoset:MB-HB:779,cluster,cross_species_WB,marmoset,#3023FF,Not assessed
marmoset:MB-HB:78,cluster,cross_species_WB,marmoset,#005BBA,Not assessed
marmoset:MB-HB:780,cluster,cross_species_WB,marmoset,#D60088,Not assessed
marmoset:MB-HB:781,cluster,cross_species_WB,marmoset,#E3009B,Not assessed
marmoset:MB-HB:782,cluster,cross_species_WB,marmoset,#E18C00,Not assessed
marmoset:MB-HB:783,cluster,cross_species_WB,marmoset,#F21C9E,Not assessed
marmoset:MB-HB:784,cluster,cross_species_WB,marmoset,#F40185,Not assessed
marmoset:MB-HB:785,cluster,cross_species_WB,marmoset,#D90088,Not assessed
marmoset:MB-HB:786,cluster,cross_species_WB,marmoset,#F20185,Not assessed
marmoset:MB-HB:787,cluster,cross_species_WB,marmoset,#F27F01,Not assessed
marmoset:MB-HB:788,cluster,cross_species_WB,marmoset,#E46E00,Not assessed
marmoset:MB-HB:789,cluster,cross_species_WB,marmoset,#FC63A3,Not assessed
marmoset:MB-HB:79,cluster,cross_species_WB,marmoset,#0156D8,Not assessed
marmoset:MB-HB:790,cluster,cross_species_WB,marmoset,#FC5BA2,Not assessed
marmoset:MB-HB:791,cluster,cross_species_WB,marmoset,#C8FFA0,Not assessed
marmoset:MB-HB:792,cluster,cross_species_WB,marmoset,#77F7ED,Not assessed
marmoset:MB-HB:793,cluster,cross_species_WB,marmoset,#DC0088,Not assessed
marmoset:MB-HB:794,cluster,cross_species_WB,marmoset,#5A005B,Not assessed
marmoset:MB-HB:795,cluster,cross_species_WB,marmoset,#EF0186,Not assessed
marmoset:MB-HB:796,cluster,cross_species_WB,marmoset,#C5FF97,Not assessed
marmoset:MB-HB:797,cluster,cross_species_WB,marmoset,#B6CF6C,Not assessed
marmoset:MB-HB:798,cluster,cross_species_WB,marmoset,#396142,Not assessed
marmoset:MB-HB:799,cluster,cross_species_WB,marmoset,#416B4D,Not assessed
marmoset:MB-HB:8,cluster,cross_species_WB,marmoset,#954C43,Not assessed
marmoset:MB-HB:80,cluster,cross_species_WB,marmoset,#5AD160,Not assessed
marmoset:MB-HB:800,cluster,cross_species_WB,marmoset,#B7CA4E,Not assessed
marmoset:MB-HB:801,cluster,cross_species_WB,marmoset,#B6CF6A,Not assessed
marmoset:MB-HB:802,cluster,cross_species_WB,marmoset,#B7CA50,Not assessed
marmoset:MB-HB:803,cluster,cross_species_WB,marmoset,#9AFBBF,Not assessed
marmoset:MB-HB:804,cluster,cross_species_WB,marmoset,#B6CE68,Not assessed
marmoset:MB-HB:805,cluster,cross_species_WB,marmoset,#EF7A00,Not assessed
marmoset:MB-HB:806,cluster,cross_species_WB,marmoset,#B7FBD8,Not assessed
marmoset:MB-HB:807,cluster,cross_species_WB,marmoset,#620010,Not assessed
marmoset:MB-HB:808,cluster,cross_species_WB,marmoset,#3A6243,Not assessed
marmoset:MB-HB:809,cluster,cross_species_WB,marmoset,#B7CA52,Not assessed
marmoset:MB-HB:81,cluster,cross_species_WB,marmoset,#000B8D,Not assessed
marmoset:MB-HB:810,cluster,cross_species_WB,marmoset,#406A4B,Not assessed
marmoset:MB-HB:811,cluster,cross_species_WB,marmoset,#336976,Not assessed
marmoset:MB-HB:812,cluster,cross_species_WB,marmoset,#6541CD,Not assessed
marmoset:MB-HB:813,cluster,cross_species_WB,marmoset,#2E8799,Not assessed
marmoset:MB-HB:814,cluster,cross_species_WB,marmoset,#690010,Not assessed
marmoset:MB-HB:815,cluster,cross_species_WB,marmoset,#603DCC,Not assessed
marmoset:MB-HB:816,cluster,cross_species_WB,marmoset,#9C1895,Not assessed
marmoset:MB-HB:817,cluster,cross_species_WB,marmoset,#796DA1,Not assessed
marmoset:MB-HB:818,cluster,cross_species_WB,marmoset,#5F005E,Not assessed
marmoset:MB-HB:819,cluster,cross_species_WB,marmoset,#82CA1E,Not assessed
marmoset:MB-HB:82,cluster,cross_species_WB,marmoset,#FFB38A,Not assessed
marmoset:MB-HB:820,cluster,cross_species_WB,marmoset,#3B6445,Not assessed
marmoset:MB-HB:821,cluster,cross_species_WB,marmoset,#82CE20,Not assessed
marmoset:MB-HB:822,cluster,cross_species_WB,marmoset,#87009C,Not assessed
marmoset:MB-HB:823,cluster,cross_species_WB,marmoset,#830099,Not assessed
marmoset:MB-HB:824,cluster,cross_species_WB,marmoset,#B94C48,Not assessed
marmoset:MB-HB:825,cluster,cross_species_WB,marmoset,#A04B6D,Not assessed
marmoset:MB-HB:826,cluster,cross_species_WB,marmoset,#974568,Not assessed
marmoset:MB-HB:827,cluster,cross_species_WB,marmoset,#52D055,Not assessed
marmoset:MB-HB:828,cluster,cross_species_WB,marmoset,#4CCF4A,Not assessed
marmoset:MB-HB:829,cluster,cross_species_WB,marmoset,#6058AF,Not assessed
marmoset:MB-HB:83,cluster,cross_species_WB,marmoset,#CD7344,Not assessed
marmoset:MB-HB:830,cluster,cross_species_WB,marmoset,#50CF51,Not assessed
marmoset:MB-HB:831,cluster,cross_species_WB,marmoset,#C1FF2A,Not assessed
marmoset:MB-HB:832,cluster,cross_species_WB,marmoset,#4DCF4D,Not assessed
marmoset:MB-HB:833,cluster,cross_species_WB,marmoset,#000798,Not assessed
marmoset:MB-HB:834,cluster,cross_species_WB,marmoset,#C3FF24,Not assessed
marmoset:MB-HB:835,cluster,cross_species_WB,marmoset,#C1FF28,Not assessed
marmoset:MB-HB:836,cluster,cross_species_WB,marmoset,#FFBE96,Not assessed
marmoset:MB-HB:837,cluster,cross_species_WB,marmoset,#FFC49D,Not assessed
marmoset:MB-HB:838,cluster,cross_species_WB,marmoset,#00079A,Not assessed
marmoset:MB-HB:839,cluster,cross_species_WB,marmoset,#CD7041,Not assessed
marmoset:MB-HB:84,cluster,cross_species_WB,marmoset,#BA20DF,Not assessed
marmoset:MB-HB:840,cluster,cross_species_WB,marmoset,#AB1DD6,Not assessed
marmoset:MB-HB:841,cluster,cross_species_WB,marmoset,#CC693C,Not assessed
marmoset:MB-HB:842,cluster,cross_species_WB,marmoset,#932D8E,Not assessed
marmoset:MB-HB:843,cluster,cross_species_WB,marmoset,#BE4137,Not assessed
marmoset:MB-HB:844,cluster,cross_species_WB,marmoset,#B93C34,Not assessed
marmoset:MB-HB:845,cluster,cross_species_WB,marmoset,#65140F,Not assessed
marmoset:MB-HB:846,cluster,cross_species_WB,marmoset,#67140F,Not assessed
marmoset:MB-HB:847,cluster,cross_species_WB,marmoset,#A3FFAF,Not assessed
marmoset:MB-HB:848,cluster,cross_species_WB,marmoset,#306672,Not assessed
marmoset:MB-HB:849,cluster,cross_species_WB,marmoset,#CD7E81,Not assessed
marmoset:MB-HB:85,cluster,cross_species_WB,marmoset,#A01BCE,Not assessed
marmoset:MB-HB:850,cluster,cross_species_WB,marmoset,#AC5ECC,Not assessed
marmoset:MB-HB:851,cluster,cross_species_WB,marmoset,#5B4099,Not assessed
marmoset:MB-HB:852,cluster,cross_species_WB,marmoset,#3719F7,Not assessed
marmoset:MB-HB:853,cluster,cross_species_WB,marmoset,#4B29F7,Not assessed
marmoset:MB-HB:854,cluster,cross_species_WB,marmoset,#4121F7,Not assessed
marmoset:MB-HB:855,cluster,cross_species_WB,marmoset,#CC7A7E,Not assessed
marmoset:MB-HB:856,cluster,cross_species_WB,marmoset,#5A1F66,Not assessed
marmoset:MB-HB:857,cluster,cross_species_WB,marmoset,#0D0161,Not assessed
marmoset:MB-HB:858,cluster,cross_species_WB,marmoset,#825DCC,Not assessed
marmoset:MB-HB:859,cluster,cross_species_WB,marmoset,#D00047,Not assessed
marmoset:MB-HB:86,cluster,cross_species_WB,marmoset,#A21964,Not assessed
marmoset:MB-HB:860,cluster,cross_species_WB,marmoset,#0F5768,Not assessed
marmoset:MB-HB:861,cluster,cross_species_WB,marmoset,#0F5666,Not assessed
marmoset:MB-HB:862,cluster,cross_species_WB,marmoset,#4F642D,Not assessed
marmoset:MB-HB:863,cluster,cross_species_WB,marmoset,#51682F,Not assessed
marmoset:MB-HB:864,cluster,cross_species_WB,marmoset,#6F189B,Not assessed
marmoset:MB-HB:865,cluster,cross_species_WB,marmoset,#57CA4F,Not assessed
marmoset:MB-HB:866,cluster,cross_species_WB,marmoset,#C2FF25,Not assessed
marmoset:MB-HB:867,cluster,cross_species_WB,marmoset,#C2FF27,Not assessed
marmoset:MB-HB:868,cluster,cross_species_WB,marmoset,#A07749,Not assessed
marmoset:MB-HB:869,cluster,cross_species_WB,marmoset,#F0FF7C,Not assessed
marmoset:MB-HB:87,cluster,cross_species_WB,marmoset,#941660,Not assessed
marmoset:MB-HB:870,cluster,cross_species_WB,marmoset,#F2FF73,Not assessed
marmoset:MB-HB:871,cluster,cross_species_WB,marmoset,#7F9558,Not assessed
marmoset:MB-HB:872,cluster,cross_species_WB,marmoset,#64FF2C,Not assessed
marmoset:MB-HB:873,cluster,cross_species_WB,marmoset,#912C8D,Not assessed
marmoset:MB-HB:874,cluster,cross_species_WB,marmoset,#859D60,Not assessed
marmoset:MB-HB:875,cluster,cross_species_WB,marmoset,#971792,Not assessed
marmoset:MB-HB:876,cluster,cross_species_WB,marmoset,#69CF6B,Not assessed
marmoset:MB-HB:877,cluster,cross_species_WB,marmoset,#59CA53,Not assessed
marmoset:MB-HB:878,cluster,cross_species_WB,marmoset,#CD439D,Not assessed
marmoset:MB-HB:879,cluster,cross_species_WB,marmoset,#81975A,Not assessed
marmoset:MB-HB:88,cluster,cross_species_WB,marmoset,#BE645B,Not assessed
marmoset:MB-HB:880,cluster,cross_species_WB,marmoset,#8A9D18,Not assessed
marmoset:MB-HB:881,cluster,cross_species_WB,marmoset,#4D436E,Not assessed
marmoset:MB-HB:882,cluster,cross_species_WB,marmoset,#403961,Not assessed
marmoset:MB-HB:883,cluster,cross_species_WB,marmoset,#960027,Not assessed
marmoset:MB-HB:884,cluster,cross_species_WB,marmoset,#4A416B,Not assessed
marmoset:MB-HB:885,cluster,cross_species_WB,marmoset,#FEAC36,Not assessed
marmoset:MB-HB:886,cluster,cross_species_WB,marmoset,#9C0027,Not assessed
marmoset:MB-HB:887,cluster,cross_species_WB,marmoset,#CC3B9D,Not assessed
marmoset:MB-HB:888,cluster,cross_species_WB,marmoset,#CC3F9D,Not assessed
marmoset:MB-HB:889,cluster,cross_species_WB,marmoset,#48FF2A,Not assessed
marmoset:MB-HB:89,cluster,cross_species_WB,marmoset,#FB1100,Not assessed
marmoset:MB-HB:890,cluster,cross_species_WB,marmoset,#65CE65,Not assessed
marmoset:MB-HB:891,cluster,cross_species_WB,marmoset,#5CCB58,Not assessed
marmoset:MB-HB:892,cluster,cross_species_WB,marmoset,#47FF25,Not assessed
marmoset:MB-HB:893,cluster,cross_species_WB,marmoset,#47FF27,Not assessed
marmoset:MB-HB:894,cluster,cross_species_WB,marmoset,#FF911B,Not assessed
marmoset:MB-HB:895,cluster,cross_species_WB,marmoset,#FEA832,Not assessed
marmoset:MB-HB:896,cluster,cross_species_WB,marmoset,#2E7799,Not assessed
marmoset:MB-HB:897,cluster,cross_species_WB,marmoset,#650010,Not assessed
marmoset:MB-HB:898,cluster,cross_species_WB,marmoset,#9B1794,Not assessed
marmoset:MB-HB:899,cluster,cross_species_WB,marmoset,#670010,Not assessed
marmoset:MB-HB:9,cluster,cross_species_WB,marmoset,#9D5347,Not assessed
marmoset:MB-HB:90,cluster,cross_species_WB,marmoset,#961177,Not assessed
marmoset:MB-HB:900,cluster,cross_species_WB,marmoset,#991793,Not assessed
marmoset:MB-HB:901,cluster,cross_species_WB,marmoset,#FF73FF,Not assessed
marmoset:MB-HB:902,cluster,cross_species_WB,marmoset,#208ACE,Not assessed
marmoset:MB-HB:903,cluster,cross_species_WB,marmoset,#7B9428,Not assessed
marmoset:MB-HB:904,cluster,cross_species_WB,marmoset,#63FF26,Not assessed
marmoset:MB-HB:905,cluster,cross_species_WB,marmoset,#1F8ACB,Not assessed
marmoset:MB-HB:906,cluster,cross_species_WB,marmoset,#1F8ACD,Not assessed
marmoset:MB-HB:907,cluster,cross_species_WB,marmoset,#CCFF50,Not assessed
marmoset:MB-HB:908,cluster,cross_species_WB,marmoset,#A07FCD,Not assessed
marmoset:MB-HB:909,cluster,cross_species_WB,marmoset,#CD5F6B,Not assessed
marmoset:MB-HB:91,cluster,cross_species_WB,marmoset,#FF6AEC,Not assessed
marmoset:MB-HB:910,cluster,cross_species_WB,marmoset,#D88601,Not assessed
marmoset:MB-HB:911,cluster,cross_species_WB,marmoset,#CC5C69,Not assessed
marmoset:MB-HB:912,cluster,cross_species_WB,marmoset,#40D057,Not assessed
marmoset:MB-HB:913,cluster,cross_species_WB,marmoset,#F1A103,Not assessed
marmoset:MB-HB:914,cluster,cross_species_WB,marmoset,#3BC2CC,Not assessed
marmoset:MB-HB:915,cluster,cross_species_WB,marmoset,#3CD052,Not assessed
marmoset:MB-HB:916,cluster,cross_species_WB,marmoset,#BEFFA5,Not assessed
marmoset:MB-HB:917,cluster,cross_species_WB,marmoset,#C0FFA7,Not assessed
marmoset:MB-HB:918,cluster,cross_species_WB,marmoset,#3FC2CC,Not assessed
marmoset:MB-HB:919,cluster,cross_species_WB,marmoset,#B0FEFF,Not assessed
marmoset:MB-HB:92,cluster,cross_species_WB,marmoset,#6C1710,Not assessed
marmoset:MB-HB:920,cluster,cross_species_WB,marmoset,#F50E85,Not assessed
marmoset:MB-HB:921,cluster,cross_species_WB,marmoset,#CC5C81,Not assessed
marmoset:MB-HB:922,cluster,cross_species_WB,marmoset,#01BDEA,Not assessed
marmoset:MB-HB:923,cluster,cross_species_WB,marmoset,#35CC00,Not assessed
marmoset:MB-HB:924,cluster,cross_species_WB,marmoset,#A7FFB3,Not assessed
marmoset:MB-HB:925,cluster,cross_species_WB,marmoset,#CB3690,Not assessed
marmoset:MB-HB:926,cluster,cross_species_WB,marmoset,#9877CB,Not assessed
marmoset:MB-HB:927,cluster,cross_species_WB,marmoset,#CD4492,Not assessed
marmoset:MB-HB:928,cluster,cross_species_WB,marmoset,#00BBE2,Not assessed
marmoset:MB-HB:929,cluster,cross_species_WB,marmoset,#5A5596,Not assessed
marmoset:MB-HB:93,cluster,cross_species_WB,marmoset,#FF1B05,Not assessed
marmoset:MB-HB:930,cluster,cross_species_WB,marmoset,#EE2C69,Not assessed
marmoset:MB-HB:931,cluster,cross_species_WB,marmoset,#59A91B,Not assessed
marmoset:MB-HB:932,cluster,cross_species_WB,marmoset,#528F15,Not assessed
marmoset:MB-HB:933,cluster,cross_species_WB,marmoset,#9D496B,Not assessed
marmoset:MB-HB:934,cluster,cross_species_WB,marmoset,#B6CE66,Not assessed
marmoset:MB-HB:935,cluster,cross_species_WB,marmoset,#EE336B,Not assessed
marmoset:MB-HB:936,cluster,cross_species_WB,marmoset,#B6CB54,Not assessed
marmoset:MB-HB:937,cluster,cross_species_WB,marmoset,#B6CD63,Not assessed
marmoset:MB-HB:938,cluster,cross_species_WB,marmoset,#B70375,Not assessed
marmoset:MB-HB:939,cluster,cross_species_WB,marmoset,#3F6849,Not assessed
marmoset:MB-HB:94,cluster,cross_species_WB,marmoset,#FC1200,Not assessed
marmoset:MB-HB:940,cluster,cross_species_WB,marmoset,#3C6546,Not assessed
marmoset:MB-HB:941,cluster,cross_species_WB,marmoset,#1F8ACC,Not assessed
marmoset:MB-HB:942,cluster,cross_species_WB,marmoset,#860E71,Not assessed
marmoset:MB-HB:943,cluster,cross_species_WB,marmoset,#921075,Not assessed
marmoset:MB-HB:944,cluster,cross_species_WB,marmoset,#890E72,Not assessed
marmoset:MB-HB:945,cluster,cross_species_WB,marmoset,#8F1074,Not assessed
marmoset:MB-HB:946,cluster,cross_species_WB,marmoset,#B6CB57,Not assessed
marmoset:MB-HB:947,cluster,cross_species_WB,marmoset,#3E6748,Not assessed
marmoset:MB-HB:948,cluster,cross_species_WB,marmoset,#DF0088,Not assessed
marmoset:MB-HB:949,cluster,cross_species_WB,marmoset,#B6CD61,Not assessed
marmoset:MB-HB:95,cluster,cross_species_WB,marmoset,#FF1803,Not assessed
marmoset:MB-HB:950,cluster,cross_species_WB,marmoset,#EC0186,Not assessed
marmoset:MB-HB:951,cluster,cross_species_WB,marmoset,#E20087,Not assessed
marmoset:MB-HB:952,cluster,cross_species_WB,marmoset,#EA0086,Not assessed
marmoset:MB-HB:953,cluster,cross_species_WB,marmoset,#FC5FA2,Not assessed
marmoset:MB-HB:954,cluster,cross_species_WB,marmoset,#57A319,Not assessed
marmoset:MB-HB:955,cluster,cross_species_WB,marmoset,#549616,Not assessed
marmoset:MB-HB:956,cluster,cross_species_WB,marmoset,#569C18,Not assessed
marmoset:MB-HB:957,cluster,cross_species_WB,marmoset,#E50087,Not assessed
marmoset:MB-HB:958,cluster,cross_species_WB,marmoset,#E70087,Not assessed
marmoset:MB-HB:959,cluster,cross_species_WB,marmoset,#A0FBC4,Not assessed
marmoset:MB-HB:96,cluster,cross_species_WB,marmoset,#CB386F,Not assessed
marmoset:MB-HB:960,cluster,cross_species_WB,marmoset,#B7FBD7,Not assessed
marmoset:MB-HB:961,cluster,cross_species_WB,marmoset,#A6FBC9,Not assessed
marmoset:MB-HB:962,cluster,cross_species_WB,marmoset,#B6FBD6,Not assessed
marmoset:MB-HB:963,cluster,cross_species_WB,marmoset,#B6CB59,Not assessed
marmoset:MB-HB:964,cluster,cross_species_WB,marmoset,#ACFBCE,Not assessed
marmoset:MB-HB:965,cluster,cross_species_WB,marmoset,#B2FBD2,Not assessed
marmoset:MB-HB:966,cluster,cross_species_WB,marmoset,#B6CD5F,Not assessed
marmoset:MB-HB:967,cluster,cross_species_WB,marmoset,#FFC098,Not assessed
marmoset:MB-HB:968,cluster,cross_species_WB,marmoset,#5C2B81,Not assessed
marmoset:MB-HB:969,cluster,cross_species_WB,marmoset,#5E2B83,Not assessed
marmoset:MB-HB:97,cluster,cross_species_WB,marmoset,#62120E,Not assessed
marmoset:MB-HB:970,cluster,cross_species_WB,marmoset,#FFC29A,Not assessed
marmoset:MB-HB:971,cluster,cross_species_WB,marmoset,#CC6D3E,Not assessed
marmoset:MB-HB:972,cluster,cross_species_WB,marmoset,#FFD48B,Not assessed
marmoset:MB-HB:973,cluster,cross_species_WB,marmoset,#0F0165,Not assessed
marmoset:MB-HB:974,cluster,cross_species_WB,marmoset,#CB0048,Not assessed
marmoset:MB-HB:975,cluster,cross_species_WB,marmoset,#CD0048,Not assessed
marmoset:MB-HB:976,cluster,cross_species_WB,marmoset,#62CD60,Not assessed
marmoset:MB-HB:977,cluster,cross_species_WB,marmoset,#6C1799,Not assessed
marmoset:MB-HB:978,cluster,cross_species_WB,marmoset,#0E0163,Not assessed
marmoset:MB-HB:979,cluster,cross_species_WB,marmoset,#FF951F,Not assessed
marmoset:MB-HB:98,cluster,cross_species_WB,marmoset,#FF7CE8,Not assessed
marmoset:MB-HB:980,cluster,cross_species_WB,marmoset,#5FCC5C,Not assessed
marmoset:MB-HB:981,cluster,cross_species_WB,marmoset,#433C64,Not assessed
marmoset:MB-HB:982,cluster,cross_species_WB,marmoset,#473E68,Not assessed
marmoset:MB-HB:983,cluster,cross_species_WB,marmoset,#839B5E,Not assessed
marmoset:MB-HB:984,cluster,cross_species_WB,marmoset,#82995C,Not assessed
marmoset:MB-HB:985,cluster,cross_species_WB,marmoset,#9E7DCD,Not assessed
marmoset:MB-HB:986,cluster,cross_species_WB,marmoset,#997045,Not assessed
marmoset:MB-HB:987,cluster,cross_species_WB,marmoset,#EB009B,Not assessed
marmoset:MB-HB:988,cluster,cross_species_WB,marmoset,#3929FF,Not assessed
marmoset:MB-HB:989,cluster,cross_species_WB,marmoset,#E7009B,Not assessed
marmoset:MB-HB:99,cluster,cross_species_WB,marmoset,#2A8DDC,Not assessed
marmoset:MB-HB:990,cluster,cross_species_WB,marmoset,#BB3E36,Not assessed
marmoset:MB-HB:991,cluster,cross_species_WB,marmoset,#8B0F73,Not assessed
marmoset:MB-HB:992,cluster,cross_species_WB,marmoset,#9A476A,Not assessed
marmoset:MB-HB:993,cluster,cross_species_WB,marmoset,#B6CC5B,Not assessed
marmoset:MB-HB:994,cluster,cross_species_WB,marmoset,#8D0F73,Not assessed
marmoset:MB-HB:995,cluster,cross_species_WB,marmoset,#B6CC5D,Not assessed
marmoset:MB-HB:996,cluster,cross_species_WB,marmoset,#E87200,Not assessed
marmoset:MB-HB:997,cluster,cross_species_WB,marmoset,#EC7600,Not assessed
marmoset:MB-HB:998,cluster,cross_species_WB,marmoset,#FEA42E,Not assessed
marmoset:MB-HB:999,cluster,cross_species_WB,marmoset,#545090,Not assessed
marmoset:NN-IMN:1,cluster,cross_species_WB,marmoset,#53CFBF,Not assessed
marmoset:NN-IMN:10,cluster,cross_species_WB,marmoset,#B86BCF,Not assessed
marmoset:NN-IMN:100,cluster,cross_species_WB,marmoset,#3C5665,Not assessed
marmoset:NN-IMN:101,cluster,cross_species_WB,marmoset,#3E5867,Not assessed
marmoset:NN-IMN:102,cluster,cross_species_WB,marmoset,#FF8DCC,Not assessed
marmoset:NN-IMN:103,cluster,cross_species_WB,marmoset,#D7F500,Not assessed
marmoset:NN-IMN:104,cluster,cross_species_WB,marmoset,#FFA5D2,Not assessed
marmoset:NN-IMN:105,cluster,cross_species_WB,marmoset,#D2FE0B,Not assessed
marmoset:NN-IMN:106,cluster,cross_species_WB,marmoset,#FF95CE,Not assessed
marmoset:NN-IMN:107,cluster,cross_species_WB,marmoset,#9FFFC2,Not assessed
marmoset:NN-IMN:108,cluster,cross_species_WB,marmoset,#FF1BA4,Not assessed
marmoset:NN-IMN:109,cluster,cross_species_WB,marmoset,#FE329F,Not assessed
marmoset:NN-IMN:11,cluster,cross_species_WB,marmoset,#A04A6A,Not assessed
marmoset:NN-IMN:110,cluster,cross_species_WB,marmoset,#FF1EA3,Not assessed
marmoset:NN-IMN:111,cluster,cross_species_WB,marmoset,#137867,Not assessed
marmoset:NN-IMN:112,cluster,cross_species_WB,marmoset,#FE2F9F,Not assessed
marmoset:NN-IMN:113,cluster,cross_species_WB,marmoset,#0D5D4B,Not assessed
marmoset:NN-IMN:114,cluster,cross_species_WB,marmoset,#116F5D,Not assessed
marmoset:NN-IMN:115,cluster,cross_species_WB,marmoset,#AEABDC,Not assessed
marmoset:NN-IMN:116,cluster,cross_species_WB,marmoset,#0F6654,Not assessed
marmoset:NN-IMN:117,cluster,cross_species_WB,marmoset,#9F9ED8,Not assessed
marmoset:NN-IMN:118,cluster,cross_species_WB,marmoset,#B568CE,Not assessed
marmoset:NN-IMN:119,cluster,cross_species_WB,marmoset,#A551CA,Not assessed
marmoset:NN-IMN:12,cluster,cross_species_WB,marmoset,#5B375E,Not assessed
marmoset:NN-IMN:120,cluster,cross_species_WB,marmoset,#B567CE,Not assessed
marmoset:NN-IMN:121,cluster,cross_species_WB,marmoset,#A652CA,Not assessed
marmoset:NN-IMN:122,cluster,cross_species_WB,marmoset,#FF1CCE,Not assessed
marmoset:NN-IMN:123,cluster,cross_species_WB,marmoset,#FE31C8,Not assessed
marmoset:NN-IMN:124,cluster,cross_species_WB,marmoset,#31C5A2,Not assessed
marmoset:NN-IMN:125,cluster,cross_species_WB,marmoset,#4ECEBC,Not assessed
marmoset:NN-IMN:126,cluster,cross_species_WB,marmoset,#32C6A4,Not assessed
marmoset:NN-IMN:127,cluster,cross_species_WB,marmoset,#4DCEBB,Not assessed
marmoset:NN-IMN:128,cluster,cross_species_WB,marmoset,#32C6A5,Not assessed
marmoset:NN-IMN:129,cluster,cross_species_WB,marmoset,#4CCEBA,Not assessed
marmoset:NN-IMN:13,cluster,cross_species_WB,marmoset,#FFAA7E,Not assessed
marmoset:NN-IMN:130,cluster,cross_species_WB,marmoset,#32C7A6,Not assessed
marmoset:NN-IMN:131,cluster,cross_species_WB,marmoset,#4BCEBA,Not assessed
marmoset:NN-IMN:132,cluster,cross_species_WB,marmoset,#B466CE,Not assessed
marmoset:NN-IMN:133,cluster,cross_species_WB,marmoset,#A754CB,Not assessed
marmoset:NN-IMN:134,cluster,cross_species_WB,marmoset,#B364CE,Not assessed
marmoset:NN-IMN:135,cluster,cross_species_WB,marmoset,#94FFB8,Not assessed
marmoset:NN-IMN:136,cluster,cross_species_WB,marmoset,#9EFFC0,Not assessed
marmoset:NN-IMN:137,cluster,cross_species_WB,marmoset,#FF1ECD,Not assessed
marmoset:NN-IMN:138,cluster,cross_species_WB,marmoset,#C11C4F,Not assessed
marmoset:NN-IMN:139,cluster,cross_species_WB,marmoset,#9D4869,Not assessed
marmoset:NN-IMN:14,cluster,cross_species_WB,marmoset,#FF14A6,Not assessed
marmoset:NN-IMN:140,cluster,cross_species_WB,marmoset,#954365,Not assessed
marmoset:NN-IMN:141,cluster,cross_species_WB,marmoset,#9D4769,Not assessed
marmoset:NN-IMN:142,cluster,cross_species_WB,marmoset,#964366,Not assessed
marmoset:NN-IMN:143,cluster,cross_species_WB,marmoset,#33C8A7,Not assessed
marmoset:NN-IMN:144,cluster,cross_species_WB,marmoset,#4ACEB9,Not assessed
marmoset:NN-IMN:145,cluster,cross_species_WB,marmoset,#9C4768,Not assessed
marmoset:NN-IMN:146,cluster,cross_species_WB,marmoset,#FF996E,Not assessed
marmoset:NN-IMN:147,cluster,cross_species_WB,marmoset,#FFA479,Not assessed
marmoset:NN-IMN:148,cluster,cross_species_WB,marmoset,#33C9A8,Not assessed
marmoset:NN-IMN:149,cluster,cross_species_WB,marmoset,#48CDB8,Not assessed
marmoset:NN-IMN:15,cluster,cross_species_WB,marmoset,#849D30,Not assessed
marmoset:NN-IMN:150,cluster,cross_species_WB,marmoset,#6C426C,Not assessed
marmoset:NN-IMN:151,cluster,cross_species_WB,marmoset,#5F3961,Not assessed
marmoset:NN-IMN:152,cluster,cross_species_WB,marmoset,#96FFB9,Not assessed
marmoset:NN-IMN:153,cluster,cross_species_WB,marmoset,#A855CB,Not assessed
marmoset:NN-IMN:154,cluster,cross_species_WB,marmoset,#FE2FC9,Not assessed
marmoset:NN-IMN:155,cluster,cross_species_WB,marmoset,#B263CD,Not assessed
marmoset:NN-IMN:156,cluster,cross_species_WB,marmoset,#A956CB,Not assessed
marmoset:NN-IMN:157,cluster,cross_species_WB,marmoset,#6B416B,Not assessed
marmoset:NN-IMN:158,cluster,cross_species_WB,marmoset,#603A62,Not assessed
marmoset:NN-IMN:159,cluster,cross_species_WB,marmoset,#6A406A,Not assessed
marmoset:NN-IMN:16,cluster,cross_species_WB,marmoset,#BFBAE1,Not assessed
marmoset:NN-IMN:160,cluster,cross_species_WB,marmoset,#613A62,Not assessed
marmoset:NN-IMN:161,cluster,cross_species_WB,marmoset,#FF20CD,Not assessed
marmoset:NN-IMN:162,cluster,cross_species_WB,marmoset,#9CFFBF,Not assessed
marmoset:NN-IMN:163,cluster,cross_species_WB,marmoset,#FE2DC9,Not assessed
marmoset:NN-IMN:164,cluster,cross_species_WB,marmoset,#33CAA9,Not assessed
marmoset:NN-IMN:165,cluster,cross_species_WB,marmoset,#47CDB8,Not assessed
marmoset:NN-IMN:166,cluster,cross_species_WB,marmoset,#69406A,Not assessed
marmoset:NN-IMN:167,cluster,cross_species_WB,marmoset,#FF22CC,Not assessed
marmoset:NN-IMN:168,cluster,cross_species_WB,marmoset,#34CBAA,Not assessed
marmoset:NN-IMN:169,cluster,cross_species_WB,marmoset,#974466,Not assessed
marmoset:NN-IMN:17,cluster,cross_species_WB,marmoset,#6E446E,Not assessed
marmoset:NN-IMN:170,cluster,cross_species_WB,marmoset,#46CDB7,Not assessed
marmoset:NN-IMN:171,cluster,cross_species_WB,marmoset,#FF2ACA,Not assessed
marmoset:NN-IMN:172,cluster,cross_species_WB,marmoset,#AAA8DB,Not assessed
marmoset:NN-IMN:173,cluster,cross_species_WB,marmoset,#35CBAB,Not assessed
marmoset:NN-IMN:174,cluster,cross_species_WB,marmoset,#45CDB6,Not assessed
marmoset:NN-IMN:175,cluster,cross_species_WB,marmoset,#D7224C,Not assessed
marmoset:NN-IMN:176,cluster,cross_species_WB,marmoset,#64473B,Not assessed
marmoset:NN-IMN:177,cluster,cross_species_WB,marmoset,#C31C4F,Not assessed
marmoset:NN-IMN:178,cluster,cross_species_WB,marmoset,#9B4668,Not assessed
marmoset:NN-IMN:179,cluster,cross_species_WB,marmoset,#984467,Not assessed
marmoset:NN-IMN:18,cluster,cross_species_WB,marmoset,#A24DCA,Not assessed
marmoset:NN-IMN:180,cluster,cross_species_WB,marmoset,#9A4667,Not assessed
marmoset:NN-IMN:181,cluster,cross_species_WB,marmoset,#D5224C,Not assessed
marmoset:NN-IMN:182,cluster,cross_species_WB,marmoset,#A3A1D8,Not assessed
marmoset:NN-IMN:183,cluster,cross_species_WB,marmoset,#A7A5DA,Not assessed
marmoset:NN-IMN:184,cluster,cross_species_WB,marmoset,#C51D4F,Not assessed
marmoset:NN-IMN:185,cluster,cross_species_WB,marmoset,#D3214D,Not assessed
marmoset:NN-IMN:186,cluster,cross_species_WB,marmoset,#2DA51A,Not assessed
marmoset:NN-IMN:187,cluster,cross_species_WB,marmoset,#36CBAC,Not assessed
marmoset:NN-IMN:188,cluster,cross_species_WB,marmoset,#44CDB6,Not assessed
marmoset:NN-IMN:189,cluster,cross_species_WB,marmoset,#37CBAD,Not assessed
marmoset:NN-IMN:19,cluster,cross_species_WB,marmoset,#ACFECC,Not assessed
marmoset:NN-IMN:190,cluster,cross_species_WB,marmoset,#D7F800,Not assessed
marmoset:NN-IMN:191,cluster,cross_species_WB,marmoset,#2D9115,Not assessed
marmoset:NN-IMN:192,cluster,cross_species_WB,marmoset,#2DA019,Not assessed
marmoset:NN-IMN:193,cluster,cross_species_WB,marmoset,#2D9716,Not assessed
marmoset:NN-IMN:194,cluster,cross_species_WB,marmoset,#2D9B18,Not assessed
marmoset:NN-IMN:195,cluster,cross_species_WB,marmoset,#FF24CC,Not assessed
marmoset:NN-IMN:196,cluster,cross_species_WB,marmoset,#FF21A2,Not assessed
marmoset:NN-IMN:197,cluster,cross_species_WB,marmoset,#C71E4F,Not assessed
marmoset:NN-IMN:198,cluster,cross_species_WB,marmoset,#623B63,Not assessed
marmoset:NN-IMN:199,cluster,cross_species_WB,marmoset,#D3FE08,Not assessed
marmoset:NN-IMN:2,cluster,cross_species_WB,marmoset,#563AB4,Not assessed
marmoset:NN-IMN:20,cluster,cross_species_WB,marmoset,#88FFAC,Not assessed
marmoset:NN-IMN:200,cluster,cross_species_WB,marmoset,#D8FB00,Not assessed
marmoset:NN-IMN:201,cluster,cross_species_WB,marmoset,#D5FF05,Not assessed
marmoset:NN-IMN:202,cluster,cross_species_WB,marmoset,#D8FE00,Not assessed
marmoset:NN-IMN:203,cluster,cross_species_WB,marmoset,#D7FF02,Not assessed
marmoset:NN-IMN:204,cluster,cross_species_WB,marmoset,#43CDB5,Not assessed
marmoset:NN-IMN:205,cluster,cross_species_WB,marmoset,#97FFBB,Not assessed
marmoset:NN-IMN:206,cluster,cross_species_WB,marmoset,#B162CD,Not assessed
marmoset:NN-IMN:207,cluster,cross_species_WB,marmoset,#FF9DD0,Not assessed
marmoset:NN-IMN:208,cluster,cross_species_WB,marmoset,#AA57CB,Not assessed
marmoset:NN-IMN:209,cluster,cross_species_WB,marmoset,#B061CD,Not assessed
marmoset:NN-IMN:21,cluster,cross_species_WB,marmoset,#0833CE,Not assessed
marmoset:NN-IMN:210,cluster,cross_species_WB,marmoset,#AA58CB,Not assessed
marmoset:NN-IMN:211,cluster,cross_species_WB,marmoset,#B060CD,Not assessed
marmoset:NN-IMN:212,cluster,cross_species_WB,marmoset,#AB5ACC,Not assessed
marmoset:NN-IMN:213,cluster,cross_species_WB,marmoset,#38CBAD,Not assessed
marmoset:NN-IMN:214,cluster,cross_species_WB,marmoset,#42CDB4,Not assessed
marmoset:NN-IMN:215,cluster,cross_species_WB,marmoset,#994567,Not assessed
marmoset:NN-IMN:216,cluster,cross_species_WB,marmoset,#FF9F73,Not assessed
marmoset:NN-IMN:217,cluster,cross_species_WB,marmoset,#FF28CA,Not assessed
marmoset:NN-IMN:218,cluster,cross_species_WB,marmoset,#39CCAE,Not assessed
marmoset:NN-IMN:219,cluster,cross_species_WB,marmoset,#683F69,Not assessed
marmoset:NN-IMN:22,cluster,cross_species_WB,marmoset,#6E5244,Not assessed
marmoset:NN-IMN:220,cluster,cross_species_WB,marmoset,#AF5ECC,Not assessed
marmoset:NN-IMN:221,cluster,cross_species_WB,marmoset,#633B64,Not assessed
marmoset:NN-IMN:222,cluster,cross_species_WB,marmoset,#673F68,Not assessed
marmoset:NN-IMN:223,cluster,cross_species_WB,marmoset,#643C65,Not assessed
marmoset:NN-IMN:224,cluster,cross_species_WB,marmoset,#663E67,Not assessed
marmoset:NN-IMN:225,cluster,cross_species_WB,marmoset,#FF2BA0,Not assessed
marmoset:NN-IMN:226,cluster,cross_species_WB,marmoset,#FF26CB,Not assessed
marmoset:NN-IMN:227,cluster,cross_species_WB,marmoset,#FF24A1,Not assessed
marmoset:NN-IMN:228,cluster,cross_species_WB,marmoset,#FF28A1,Not assessed
marmoset:NN-IMN:229,cluster,cross_species_WB,marmoset,#D1214D,Not assessed
marmoset:NN-IMN:23,cluster,cross_species_WB,marmoset,#ABFECB,Not assessed
marmoset:NN-IMN:230,cluster,cross_species_WB,marmoset,#684B3F,Not assessed
marmoset:NN-IMN:231,cluster,cross_species_WB,marmoset,#66493D,Not assessed
marmoset:NN-IMN:232,cluster,cross_species_WB,marmoset,#C91E4E,Not assessed
marmoset:NN-IMN:233,cluster,cross_species_WB,marmoset,#CF204D,Not assessed
marmoset:NN-IMN:234,cluster,cross_species_WB,marmoset,#41CDB4,Not assessed
marmoset:NN-IMN:235,cluster,cross_species_WB,marmoset,#3ACCAF,Not assessed
marmoset:NN-IMN:236,cluster,cross_species_WB,marmoset,#40CCB3,Not assessed
marmoset:NN-IMN:237,cluster,cross_species_WB,marmoset,#3BCCB0,Not assessed
marmoset:NN-IMN:238,cluster,cross_species_WB,marmoset,#3FCCB2,Not assessed
marmoset:NN-IMN:239,cluster,cross_species_WB,marmoset,#3CCCB0,Not assessed
marmoset:NN-IMN:24,cluster,cross_species_WB,marmoset,#DB264C,Not assessed
marmoset:NN-IMN:240,cluster,cross_species_WB,marmoset,#3ECCB2,Not assessed
marmoset:NN-IMN:241,cluster,cross_species_WB,marmoset,#3DCCB1,Not assessed
marmoset:NN-IMN:242,cluster,cross_species_WB,marmoset,#AC5BCC,Not assessed
marmoset:NN-IMN:243,cluster,cross_species_WB,marmoset,#653D66,Not assessed
marmoset:NN-IMN:244,cluster,cross_species_WB,marmoset,#653D66,Not assessed
marmoset:NN-IMN:245,cluster,cross_species_WB,marmoset,#AE5DCC,Not assessed
marmoset:NN-IMN:246,cluster,cross_species_WB,marmoset,#9BFFBD,Not assessed
marmoset:NN-IMN:247,cluster,cross_species_WB,marmoset,#AD5CCC,Not assessed
marmoset:NN-IMN:248,cluster,cross_species_WB,marmoset,#CB1F4E,Not assessed
marmoset:NN-IMN:249,cluster,cross_species_WB,marmoset,#CD1F4E,Not assessed
marmoset:NN-IMN:25,cluster,cross_species_WB,marmoset,#89FFAD,Not assessed
marmoset:NN-IMN:250,cluster,cross_species_WB,marmoset,#99FFBC,Not assessed
marmoset:NN-IMN:26,cluster,cross_species_WB,marmoset,#A9FECA,Not assessed
marmoset:NN-IMN:27,cluster,cross_species_WB,marmoset,#8BFFAF,Not assessed
marmoset:NN-IMN:28,cluster,cross_species_WB,marmoset,#30C29E,Not assessed
marmoset:NN-IMN:29,cluster,cross_species_WB,marmoset,#A8FEC8,Not assessed
marmoset:NN-IMN:3,cluster,cross_species_WB,marmoset,#962B00,Not assessed
marmoset:NN-IMN:30,cluster,cross_species_WB,marmoset,#8DFFB0,Not assessed
marmoset:NN-IMN:31,cluster,cross_species_WB,marmoset,#A6FFC7,Not assessed
marmoset:NN-IMN:32,cluster,cross_species_WB,marmoset,#8EFFB2,Not assessed
marmoset:NN-IMN:33,cluster,cross_species_WB,marmoset,#A4FFC6,Not assessed
marmoset:NN-IMN:34,cluster,cross_species_WB,marmoset,#90FFB3,Not assessed
marmoset:NN-IMN:35,cluster,cross_species_WB,marmoset,#934164,Not assessed
marmoset:NN-IMN:36,cluster,cross_species_WB,marmoset,#9F496A,Not assessed
marmoset:NN-IMN:37,cluster,cross_species_WB,marmoset,#944164,Not assessed
marmoset:NN-IMN:38,cluster,cross_species_WB,marmoset,#9E496A,Not assessed
marmoset:NN-IMN:39,cluster,cross_species_WB,marmoset,#A3FFC4,Not assessed
marmoset:NN-IMN:4,cluster,cross_species_WB,marmoset,#859F31,Not assessed
marmoset:NN-IMN:40,cluster,cross_species_WB,marmoset,#91FFB5,Not assessed
marmoset:NN-IMN:41,cluster,cross_species_WB,marmoset,#5C375E,Not assessed
marmoset:NN-IMN:42,cluster,cross_species_WB,marmoset,#6D436D,Not assessed
marmoset:NN-IMN:43,cluster,cross_species_WB,marmoset,#81982D,Not assessed
marmoset:NN-IMN:44,cluster,cross_species_WB,marmoset,#5D385F,Not assessed
marmoset:NN-IMN:45,cluster,cross_species_WB,marmoset,#CE65C1,Not assessed
marmoset:NN-IMN:46,cluster,cross_species_WB,marmoset,#FF18CF,Not assessed
marmoset:NN-IMN:47,cluster,cross_species_WB,marmoset,#52CFBE,Not assessed
marmoset:NN-IMN:48,cluster,cross_species_WB,marmoset,#8E91D3,Not assessed
marmoset:NN-IMN:49,cluster,cross_species_WB,marmoset,#BBB7E0,Not assessed
marmoset:NN-IMN:5,cluster,cross_species_WB,marmoset,#80952C,Not assessed
marmoset:NN-IMN:50,cluster,cross_species_WB,marmoset,#BC1B50,Not assessed
marmoset:NN-IMN:51,cluster,cross_species_WB,marmoset,#FE35C7,Not assessed
marmoset:NN-IMN:52,cluster,cross_species_WB,marmoset,#B76ACF,Not assessed
marmoset:NN-IMN:53,cluster,cross_species_WB,marmoset,#FF1ACF,Not assessed
marmoset:NN-IMN:54,cluster,cross_species_WB,marmoset,#FE33C8,Not assessed
marmoset:NN-IMN:55,cluster,cross_species_WB,marmoset,#30C29F,Not assessed
marmoset:NN-IMN:56,cluster,cross_species_WB,marmoset,#A1FFC3,Not assessed
marmoset:NN-IMN:57,cluster,cross_species_WB,marmoset,#604238,Not assessed
marmoset:NN-IMN:58,cluster,cross_species_WB,marmoset,#DB244B,Not assessed
marmoset:NN-IMN:59,cluster,cross_species_WB,marmoset,#6C5042,Not assessed
marmoset:NN-IMN:6,cluster,cross_species_WB,marmoset,#A04BC9,Not assessed
marmoset:NN-IMN:60,cluster,cross_species_WB,marmoset,#62453A,Not assessed
marmoset:NN-IMN:61,cluster,cross_species_WB,marmoset,#CCA27A,Not assessed
marmoset:NN-IMN:62,cluster,cross_species_WB,marmoset,#A34FCA,Not assessed
marmoset:NN-IMN:63,cluster,cross_species_WB,marmoset,#6A4D40,Not assessed
marmoset:NN-IMN:64,cluster,cross_species_WB,marmoset,#B669CE,Not assessed
marmoset:NN-IMN:65,cluster,cross_species_WB,marmoset,#A450CA,Not assessed
marmoset:NN-IMN:66,cluster,cross_species_WB,marmoset,#6D426C,Not assessed
marmoset:NN-IMN:67,cluster,cross_species_WB,marmoset,#CDFD14,Not assessed
marmoset:NN-IMN:68,cluster,cross_species_WB,marmoset,#93FFB6,Not assessed
marmoset:NN-IMN:69,cluster,cross_species_WB,marmoset,#51CFBD,Not assessed
marmoset:NN-IMN:7,cluster,cross_species_WB,marmoset,#B86DCF,Not assessed
marmoset:NN-IMN:70,cluster,cross_species_WB,marmoset,#FE399E,Not assessed
marmoset:NN-IMN:71,cluster,cross_species_WB,marmoset,#839A2F,Not assessed
marmoset:NN-IMN:72,cluster,cross_species_WB,marmoset,#CB56C2,Not assessed
marmoset:NN-IMN:73,cluster,cross_species_WB,marmoset,#31C3A0,Not assessed
marmoset:NN-IMN:74,cluster,cross_species_WB,marmoset,#BE1B50,Not assessed
marmoset:NN-IMN:75,cluster,cross_species_WB,marmoset,#9293D4,Not assessed
marmoset:NN-IMN:76,cluster,cross_species_WB,marmoset,#944265,Not assessed
marmoset:NN-IMN:77,cluster,cross_species_WB,marmoset,#D9234B,Not assessed
marmoset:NN-IMN:78,cluster,cross_species_WB,marmoset,#B8B4DF,Not assessed
marmoset:NN-IMN:79,cluster,cross_species_WB,marmoset,#FEAED5,Not assessed
marmoset:NN-IMN:8,cluster,cross_species_WB,marmoset,#A14CC9,Not assessed
marmoset:NN-IMN:80,cluster,cross_species_WB,marmoset,#9596D5,Not assessed
marmoset:NN-IMN:81,cluster,cross_species_WB,marmoset,#B5B1DE,Not assessed
marmoset:NN-IMN:82,cluster,cross_species_WB,marmoset,#9898D6,Not assessed
marmoset:NN-IMN:83,cluster,cross_species_WB,marmoset,#CD62C1,Not assessed
marmoset:NN-IMN:84,cluster,cross_species_WB,marmoset,#50CEBD,Not assessed
marmoset:NN-IMN:85,cluster,cross_species_WB,marmoset,#CC5AC1,Not assessed
marmoset:NN-IMN:86,cluster,cross_species_WB,marmoset,#CC5EC1,Not assessed
marmoset:NN-IMN:87,cluster,cross_species_WB,marmoset,#5E3860,Not assessed
marmoset:NN-IMN:88,cluster,cross_species_WB,marmoset,#2D8C14,Not assessed
marmoset:NN-IMN:89,cluster,cross_species_WB,marmoset,#0C5442,Not assessed
marmoset:NN-IMN:9,cluster,cross_species_WB,marmoset,#FE37C7,Not assessed
marmoset:NN-IMN:90,cluster,cross_species_WB,marmoset,#B1AEDD,Not assessed
marmoset:NN-IMN:91,cluster,cross_species_WB,marmoset,#31C4A1,Not assessed
marmoset:NN-IMN:92,cluster,cross_species_WB,marmoset,#9C9BD7,Not assessed
marmoset:NN-IMN:93,cluster,cross_species_WB,marmoset,#4FCEBC,Not assessed
marmoset:NN-IMN:94,cluster,cross_species_WB,marmoset,#FF17A5,Not assessed
marmoset:NN-IMN:95,cluster,cross_species_WB,marmoset,#D6EF00,Not assessed
marmoset:NN-IMN:96,cluster,cross_species_WB,marmoset,#FE369F,Not assessed
marmoset:NN-IMN:97,cluster,cross_species_WB,marmoset,#CEFE11,Not assessed
marmoset:NN-IMN:98,cluster,cross_species_WB,marmoset,#D6F200,Not assessed
marmoset:NN-IMN:99,cluster,cross_species_WB,marmoset,#D0FE0E,Not assessed
marmoset:Pallium-Glut:1,cluster,cross_species_WB,marmoset,#99619F,Not assessed
marmoset:Pallium-Glut:10,cluster,cross_species_WB,marmoset,#97FF8E,Not assessed
marmoset:Pallium-Glut:100,cluster,cross_species_WB,marmoset,#A2A8FF,Not assessed
marmoset:Pallium-Glut:101,cluster,cross_species_WB,marmoset,#949FFF,Not assessed
marmoset:Pallium-Glut:102,cluster,cross_species_WB,marmoset,#5B0D34,Not assessed
marmoset:Pallium-Glut:103,cluster,cross_species_WB,marmoset,#DB3201,Not assessed
marmoset:Pallium-Glut:104,cluster,cross_species_WB,marmoset,#FE0D4C,Not assessed
marmoset:Pallium-Glut:105,cluster,cross_species_WB,marmoset,#3D53CC,Not assessed
marmoset:Pallium-Glut:106,cluster,cross_species_WB,marmoset,#8627CD,Not assessed
marmoset:Pallium-Glut:107,cluster,cross_species_WB,marmoset,#F7004E,Not assessed
marmoset:Pallium-Glut:108,cluster,cross_species_WB,marmoset,#A601A5,Not assessed
marmoset:Pallium-Glut:109,cluster,cross_species_WB,marmoset,#9EA6FF,Not assessed
marmoset:Pallium-Glut:11,cluster,cross_species_WB,marmoset,#BEFE83,Not assessed
marmoset:Pallium-Glut:110,cluster,cross_species_WB,marmoset,#97A1FF,Not assessed
marmoset:Pallium-Glut:111,cluster,cross_species_WB,marmoset,#85008E,Not assessed
marmoset:Pallium-Glut:112,cluster,cross_species_WB,marmoset,#FC8324,Not assessed
marmoset:Pallium-Glut:113,cluster,cross_species_WB,marmoset,#9BA3FF,Not assessed
marmoset:Pallium-Glut:114,cluster,cross_species_WB,marmoset,#A301A3,Not assessed
marmoset:Pallium-Glut:115,cluster,cross_species_WB,marmoset,#0BFECC,Not assessed
marmoset:Pallium-Glut:116,cluster,cross_species_WB,marmoset,#BF1A00,Not assessed
marmoset:Pallium-Glut:117,cluster,cross_species_WB,marmoset,#00FCBF,Not assessed
marmoset:Pallium-Glut:118,cluster,cross_species_WB,marmoset,#B5CB76,Not assessed
marmoset:Pallium-Glut:119,cluster,cross_species_WB,marmoset,#880091,Not assessed
marmoset:Pallium-Glut:12,cluster,cross_species_WB,marmoset,#B9FF65,Not assessed
marmoset:Pallium-Glut:120,cluster,cross_species_WB,marmoset,#55218E,Not assessed
marmoset:Pallium-Glut:121,cluster,cross_species_WB,marmoset,#04FFC7,Not assessed
marmoset:Pallium-Glut:122,cluster,cross_species_WB,marmoset,#6B29A4,Not assessed
marmoset:Pallium-Glut:123,cluster,cross_species_WB,marmoset,#5C2495,Not assessed
marmoset:Pallium-Glut:124,cluster,cross_species_WB,marmoset,#64269D,Not assessed
marmoset:Pallium-Glut:125,cluster,cross_species_WB,marmoset,#9BFF94,Not assessed
marmoset:Pallium-Glut:126,cluster,cross_species_WB,marmoset,#30591A,Not assessed
marmoset:Pallium-Glut:127,cluster,cross_species_WB,marmoset,#387324,Not assessed
marmoset:Pallium-Glut:128,cluster,cross_species_WB,marmoset,#305B1B,Not assessed
marmoset:Pallium-Glut:129,cluster,cross_species_WB,marmoset,#377123,Not assessed
marmoset:Pallium-Glut:13,cluster,cross_species_WB,marmoset,#3F6890,Not assessed
marmoset:Pallium-Glut:130,cluster,cross_species_WB,marmoset,#71113B,Not assessed
marmoset:Pallium-Glut:131,cluster,cross_species_WB,marmoset,#5D0D35,Not assessed
marmoset:Pallium-Glut:132,cluster,cross_species_WB,marmoset,#6F113B,Not assessed
marmoset:Pallium-Glut:133,cluster,cross_species_WB,marmoset,#315D1B,Not assessed
marmoset:Pallium-Glut:134,cluster,cross_species_WB,marmoset,#376F23,Not assessed
marmoset:Pallium-Glut:135,cluster,cross_species_WB,marmoset,#5E0D35,Not assessed
marmoset:Pallium-Glut:136,cluster,cross_species_WB,marmoset,#325F1C,Not assessed
marmoset:Pallium-Glut:137,cluster,cross_species_WB,marmoset,#366D22,Not assessed
marmoset:Pallium-Glut:138,cluster,cross_species_WB,marmoset,#32601D,Not assessed
marmoset:Pallium-Glut:139,cluster,cross_species_WB,marmoset,#BDFE80,Not assessed
marmoset:Pallium-Glut:14,cluster,cross_species_WB,marmoset,#BEFE82,Not assessed
marmoset:Pallium-Glut:140,cluster,cross_species_WB,marmoset,#BAFF68,Not assessed
marmoset:Pallium-Glut:141,cluster,cross_species_WB,marmoset,#7E25C6,Not assessed
marmoset:Pallium-Glut:142,cluster,cross_species_WB,marmoset,#BDFE7F,Not assessed
marmoset:Pallium-Glut:143,cluster,cross_species_WB,marmoset,#BAFF69,Not assessed
marmoset:Pallium-Glut:144,cluster,cross_species_WB,marmoset,#34CAB0,Not assessed
marmoset:Pallium-Glut:145,cluster,cross_species_WB,marmoset,#47CDBD,Not assessed
marmoset:Pallium-Glut:146,cluster,cross_species_WB,marmoset,#A001A1,Not assessed
marmoset:Pallium-Glut:147,cluster,cross_species_WB,marmoset,#BDFE7E,Not assessed
marmoset:Pallium-Glut:148,cluster,cross_species_WB,marmoset,#BAFF6A,Not assessed
marmoset:Pallium-Glut:149,cluster,cross_species_WB,marmoset,#BDFF7D,Not assessed
marmoset:Pallium-Glut:15,cluster,cross_species_WB,marmoset,#4B70A2,Not assessed
marmoset:Pallium-Glut:150,cluster,cross_species_WB,marmoset,#BAFF6B,Not assessed
marmoset:Pallium-Glut:151,cluster,cross_species_WB,marmoset,#BCFF7B,Not assessed
marmoset:Pallium-Glut:152,cluster,cross_species_WB,marmoset,#BAFF6C,Not assessed
marmoset:Pallium-Glut:153,cluster,cross_species_WB,marmoset,#751DC4,Not assessed
marmoset:Pallium-Glut:154,cluster,cross_species_WB,marmoset,#D83001,Not assessed
marmoset:Pallium-Glut:155,cluster,cross_species_WB,marmoset,#BCFF7A,Not assessed
marmoset:Pallium-Glut:156,cluster,cross_species_WB,marmoset,#8C0093,Not assessed
marmoset:Pallium-Glut:157,cluster,cross_species_WB,marmoset,#416A93,Not assessed
marmoset:Pallium-Glut:158,cluster,cross_species_WB,marmoset,#496E9F,Not assessed
marmoset:Pallium-Glut:159,cluster,cross_species_WB,marmoset,#BAFF6D,Not assessed
marmoset:Pallium-Glut:16,cluster,cross_species_WB,marmoset,#81008B,Not assessed
marmoset:Pallium-Glut:160,cluster,cross_species_WB,marmoset,#BCFF79,Not assessed
marmoset:Pallium-Glut:161,cluster,cross_species_WB,marmoset,#426A95,Not assessed
marmoset:Pallium-Glut:162,cluster,cross_species_WB,marmoset,#486E9D,Not assessed
marmoset:Pallium-Glut:163,cluster,cross_species_WB,marmoset,#436B97,Not assessed
marmoset:Pallium-Glut:164,cluster,cross_species_WB,marmoset,#476D9B,Not assessed
marmoset:Pallium-Glut:165,cluster,cross_species_WB,marmoset,#446C98,Not assessed
marmoset:Pallium-Glut:166,cluster,cross_species_WB,marmoset,#466C9A,Not assessed
marmoset:Pallium-Glut:167,cluster,cross_species_WB,marmoset,#BC62FF,Not assessed
marmoset:Pallium-Glut:168,cluster,cross_species_WB,marmoset,#5AC2FC,Not assessed
marmoset:Pallium-Glut:169,cluster,cross_species_WB,marmoset,#E05FE4,Not assessed
marmoset:Pallium-Glut:17,cluster,cross_species_WB,marmoset,#406992,Not assessed
marmoset:Pallium-Glut:170,cluster,cross_species_WB,marmoset,#6DC2FC,Not assessed
marmoset:Pallium-Glut:171,cluster,cross_species_WB,marmoset,#5DC2FC,Not assessed
marmoset:Pallium-Glut:172,cluster,cross_species_WB,marmoset,#1F665D,Not assessed
marmoset:Pallium-Glut:173,cluster,cross_species_WB,marmoset,#1F46CC,Not assessed
marmoset:Pallium-Glut:174,cluster,cross_species_WB,marmoset,#FE8298,Not assessed
marmoset:Pallium-Glut:175,cluster,cross_species_WB,marmoset,#6BC2FC,Not assessed
marmoset:Pallium-Glut:176,cluster,cross_species_WB,marmoset,#FF6B8D,Not assessed
marmoset:Pallium-Glut:177,cluster,cross_species_WB,marmoset,#123875,Not assessed
marmoset:Pallium-Glut:178,cluster,cross_species_WB,marmoset,#FF7C95,Not assessed
marmoset:Pallium-Glut:179,cluster,cross_species_WB,marmoset,#FF7090,Not assessed
marmoset:Pallium-Glut:18,cluster,cross_species_WB,marmoset,#B9FF66,Not assessed
marmoset:Pallium-Glut:180,cluster,cross_species_WB,marmoset,#5FC2FC,Not assessed
marmoset:Pallium-Glut:181,cluster,cross_species_WB,marmoset,#69C2FC,Not assessed
marmoset:Pallium-Glut:182,cluster,cross_species_WB,marmoset,#A1FF9E,Not assessed
marmoset:Pallium-Glut:183,cluster,cross_species_WB,marmoset,#FF7692,Not assessed
marmoset:Pallium-Glut:184,cluster,cross_species_WB,marmoset,#9DFF97,Not assessed
marmoset:Pallium-Glut:185,cluster,cross_species_WB,marmoset,#C30096,Not assessed
marmoset:Pallium-Glut:186,cluster,cross_species_WB,marmoset,#9FFF9B,Not assessed
marmoset:Pallium-Glut:187,cluster,cross_species_WB,marmoset,#D40199,Not assessed
marmoset:Pallium-Glut:188,cluster,cross_species_WB,marmoset,#C60097,Not assessed
marmoset:Pallium-Glut:189,cluster,cross_species_WB,marmoset,#D20199,Not assessed
marmoset:Pallium-Glut:19,cluster,cross_species_WB,marmoset,#D548E3,Not assessed
marmoset:Pallium-Glut:190,cluster,cross_species_WB,marmoset,#D485FE,Not assessed
marmoset:Pallium-Glut:191,cluster,cross_species_WB,marmoset,#BE64FF,Not assessed
marmoset:Pallium-Glut:192,cluster,cross_species_WB,marmoset,#D383FE,Not assessed
marmoset:Pallium-Glut:193,cluster,cross_species_WB,marmoset,#366B21,Not assessed
marmoset:Pallium-Glut:194,cluster,cross_species_WB,marmoset,#C80097,Not assessed
marmoset:Pallium-Glut:195,cluster,cross_species_WB,marmoset,#CF0098,Not assessed
marmoset:Pallium-Glut:196,cluster,cross_species_WB,marmoset,#CB0098,Not assessed
marmoset:Pallium-Glut:197,cluster,cross_species_WB,marmoset,#33621E,Not assessed
marmoset:Pallium-Glut:198,cluster,cross_species_WB,marmoset,#CD0098,Not assessed
marmoset:Pallium-Glut:199,cluster,cross_species_WB,marmoset,#BF66FF,Not assessed
marmoset:Pallium-Glut:2,cluster,cross_species_WB,marmoset,#58C3FD,Not assessed
marmoset:Pallium-Glut:20,cluster,cross_species_WB,marmoset,#E66EE6,Not assessed
marmoset:Pallium-Glut:200,cluster,cross_species_WB,marmoset,#D281FE,Not assessed
marmoset:Pallium-Glut:201,cluster,cross_species_WB,marmoset,#BFFF54,Not assessed
marmoset:Pallium-Glut:202,cluster,cross_species_WB,marmoset,#B7CD7E,Not assessed
marmoset:Pallium-Glut:203,cluster,cross_species_WB,marmoset,#9C009E,Not assessed
marmoset:Pallium-Glut:204,cluster,cross_species_WB,marmoset,#C906FF,Not assessed
marmoset:Pallium-Glut:205,cluster,cross_species_WB,marmoset,#C168FF,Not assessed
marmoset:Pallium-Glut:206,cluster,cross_species_WB,marmoset,#D07FFE,Not assessed
marmoset:Pallium-Glut:207,cluster,cross_species_WB,marmoset,#B6CC7A,Not assessed
marmoset:Pallium-Glut:208,cluster,cross_species_WB,marmoset,#0C3059,Not assessed
marmoset:Pallium-Glut:209,cluster,cross_species_WB,marmoset,#C1FF4A,Not assessed
marmoset:Pallium-Glut:21,cluster,cross_species_WB,marmoset,#D950E3,Not assessed
marmoset:Pallium-Glut:210,cluster,cross_species_WB,marmoset,#123873,Not assessed
marmoset:Pallium-Glut:211,cluster,cross_species_WB,marmoset,#0D305A,Not assessed
marmoset:Pallium-Glut:212,cluster,cross_species_WB,marmoset,#123772,Not assessed
marmoset:Pallium-Glut:213,cluster,cross_species_WB,marmoset,#BFFF50,Not assessed
marmoset:Pallium-Glut:214,cluster,cross_species_WB,marmoset,#C26AFF,Not assessed
marmoset:Pallium-Glut:215,cluster,cross_species_WB,marmoset,#0D315C,Not assessed
marmoset:Pallium-Glut:216,cluster,cross_species_WB,marmoset,#CF7CFF,Not assessed
marmoset:Pallium-Glut:217,cluster,cross_species_WB,marmoset,#C46CFF,Not assessed
marmoset:Pallium-Glut:218,cluster,cross_species_WB,marmoset,#CE7AFF,Not assessed
marmoset:Pallium-Glut:219,cluster,cross_species_WB,marmoset,#C56EFF,Not assessed
marmoset:Pallium-Glut:22,cluster,cross_species_WB,marmoset,#E366E5,Not assessed
marmoset:Pallium-Glut:220,cluster,cross_species_WB,marmoset,#CC78FF,Not assessed
marmoset:Pallium-Glut:221,cluster,cross_species_WB,marmoset,#C770FF,Not assessed
marmoset:Pallium-Glut:222,cluster,cross_species_WB,marmoset,#CB76FF,Not assessed
marmoset:Pallium-Glut:223,cluster,cross_species_WB,marmoset,#C872FF,Not assessed
marmoset:Pallium-Glut:224,cluster,cross_species_WB,marmoset,#C100FD,Not assessed
marmoset:Pallium-Glut:225,cluster,cross_species_WB,marmoset,#6E113B,Not assessed
marmoset:Pallium-Glut:226,cluster,cross_species_WB,marmoset,#5F0E36,Not assessed
marmoset:Pallium-Glut:227,cluster,cross_species_WB,marmoset,#34CBB1,Not assessed
marmoset:Pallium-Glut:228,cluster,cross_species_WB,marmoset,#E44E0E,Not assessed
marmoset:Pallium-Glut:229,cluster,cross_species_WB,marmoset,#46CDBC,Not assessed
marmoset:Pallium-Glut:23,cluster,cross_species_WB,marmoset,#BEFE81,Not assessed
marmoset:Pallium-Glut:230,cluster,cross_species_WB,marmoset,#6C103A,Not assessed
marmoset:Pallium-Glut:231,cluster,cross_species_WB,marmoset,#610E36,Not assessed
marmoset:Pallium-Glut:232,cluster,cross_species_WB,marmoset,#6B103A,Not assessed
marmoset:Pallium-Glut:233,cluster,cross_species_WB,marmoset,#620E37,Not assessed
marmoset:Pallium-Glut:234,cluster,cross_species_WB,marmoset,#FFA19F,Not assessed
marmoset:Pallium-Glut:235,cluster,cross_species_WB,marmoset,#FF9798,Not assessed
marmoset:Pallium-Glut:236,cluster,cross_species_WB,marmoset,#35CBB2,Not assessed
marmoset:Pallium-Glut:237,cluster,cross_species_WB,marmoset,#948A42,Not assessed
marmoset:Pallium-Glut:238,cluster,cross_species_WB,marmoset,#9E9848,Not assessed
marmoset:Pallium-Glut:239,cluster,cross_species_WB,marmoset,#999145,Not assessed
marmoset:Pallium-Glut:24,cluster,cross_species_WB,marmoset,#B9FF67,Not assessed
marmoset:Pallium-Glut:240,cluster,cross_species_WB,marmoset,#C21C00,Not assessed
marmoset:Pallium-Glut:241,cluster,cross_species_WB,marmoset,#45CDBC,Not assessed
marmoset:Pallium-Glut:242,cluster,cross_species_WB,marmoset,#37CBB3,Not assessed
marmoset:Pallium-Glut:243,cluster,cross_species_WB,marmoset,#43CDBB,Not assessed
marmoset:Pallium-Glut:244,cluster,cross_species_WB,marmoset,#38CBB4,Not assessed
marmoset:Pallium-Glut:245,cluster,cross_species_WB,marmoset,#EE5810,Not assessed
marmoset:Pallium-Glut:246,cluster,cross_species_WB,marmoset,#42CDBA,Not assessed
marmoset:Pallium-Glut:247,cluster,cross_species_WB,marmoset,#39CCB5,Not assessed
marmoset:Pallium-Glut:248,cluster,cross_species_WB,marmoset,#41CCB9,Not assessed
marmoset:Pallium-Glut:249,cluster,cross_species_WB,marmoset,#3ACCB5,Not assessed
marmoset:Pallium-Glut:25,cluster,cross_species_WB,marmoset,#70C2FC,Not assessed
marmoset:Pallium-Glut:250,cluster,cross_species_WB,marmoset,#E6500E,Not assessed
marmoset:Pallium-Glut:251,cluster,cross_species_WB,marmoset,#9FCCFF,Not assessed
marmoset:Pallium-Glut:252,cluster,cross_species_WB,marmoset,#99CAFF,Not assessed
marmoset:Pallium-Glut:253,cluster,cross_species_WB,marmoset,#510174,Not assessed
marmoset:Pallium-Glut:254,cluster,cross_species_WB,marmoset,#356A20,Not assessed
marmoset:Pallium-Glut:255,cluster,cross_species_WB,marmoset,#400061,Not assessed
marmoset:Pallium-Glut:256,cluster,cross_species_WB,marmoset,#48006B,Not assessed
marmoset:Pallium-Glut:257,cluster,cross_species_WB,marmoset,#113770,Not assessed
marmoset:Pallium-Glut:258,cluster,cross_species_WB,marmoset,#0D315D,Not assessed
marmoset:Pallium-Glut:259,cluster,cross_species_WB,marmoset,#11366F,Not assessed
marmoset:Pallium-Glut:26,cluster,cross_species_WB,marmoset,#1D47C4,Not assessed
marmoset:Pallium-Glut:260,cluster,cross_species_WB,marmoset,#0E325F,Not assessed
marmoset:Pallium-Glut:261,cluster,cross_species_WB,marmoset,#11366D,Not assessed
marmoset:Pallium-Glut:262,cluster,cross_species_WB,marmoset,#0E3261,Not assessed
marmoset:Pallium-Glut:263,cluster,cross_species_WB,marmoset,#827FCD,Not assessed
marmoset:Pallium-Glut:264,cluster,cross_species_WB,marmoset,#7777CB,Not assessed
marmoset:Pallium-Glut:265,cluster,cross_species_WB,marmoset,#7E7DCD,Not assessed
marmoset:Pallium-Glut:266,cluster,cross_species_WB,marmoset,#6A1039,Not assessed
marmoset:Pallium-Glut:267,cluster,cross_species_WB,marmoset,#900096,Not assessed
marmoset:Pallium-Glut:268,cluster,cross_species_WB,marmoset,#FE094C,Not assessed
marmoset:Pallium-Glut:269,cluster,cross_species_WB,marmoset,#33641E,Not assessed
marmoset:Pallium-Glut:27,cluster,cross_species_WB,marmoset,#2144D4,Not assessed
marmoset:Pallium-Glut:270,cluster,cross_species_WB,marmoset,#356820,Not assessed
marmoset:Pallium-Glut:271,cluster,cross_species_WB,marmoset,#98009C,Not assessed
marmoset:Pallium-Glut:272,cluster,cross_species_WB,marmoset,#640F37,Not assessed
marmoset:Pallium-Glut:273,cluster,cross_species_WB,marmoset,#34661F,Not assessed
marmoset:Pallium-Glut:274,cluster,cross_species_WB,marmoset,#BAFF6E,Not assessed
marmoset:Pallium-Glut:275,cluster,cross_species_WB,marmoset,#BCFF78,Not assessed
marmoset:Pallium-Glut:276,cluster,cross_species_WB,marmoset,#40CCB9,Not assessed
marmoset:Pallium-Glut:277,cluster,cross_species_WB,marmoset,#8921D4,Not assessed
marmoset:Pallium-Glut:278,cluster,cross_species_WB,marmoset,#7A1EC8,Not assessed
marmoset:Pallium-Glut:279,cluster,cross_species_WB,marmoset,#BAFF6F,Not assessed
marmoset:Pallium-Glut:28,cluster,cross_species_WB,marmoset,#1E47C7,Not assessed
marmoset:Pallium-Glut:280,cluster,cross_species_WB,marmoset,#3CCCB6,Not assessed
marmoset:Pallium-Glut:281,cluster,cross_species_WB,marmoset,#BCFF77,Not assessed
marmoset:Pallium-Glut:282,cluster,cross_species_WB,marmoset,#3ECCB8,Not assessed
marmoset:Pallium-Glut:283,cluster,cross_species_WB,marmoset,#D52D01,Not assessed
marmoset:Pallium-Glut:284,cluster,cross_species_WB,marmoset,#C51E00,Not assessed
marmoset:Pallium-Glut:285,cluster,cross_species_WB,marmoset,#BBFF70,Not assessed
marmoset:Pallium-Glut:286,cluster,cross_species_WB,marmoset,#BBFF76,Not assessed
marmoset:Pallium-Glut:287,cluster,cross_species_WB,marmoset,#BBFF71,Not assessed
marmoset:Pallium-Glut:288,cluster,cross_species_WB,marmoset,#BBFF75,Not assessed
marmoset:Pallium-Glut:289,cluster,cross_species_WB,marmoset,#BBFF72,Not assessed
marmoset:Pallium-Glut:29,cluster,cross_species_WB,marmoset,#2045D1,Not assessed
marmoset:Pallium-Glut:290,cluster,cross_species_WB,marmoset,#BBFF74,Not assessed
marmoset:Pallium-Glut:291,cluster,cross_species_WB,marmoset,#62C2FC,Not assessed
marmoset:Pallium-Glut:292,cluster,cross_species_WB,marmoset,#66C2FC,Not assessed
marmoset:Pallium-Glut:293,cluster,cross_species_WB,marmoset,#CA74FF,Not assessed
marmoset:Pallium-Glut:294,cluster,cross_species_WB,marmoset,#C0FF4D,Not assessed
marmoset:Pallium-Glut:295,cluster,cross_species_WB,marmoset,#C602FF,Not assessed
marmoset:Pallium-Glut:296,cluster,cross_species_WB,marmoset,#10366B,Not assessed
marmoset:Pallium-Glut:297,cluster,cross_species_WB,marmoset,#FF9C9B,Not assessed
marmoset:Pallium-Glut:298,cluster,cross_species_WB,marmoset,#EC5710,Not assessed
marmoset:Pallium-Glut:299,cluster,cross_species_WB,marmoset,#D32A01,Not assessed
marmoset:Pallium-Glut:3,cluster,cross_species_WB,marmoset,#B8FD51,Not assessed
marmoset:Pallium-Glut:30,cluster,cross_species_WB,marmoset,#B4CA72,Not assessed
marmoset:Pallium-Glut:300,cluster,cross_species_WB,marmoset,#3DCCB7,Not assessed
marmoset:Pallium-Glut:301,cluster,cross_species_WB,marmoset,#E7510F,Not assessed
marmoset:Pallium-Glut:302,cluster,cross_species_WB,marmoset,#EB550F,Not assessed
marmoset:Pallium-Glut:303,cluster,cross_species_WB,marmoset,#E8520F,Not assessed
marmoset:Pallium-Glut:304,cluster,cross_species_WB,marmoset,#EA540F,Not assessed
marmoset:Pallium-Glut:305,cluster,cross_species_WB,marmoset,#0E3362,Not assessed
marmoset:Pallium-Glut:306,cluster,cross_species_WB,marmoset,#10356A,Not assessed
marmoset:Pallium-Glut:307,cluster,cross_species_WB,marmoset,#7B7ACC,Not assessed
marmoset:Pallium-Glut:308,cluster,cross_species_WB,marmoset,#680F39,Not assessed
marmoset:Pallium-Glut:309,cluster,cross_species_WB,marmoset,#FB004D,Not assessed
marmoset:Pallium-Glut:31,cluster,cross_species_WB,marmoset,#1E47C9,Not assessed
marmoset:Pallium-Glut:310,cluster,cross_species_WB,marmoset,#FF044B,Not assessed
marmoset:Pallium-Glut:311,cluster,cross_species_WB,marmoset,#FF004B,Not assessed
marmoset:Pallium-Glut:312,cluster,cross_species_WB,marmoset,#650F38,Not assessed
marmoset:Pallium-Glut:313,cluster,cross_species_WB,marmoset,#670F38,Not assessed
marmoset:Pallium-Glut:314,cluster,cross_species_WB,marmoset,#940099,Not assessed
marmoset:Pallium-Glut:315,cluster,cross_species_WB,marmoset,#8420D0,Not assessed
marmoset:Pallium-Glut:316,cluster,cross_species_WB,marmoset,#7F1FCC,Not assessed
marmoset:Pallium-Glut:317,cluster,cross_species_WB,marmoset,#0F3364,Not assessed
marmoset:Pallium-Glut:318,cluster,cross_species_WB,marmoset,#64C2FC,Not assessed
marmoset:Pallium-Glut:319,cluster,cross_species_WB,marmoset,#103568,Not assessed
marmoset:Pallium-Glut:32,cluster,cross_species_WB,marmoset,#2045CF,Not assessed
marmoset:Pallium-Glut:320,cluster,cross_species_WB,marmoset,#0F3465,Not assessed
marmoset:Pallium-Glut:321,cluster,cross_species_WB,marmoset,#0F3467,Not assessed
marmoset:Pallium-Glut:322,cluster,cross_species_WB,marmoset,#C82100,Not assessed
marmoset:Pallium-Glut:323,cluster,cross_species_WB,marmoset,#D02800,Not assessed
marmoset:Pallium-Glut:324,cluster,cross_species_WB,marmoset,#CB2300,Not assessed
marmoset:Pallium-Glut:325,cluster,cross_species_WB,marmoset,#CD2500,Not assessed
marmoset:Pallium-Glut:33,cluster,cross_species_WB,marmoset,#FE879B,Not assessed
marmoset:Pallium-Glut:34,cluster,cross_species_WB,marmoset,#FF658B,Not assessed
marmoset:Pallium-Glut:35,cluster,cross_species_WB,marmoset,#B256FF,Not assessed
marmoset:Pallium-Glut:36,cluster,cross_species_WB,marmoset,#DB91FE,Not assessed
marmoset:Pallium-Glut:37,cluster,cross_species_WB,marmoset,#A6FFA5,Not assessed
marmoset:Pallium-Glut:38,cluster,cross_species_WB,marmoset,#99FF91,Not assessed
marmoset:Pallium-Glut:39,cluster,cross_species_WB,marmoset,#BE0095,Not assessed
marmoset:Pallium-Glut:4,cluster,cross_species_WB,marmoset,#DD3502,Not assessed
marmoset:Pallium-Glut:40,cluster,cross_species_WB,marmoset,#D90199,Not assessed
marmoset:Pallium-Glut:41,cluster,cross_species_WB,marmoset,#A4FFA1,Not assessed
marmoset:Pallium-Glut:42,cluster,cross_species_WB,marmoset,#B458FF,Not assessed
marmoset:Pallium-Glut:43,cluster,cross_species_WB,marmoset,#DA8FFE,Not assessed
marmoset:Pallium-Glut:44,cluster,cross_species_WB,marmoset,#B65AFF,Not assessed
marmoset:Pallium-Glut:45,cluster,cross_species_WB,marmoset,#0B2D52,Not assessed
marmoset:Pallium-Glut:46,cluster,cross_species_WB,marmoset,#C10096,Not assessed
marmoset:Pallium-Glut:47,cluster,cross_species_WB,marmoset,#D60199,Not assessed
marmoset:Pallium-Glut:48,cluster,cross_species_WB,marmoset,#216A61,Not assessed
marmoset:Pallium-Glut:49,cluster,cross_species_WB,marmoset,#C3FF41,Not assessed
marmoset:Pallium-Glut:5,cluster,cross_species_WB,marmoset,#919900,Not assessed
marmoset:Pallium-Glut:50,cluster,cross_species_WB,marmoset,#BEFE5A,Not assessed
marmoset:Pallium-Glut:51,cluster,cross_species_WB,marmoset,#C2FF44,Not assessed
marmoset:Pallium-Glut:52,cluster,cross_species_WB,marmoset,#BEFE57,Not assessed
marmoset:Pallium-Glut:53,cluster,cross_species_WB,marmoset,#C1FF47,Not assessed
marmoset:Pallium-Glut:54,cluster,cross_species_WB,marmoset,#CC0AFE,Not assessed
marmoset:Pallium-Glut:55,cluster,cross_species_WB,marmoset,#D98DFE,Not assessed
marmoset:Pallium-Glut:56,cluster,cross_species_WB,marmoset,#B75CFF,Not assessed
marmoset:Pallium-Glut:57,cluster,cross_species_WB,marmoset,#133979,Not assessed
marmoset:Pallium-Glut:58,cluster,cross_species_WB,marmoset,#D88BFE,Not assessed
marmoset:Pallium-Glut:59,cluster,cross_species_WB,marmoset,#B95EFF,Not assessed
marmoset:Pallium-Glut:6,cluster,cross_species_WB,marmoset,#12723B,Not assessed
marmoset:Pallium-Glut:60,cluster,cross_species_WB,marmoset,#BC00FA,Not assessed
marmoset:Pallium-Glut:61,cluster,cross_species_WB,marmoset,#74123C,Not assessed
marmoset:Pallium-Glut:62,cluster,cross_species_WB,marmoset,#5A0C34,Not assessed
marmoset:Pallium-Glut:63,cluster,cross_species_WB,marmoset,#72123C,Not assessed
marmoset:Pallium-Glut:64,cluster,cross_species_WB,marmoset,#32C7AB,Not assessed
marmoset:Pallium-Glut:65,cluster,cross_species_WB,marmoset,#EF5D14,Not assessed
marmoset:Pallium-Glut:66,cluster,cross_species_WB,marmoset,#E24B0E,Not assessed
marmoset:Pallium-Glut:67,cluster,cross_species_WB,marmoset,#A49F4C,Not assessed
marmoset:Pallium-Glut:68,cluster,cross_species_WB,marmoset,#4BCEC0,Not assessed
marmoset:Pallium-Glut:69,cluster,cross_species_WB,marmoset,#925C99,Not assessed
marmoset:Pallium-Glut:7,cluster,cross_species_WB,marmoset,#CE8980,Not assessed
marmoset:Pallium-Glut:70,cluster,cross_species_WB,marmoset,#FFA6A3,Not assessed
marmoset:Pallium-Glut:71,cluster,cross_species_WB,marmoset,#B8CE82,Not assessed
marmoset:Pallium-Glut:72,cluster,cross_species_WB,marmoset,#FF9395,Not assessed
marmoset:Pallium-Glut:73,cluster,cross_species_WB,marmoset,#BC1800,Not assessed
marmoset:Pallium-Glut:74,cluster,cross_species_WB,marmoset,#7EA775,Not assessed
marmoset:Pallium-Glut:75,cluster,cross_species_WB,marmoset,#33C8AD,Not assessed
marmoset:Pallium-Glut:76,cluster,cross_species_WB,marmoset,#4A6FA0,Not assessed
marmoset:Pallium-Glut:77,cluster,cross_species_WB,marmoset,#387525,Not assessed
marmoset:Pallium-Glut:78,cluster,cross_species_WB,marmoset,#DC57E4,Not assessed
marmoset:Pallium-Glut:79,cluster,cross_species_WB,marmoset,#D789FE,Not assessed
marmoset:Pallium-Glut:8,cluster,cross_species_WB,marmoset,#DB019A,Not assessed
marmoset:Pallium-Glut:80,cluster,cross_species_WB,marmoset,#EF5B12,Not assessed
marmoset:Pallium-Glut:81,cluster,cross_species_WB,marmoset,#E34D0E,Not assessed
marmoset:Pallium-Glut:82,cluster,cross_species_WB,marmoset,#4ACEBF,Not assessed
marmoset:Pallium-Glut:83,cluster,cross_species_WB,marmoset,#EF5910,Not assessed
marmoset:Pallium-Glut:84,cluster,cross_species_WB,marmoset,#380058,Not assessed
marmoset:Pallium-Glut:85,cluster,cross_species_WB,marmoset,#A5CEFF,Not assessed
marmoset:Pallium-Glut:86,cluster,cross_species_WB,marmoset,#93C8FF,Not assessed
marmoset:Pallium-Glut:87,cluster,cross_species_WB,marmoset,#0B2E54,Not assessed
marmoset:Pallium-Glut:88,cluster,cross_species_WB,marmoset,#133978,Not assessed
marmoset:Pallium-Glut:89,cluster,cross_species_WB,marmoset,#0C2F55,Not assessed
marmoset:Pallium-Glut:9,cluster,cross_species_WB,marmoset,#2F5719,Not assessed
marmoset:Pallium-Glut:90,cluster,cross_species_WB,marmoset,#133876,Not assessed
marmoset:Pallium-Glut:91,cluster,cross_species_WB,marmoset,#33C9AE,Not assessed
marmoset:Pallium-Glut:92,cluster,cross_species_WB,marmoset,#0E622F,Not assessed
marmoset:Pallium-Glut:93,cluster,cross_species_WB,marmoset,#49CDBE,Not assessed
marmoset:Pallium-Glut:94,cluster,cross_species_WB,marmoset,#106A35,Not assessed
marmoset:Pallium-Glut:95,cluster,cross_species_WB,marmoset,#7575CB,Not assessed
marmoset:Pallium-Glut:96,cluster,cross_species_WB,marmoset,#0C2F57,Not assessed
marmoset:Pallium-Glut:97,cluster,cross_species_WB,marmoset,#BB60FF,Not assessed
marmoset:Pallium-Glut:98,cluster,cross_species_WB,marmoset,#D587FE,Not assessed
marmoset:Pallium-Glut:99,cluster,cross_species_WB,marmoset,#909DFF,Not assessed
marmoset:Subpallium-GABA:1,cluster,cross_species_WB,marmoset,#FE8811,Not assessed
marmoset:Subpallium-GABA:10,cluster,cross_species_WB,marmoset,#FF6A44,Not assessed
marmoset:Subpallium-GABA:100,cluster,cross_species_WB,marmoset,#1B8A00,Not assessed
marmoset:Subpallium-GABA:101,cluster,cross_species_WB,marmoset,#16A701,Not assessed
marmoset:Subpallium-GABA:102,cluster,cross_species_WB,marmoset,#FE830B,Not assessed
marmoset:Subpallium-GABA:103,cluster,cross_species_WB,marmoset,#CE9165,Not assessed
marmoset:Subpallium-GABA:104,cluster,cross_species_WB,marmoset,#CB8156,Not assessed
marmoset:Subpallium-GABA:105,cluster,cross_species_WB,marmoset,#5EBCCC,Not assessed
marmoset:Subpallium-GABA:106,cluster,cross_species_WB,marmoset,#CD8E62,Not assessed
marmoset:Subpallium-GABA:107,cluster,cross_species_WB,marmoset,#3D7F4C,Not assessed
marmoset:Subpallium-GABA:108,cluster,cross_species_WB,marmoset,#FE4F31,Not assessed
marmoset:Subpallium-GABA:109,cluster,cross_species_WB,marmoset,#8CC4FE,Not assessed
marmoset:Subpallium-GABA:11,cluster,cross_species_WB,marmoset,#6F444D,Not assessed
marmoset:Subpallium-GABA:110,cluster,cross_species_WB,marmoset,#9F870A,Not assessed
marmoset:Subpallium-GABA:111,cluster,cross_species_WB,marmoset,#8F7208,Not assessed
marmoset:Subpallium-GABA:112,cluster,cross_species_WB,marmoset,#A60196,Not assessed
marmoset:Subpallium-GABA:113,cluster,cross_species_WB,marmoset,#8E008C,Not assessed
marmoset:Subpallium-GABA:114,cluster,cross_species_WB,marmoset,#A736DD,Not assessed
marmoset:Subpallium-GABA:115,cluster,cross_species_WB,marmoset,#A30195,Not assessed
marmoset:Subpallium-GABA:116,cluster,cross_species_WB,marmoset,#91008D,Not assessed
marmoset:Subpallium-GABA:117,cluster,cross_species_WB,marmoset,#A00094,Not assessed
marmoset:Subpallium-GABA:118,cluster,cross_species_WB,marmoset,#94008F,Not assessed
marmoset:Subpallium-GABA:119,cluster,cross_species_WB,marmoset,#9D0093,Not assessed
marmoset:Subpallium-GABA:12,cluster,cross_species_WB,marmoset,#FE8257,Not assessed
marmoset:Subpallium-GABA:120,cluster,cross_species_WB,marmoset,#5E500D,Not assessed
marmoset:Subpallium-GABA:121,cluster,cross_species_WB,marmoset,#FF7E54,Not assessed
marmoset:Subpallium-GABA:122,cluster,cross_species_WB,marmoset,#FF7149,Not assessed
marmoset:Subpallium-GABA:123,cluster,cross_species_WB,marmoset,#6E6111,Not assessed
marmoset:Subpallium-GABA:124,cluster,cross_species_WB,marmoset,#F66F00,Not assessed
marmoset:Subpallium-GABA:125,cluster,cross_species_WB,marmoset,#A5F1FF,Not assessed
marmoset:Subpallium-GABA:126,cluster,cross_species_WB,marmoset,#8EF4FF,Not assessed
marmoset:Subpallium-GABA:127,cluster,cross_species_WB,marmoset,#A5F1FF,Not assessed
marmoset:Subpallium-GABA:128,cluster,cross_species_WB,marmoset,#8EF3FF,Not assessed
marmoset:Subpallium-GABA:129,cluster,cross_species_WB,marmoset,#A4F1FF,Not assessed
marmoset:Subpallium-GABA:13,cluster,cross_species_WB,marmoset,#FF6E46,Not assessed
marmoset:Subpallium-GABA:130,cluster,cross_species_WB,marmoset,#8FF3FF,Not assessed
marmoset:Subpallium-GABA:131,cluster,cross_species_WB,marmoset,#A3F1FF,Not assessed
marmoset:Subpallium-GABA:132,cluster,cross_species_WB,marmoset,#90F3FF,Not assessed
marmoset:Subpallium-GABA:133,cluster,cross_species_WB,marmoset,#A3F1FF,Not assessed
marmoset:Subpallium-GABA:134,cluster,cross_species_WB,marmoset,#90F3FF,Not assessed
marmoset:Subpallium-GABA:135,cluster,cross_species_WB,marmoset,#A2F1FF,Not assessed
marmoset:Subpallium-GABA:136,cluster,cross_species_WB,marmoset,#91F3FF,Not assessed
marmoset:Subpallium-GABA:137,cluster,cross_species_WB,marmoset,#A2F1FF,Not assessed
marmoset:Subpallium-GABA:138,cluster,cross_species_WB,marmoset,#91F3FF,Not assessed
marmoset:Subpallium-GABA:139,cluster,cross_species_WB,marmoset,#A1F1FF,Not assessed
marmoset:Subpallium-GABA:14,cluster,cross_species_WB,marmoset,#A8F1FE,Not assessed
marmoset:Subpallium-GABA:140,cluster,cross_species_WB,marmoset,#92F3FF,Not assessed
marmoset:Subpallium-GABA:141,cluster,cross_species_WB,marmoset,#6E223E,Not assessed
marmoset:Subpallium-GABA:142,cluster,cross_species_WB,marmoset,#5F1C38,Not assessed
marmoset:Subpallium-GABA:143,cluster,cross_species_WB,marmoset,#A0F1FF,Not assessed
marmoset:Subpallium-GABA:144,cluster,cross_species_WB,marmoset,#6D223E,Not assessed
marmoset:Subpallium-GABA:145,cluster,cross_species_WB,marmoset,#93F3FF,Not assessed
marmoset:Subpallium-GABA:146,cluster,cross_species_WB,marmoset,#601D39,Not assessed
marmoset:Subpallium-GABA:147,cluster,cross_species_WB,marmoset,#A0F1FF,Not assessed
marmoset:Subpallium-GABA:148,cluster,cross_species_WB,marmoset,#93F3FF,Not assessed
marmoset:Subpallium-GABA:149,cluster,cross_species_WB,marmoset,#6C213D,Not assessed
marmoset:Subpallium-GABA:15,cluster,cross_species_WB,marmoset,#8BF4FF,Not assessed
marmoset:Subpallium-GABA:150,cluster,cross_species_WB,marmoset,#9FF1FF,Not assessed
marmoset:Subpallium-GABA:151,cluster,cross_species_WB,marmoset,#94F3FF,Not assessed
marmoset:Subpallium-GABA:152,cluster,cross_species_WB,marmoset,#9EF1FF,Not assessed
marmoset:Subpallium-GABA:153,cluster,cross_species_WB,marmoset,#95F3FF,Not assessed
marmoset:Subpallium-GABA:154,cluster,cross_species_WB,marmoset,#611D39,Not assessed
marmoset:Subpallium-GABA:155,cluster,cross_species_WB,marmoset,#9EF1FF,Not assessed
marmoset:Subpallium-GABA:156,cluster,cross_species_WB,marmoset,#FFEEA5,Not assessed
marmoset:Subpallium-GABA:157,cluster,cross_species_WB,marmoset,#FFE48F,Not assessed
marmoset:Subpallium-GABA:158,cluster,cross_species_WB,marmoset,#0A08FE,Not assessed
marmoset:Subpallium-GABA:159,cluster,cross_species_WB,marmoset,#0006FB,Not assessed
marmoset:Subpallium-GABA:16,cluster,cross_species_WB,marmoset,#A7F1FE,Not assessed
marmoset:Subpallium-GABA:160,cluster,cross_species_WB,marmoset,#FFEDA3,Not assessed
marmoset:Subpallium-GABA:161,cluster,cross_species_WB,marmoset,#FFE592,Not assessed
marmoset:Subpallium-GABA:162,cluster,cross_species_WB,marmoset,#6E434C,Not assessed
marmoset:Subpallium-GABA:163,cluster,cross_species_WB,marmoset,#5F3742,Not assessed
marmoset:Subpallium-GABA:164,cluster,cross_species_WB,marmoset,#FFECA0,Not assessed
marmoset:Subpallium-GABA:165,cluster,cross_species_WB,marmoset,#FFE794,Not assessed
marmoset:Subpallium-GABA:166,cluster,cross_species_WB,marmoset,#0505FF,Not assessed
marmoset:Subpallium-GABA:167,cluster,cross_species_WB,marmoset,#FFEB9E,Not assessed
marmoset:Subpallium-GABA:168,cluster,cross_species_WB,marmoset,#0004FE,Not assessed
marmoset:Subpallium-GABA:169,cluster,cross_species_WB,marmoset,#1BFF2D,Not assessed
marmoset:Subpallium-GABA:17,cluster,cross_species_WB,marmoset,#70233F,Not assessed
marmoset:Subpallium-GABA:170,cluster,cross_species_WB,marmoset,#FFE897,Not assessed
marmoset:Subpallium-GABA:171,cluster,cross_species_WB,marmoset,#32FE4F,Not assessed
marmoset:Subpallium-GABA:172,cluster,cross_species_WB,marmoset,#6B213D,Not assessed
marmoset:Subpallium-GABA:173,cluster,cross_species_WB,marmoset,#BB0D3C,Not assessed
marmoset:Subpallium-GABA:174,cluster,cross_species_WB,marmoset,#95F2FF,Not assessed
marmoset:Subpallium-GABA:175,cluster,cross_species_WB,marmoset,#FFEA9B,Not assessed
marmoset:Subpallium-GABA:176,cluster,cross_species_WB,marmoset,#9DF1FF,Not assessed
marmoset:Subpallium-GABA:177,cluster,cross_species_WB,marmoset,#96F2FF,Not assessed
marmoset:Subpallium-GABA:178,cluster,cross_species_WB,marmoset,#839D47,Not assessed
marmoset:Subpallium-GABA:179,cluster,cross_species_WB,marmoset,#9CF2FF,Not assessed
marmoset:Subpallium-GABA:18,cluster,cross_species_WB,marmoset,#5D1B37,Not assessed
marmoset:Subpallium-GABA:180,cluster,cross_species_WB,marmoset,#FE820A,Not assessed
marmoset:Subpallium-GABA:181,cluster,cross_species_WB,marmoset,#F77000,Not assessed
marmoset:Subpallium-GABA:182,cluster,cross_species_WB,marmoset,#9D840A,Not assessed
marmoset:Subpallium-GABA:183,cluster,cross_species_WB,marmoset,#6D434C,Not assessed
marmoset:Subpallium-GABA:184,cluster,cross_species_WB,marmoset,#5F3843,Not assessed
marmoset:Subpallium-GABA:185,cluster,cross_species_WB,marmoset,#6D424B,Not assessed
marmoset:Subpallium-GABA:186,cluster,cross_species_WB,marmoset,#603843,Not assessed
marmoset:Subpallium-GABA:187,cluster,cross_species_WB,marmoset,#6C424B,Not assessed
marmoset:Subpallium-GABA:188,cluster,cross_species_WB,marmoset,#613943,Not assessed
marmoset:Subpallium-GABA:189,cluster,cross_species_WB,marmoset,#1EFF32,Not assessed
marmoset:Subpallium-GABA:19,cluster,cross_species_WB,marmoset,#6F233E,Not assessed
marmoset:Subpallium-GABA:190,cluster,cross_species_WB,marmoset,#6B414B,Not assessed
marmoset:Subpallium-GABA:191,cluster,cross_species_WB,marmoset,#613944,Not assessed
marmoset:Subpallium-GABA:192,cluster,cross_species_WB,marmoset,#6B414A,Not assessed
marmoset:Subpallium-GABA:193,cluster,cross_species_WB,marmoset,#623A44,Not assessed
marmoset:Subpallium-GABA:194,cluster,cross_species_WB,marmoset,#6A404A,Not assessed
marmoset:Subpallium-GABA:195,cluster,cross_species_WB,marmoset,#633A45,Not assessed
marmoset:Subpallium-GABA:196,cluster,cross_species_WB,marmoset,#694049,Not assessed
marmoset:Subpallium-GABA:197,cluster,cross_species_WB,marmoset,#633B45,Not assessed
marmoset:Subpallium-GABA:198,cluster,cross_species_WB,marmoset,#693F49,Not assessed
marmoset:Subpallium-GABA:199,cluster,cross_species_WB,marmoset,#643B46,Not assessed
marmoset:Subpallium-GABA:2,cluster,cross_species_WB,marmoset,#F16A00,Not assessed
marmoset:Subpallium-GABA:20,cluster,cross_species_WB,marmoset,#8CF4FF,Not assessed
marmoset:Subpallium-GABA:200,cluster,cross_species_WB,marmoset,#006170,Not assessed
marmoset:Subpallium-GABA:201,cluster,cross_species_WB,marmoset,#00545C,Not assessed
marmoset:Subpallium-GABA:202,cluster,cross_species_WB,marmoset,#06FFD4,Not assessed
marmoset:Subpallium-GABA:203,cluster,cross_species_WB,marmoset,#00616F,Not assessed
marmoset:Subpallium-GABA:204,cluster,cross_species_WB,marmoset,#00555D,Not assessed
marmoset:Subpallium-GABA:205,cluster,cross_species_WB,marmoset,#00FDCD,Not assessed
marmoset:Subpallium-GABA:206,cluster,cross_species_WB,marmoset,#02FFD1,Not assessed
marmoset:Subpallium-GABA:207,cluster,cross_species_WB,marmoset,#1B5C1F,Not assessed
marmoset:Subpallium-GABA:208,cluster,cross_species_WB,marmoset,#236F2C,Not assessed
marmoset:Subpallium-GABA:209,cluster,cross_species_WB,marmoset,#1D6122,Not assessed
marmoset:Subpallium-GABA:21,cluster,cross_species_WB,marmoset,#A7F1FF,Not assessed
marmoset:Subpallium-GABA:210,cluster,cross_species_WB,marmoset,#229115,Not assessed
marmoset:Subpallium-GABA:211,cluster,cross_species_WB,marmoset,#21A019,Not assessed
marmoset:Subpallium-GABA:212,cluster,cross_species_WB,marmoset,#216B28,Not assessed
marmoset:Subpallium-GABA:213,cluster,cross_species_WB,marmoset,#1167FE,Not assessed
marmoset:Subpallium-GABA:214,cluster,cross_species_WB,marmoset,#006AF4,Not assessed
marmoset:Subpallium-GABA:215,cluster,cross_species_WB,marmoset,#0C67FE,Not assessed
marmoset:Subpallium-GABA:216,cluster,cross_species_WB,marmoset,#BEB950,Not assessed
marmoset:Subpallium-GABA:217,cluster,cross_species_WB,marmoset,#0069F8,Not assessed
marmoset:Subpallium-GABA:218,cluster,cross_species_WB,marmoset,#0767FE,Not assessed
marmoset:Subpallium-GABA:219,cluster,cross_species_WB,marmoset,#CCA43D,Not assessed
marmoset:Subpallium-GABA:22,cluster,cross_species_WB,marmoset,#8CF4FF,Not assessed
marmoset:Subpallium-GABA:220,cluster,cross_species_WB,marmoset,#B3A640,Not assessed
marmoset:Subpallium-GABA:221,cluster,cross_species_WB,marmoset,#BDB84E,Not assessed
marmoset:Subpallium-GABA:222,cluster,cross_species_WB,marmoset,#B6A941,Not assessed
marmoset:Subpallium-GABA:223,cluster,cross_species_WB,marmoset,#00606E,Not assessed
marmoset:Subpallium-GABA:224,cluster,cross_species_WB,marmoset,#BCB64B,Not assessed
marmoset:Subpallium-GABA:225,cluster,cross_species_WB,marmoset,#229716,Not assessed
marmoset:Subpallium-GABA:226,cluster,cross_species_WB,marmoset,#B8AC42,Not assessed
marmoset:Subpallium-GABA:227,cluster,cross_species_WB,marmoset,#229B18,Not assessed
marmoset:Subpallium-GABA:228,cluster,cross_species_WB,marmoset,#BCB448,Not assessed
marmoset:Subpallium-GABA:229,cluster,cross_species_WB,marmoset,#BAAF43,Not assessed
marmoset:Subpallium-GABA:23,cluster,cross_species_WB,marmoset,#A6F1FF,Not assessed
marmoset:Subpallium-GABA:230,cluster,cross_species_WB,marmoset,#0068FD,Not assessed
marmoset:Subpallium-GABA:231,cluster,cross_species_WB,marmoset,#0267FF,Not assessed
marmoset:Subpallium-GABA:232,cluster,cross_species_WB,marmoset,#BBB245,Not assessed
marmoset:Subpallium-GABA:233,cluster,cross_species_WB,marmoset,#FE8109,Not assessed
marmoset:Subpallium-GABA:234,cluster,cross_species_WB,marmoset,#00565E,Not assessed
marmoset:Subpallium-GABA:235,cluster,cross_species_WB,marmoset,#F87100,Not assessed
marmoset:Subpallium-GABA:236,cluster,cross_species_WB,marmoset,#EDA833,Not assessed
marmoset:Subpallium-GABA:237,cluster,cross_species_WB,marmoset,#EDA02A,Not assessed
marmoset:Subpallium-GABA:238,cluster,cross_species_WB,marmoset,#00606D,Not assessed
marmoset:Subpallium-GABA:239,cluster,cross_species_WB,marmoset,#00575F,Not assessed
marmoset:Subpallium-GABA:24,cluster,cross_species_WB,marmoset,#FEF0AA,Not assessed
marmoset:Subpallium-GABA:240,cluster,cross_species_WB,marmoset,#EDA630,Not assessed
marmoset:Subpallium-GABA:241,cluster,cross_species_WB,marmoset,#FE7F07,Not assessed
marmoset:Subpallium-GABA:242,cluster,cross_species_WB,marmoset,#EDA32D,Not assessed
marmoset:Subpallium-GABA:243,cluster,cross_species_WB,marmoset,#621D39,Not assessed
marmoset:Subpallium-GABA:244,cluster,cross_species_WB,marmoset,#96F2FF,Not assessed
marmoset:Subpallium-GABA:245,cluster,cross_species_WB,marmoset,#9CF2FF,Not assessed
marmoset:Subpallium-GABA:246,cluster,cross_species_WB,marmoset,#CA34CB,Not assessed
marmoset:Subpallium-GABA:247,cluster,cross_species_WB,marmoset,#D11137,Not assessed
marmoset:Subpallium-GABA:248,cluster,cross_species_WB,marmoset,#BE0E3C,Not assessed
marmoset:Subpallium-GABA:249,cluster,cross_species_WB,marmoset,#005F6C,Not assessed
marmoset:Subpallium-GABA:25,cluster,cross_species_WB,marmoset,#FFE18B,Not assessed
marmoset:Subpallium-GABA:250,cluster,cross_species_WB,marmoset,#CE1038,Not assessed
marmoset:Subpallium-GABA:251,cluster,cross_species_WB,marmoset,#005760,Not assessed
marmoset:Subpallium-GABA:252,cluster,cross_species_WB,marmoset,#603429,Not assessed
marmoset:Subpallium-GABA:253,cluster,cross_species_WB,marmoset,#6C4031,Not assessed
marmoset:Subpallium-GABA:254,cluster,cross_species_WB,marmoset,#5DC1FF,Not assessed
marmoset:Subpallium-GABA:255,cluster,cross_species_WB,marmoset,#8AC4FE,Not assessed
marmoset:Subpallium-GABA:256,cluster,cross_species_WB,marmoset,#60C1FF,Not assessed
marmoset:Subpallium-GABA:257,cluster,cross_species_WB,marmoset,#FA7200,Not assessed
marmoset:Subpallium-GABA:258,cluster,cross_species_WB,marmoset,#CD46C6,Not assessed
marmoset:Subpallium-GABA:259,cluster,cross_species_WB,marmoset,#CB37CB,Not assessed
marmoset:Subpallium-GABA:26,cluster,cross_species_WB,marmoset,#000CF2,Not assessed
marmoset:Subpallium-GABA:260,cluster,cross_species_WB,marmoset,#CD43C7,Not assessed
marmoset:Subpallium-GABA:261,cluster,cross_species_WB,marmoset,#45FFF5,Not assessed
marmoset:Subpallium-GABA:262,cluster,cross_species_WB,marmoset,#56FEFE,Not assessed
marmoset:Subpallium-GABA:263,cluster,cross_species_WB,marmoset,#48FFF7,Not assessed
marmoset:Subpallium-GABA:264,cluster,cross_species_WB,marmoset,#52FFFC,Not assessed
marmoset:Subpallium-GABA:265,cluster,cross_species_WB,marmoset,#1B8C00,Not assessed
marmoset:Subpallium-GABA:266,cluster,cross_species_WB,marmoset,#17A501,Not assessed
marmoset:Subpallium-GABA:267,cluster,cross_species_WB,marmoset,#1B8D00,Not assessed
marmoset:Subpallium-GABA:268,cluster,cross_species_WB,marmoset,#17A401,Not assessed
marmoset:Subpallium-GABA:269,cluster,cross_species_WB,marmoset,#1B8F00,Not assessed
marmoset:Subpallium-GABA:27,cluster,cross_species_WB,marmoset,#150EFE,Not assessed
marmoset:Subpallium-GABA:270,cluster,cross_species_WB,marmoset,#17A201,Not assessed
marmoset:Subpallium-GABA:271,cluster,cross_species_WB,marmoset,#1B9000,Not assessed
marmoset:Subpallium-GABA:272,cluster,cross_species_WB,marmoset,#18A101,Not assessed
marmoset:Subpallium-GABA:273,cluster,cross_species_WB,marmoset,#1A9200,Not assessed
marmoset:Subpallium-GABA:274,cluster,cross_species_WB,marmoset,#18A000,Not assessed
marmoset:Subpallium-GABA:275,cluster,cross_species_WB,marmoset,#1A9400,Not assessed
marmoset:Subpallium-GABA:276,cluster,cross_species_WB,marmoset,#189E00,Not assessed
marmoset:Subpallium-GABA:277,cluster,cross_species_WB,marmoset,#1A9500,Not assessed
marmoset:Subpallium-GABA:278,cluster,cross_species_WB,marmoset,#189D00,Not assessed
marmoset:Subpallium-GABA:279,cluster,cross_species_WB,marmoset,#FE7E06,Not assessed
marmoset:Subpallium-GABA:28,cluster,cross_species_WB,marmoset,#FEEFA8,Not assessed
marmoset:Subpallium-GABA:280,cluster,cross_species_WB,marmoset,#199700,Not assessed
marmoset:Subpallium-GABA:281,cluster,cross_species_WB,marmoset,#CB8559,Not assessed
marmoset:Subpallium-GABA:282,cluster,cross_species_WB,marmoset,#FB7400,Not assessed
marmoset:Subpallium-GABA:283,cluster,cross_species_WB,marmoset,#CB5A59,Not assessed
marmoset:Subpallium-GABA:284,cluster,cross_species_WB,marmoset,#CD8B5F,Not assessed
marmoset:Subpallium-GABA:285,cluster,cross_species_WB,marmoset,#CD625F,Not assessed
marmoset:Subpallium-GABA:286,cluster,cross_species_WB,marmoset,#CC885C,Not assessed
marmoset:Subpallium-GABA:287,cluster,cross_species_WB,marmoset,#FF7D05,Not assessed
marmoset:Subpallium-GABA:288,cluster,cross_species_WB,marmoset,#005E6B,Not assessed
marmoset:Subpallium-GABA:289,cluster,cross_species_WB,marmoset,#87C3FE,Not assessed
marmoset:Subpallium-GABA:29,cluster,cross_species_WB,marmoset,#000AF5,Not assessed
marmoset:Subpallium-GABA:290,cluster,cross_species_WB,marmoset,#62C1FF,Not assessed
marmoset:Subpallium-GABA:291,cluster,cross_species_WB,marmoset,#85C3FE,Not assessed
marmoset:Subpallium-GABA:292,cluster,cross_species_WB,marmoset,#65C1FF,Not assessed
marmoset:Subpallium-GABA:293,cluster,cross_species_WB,marmoset,#82C3FE,Not assessed
marmoset:Subpallium-GABA:294,cluster,cross_species_WB,marmoset,#FC7500,Not assessed
marmoset:Subpallium-GABA:295,cluster,cross_species_WB,marmoset,#67C1FF,Not assessed
marmoset:Subpallium-GABA:296,cluster,cross_species_WB,marmoset,#008D54,Not assessed
marmoset:Subpallium-GABA:297,cluster,cross_species_WB,marmoset,#01A46B,Not assessed
marmoset:Subpallium-GABA:298,cluster,cross_species_WB,marmoset,#917508,Not assessed
marmoset:Subpallium-GABA:299,cluster,cross_species_WB,marmoset,#9B810A,Not assessed
marmoset:Subpallium-GABA:3,cluster,cross_species_WB,marmoset,#5CCC85,Not assessed
marmoset:Subpallium-GABA:30,cluster,cross_species_WB,marmoset,#100BFE,Not assessed
marmoset:Subpallium-GABA:300,cluster,cross_species_WB,marmoset,#947809,Not assessed
marmoset:Subpallium-GABA:301,cluster,cross_species_WB,marmoset,#00955B,Not assessed
marmoset:Subpallium-GABA:302,cluster,cross_species_WB,marmoset,#970090,Not assessed
marmoset:Subpallium-GABA:303,cluster,cross_species_WB,marmoset,#009D63,Not assessed
marmoset:Subpallium-GABA:304,cluster,cross_species_WB,marmoset,#FF3B23,Not assessed
marmoset:Subpallium-GABA:305,cluster,cross_species_WB,marmoset,#61362A,Not assessed
marmoset:Subpallium-GABA:306,cluster,cross_species_WB,marmoset,#FF452A,Not assessed
marmoset:Subpallium-GABA:307,cluster,cross_species_WB,marmoset,#62540E,Not assessed
marmoset:Subpallium-GABA:308,cluster,cross_species_WB,marmoset,#6A5C10,Not assessed
marmoset:Subpallium-GABA:309,cluster,cross_species_WB,marmoset,#66580F,Not assessed
marmoset:Subpallium-GABA:31,cluster,cross_species_WB,marmoset,#FFE38D,Not assessed
marmoset:Subpallium-GABA:310,cluster,cross_species_WB,marmoset,#FF7B03,Not assessed
marmoset:Subpallium-GABA:311,cluster,cross_species_WB,marmoset,#97F2FF,Not assessed
marmoset:Subpallium-GABA:312,cluster,cross_species_WB,marmoset,#FD7600,Not assessed
marmoset:Subpallium-GABA:313,cluster,cross_species_WB,marmoset,#FF7B51,Not assessed
marmoset:Subpallium-GABA:314,cluster,cross_species_WB,marmoset,#9BF2FF,Not assessed
marmoset:Subpallium-GABA:315,cluster,cross_species_WB,marmoset,#6A213D,Not assessed
marmoset:Subpallium-GABA:316,cluster,cross_species_WB,marmoset,#631E3A,Not assessed
marmoset:Subpallium-GABA:317,cluster,cross_species_WB,marmoset,#69203C,Not assessed
marmoset:Subpallium-GABA:318,cluster,cross_species_WB,marmoset,#641E3A,Not assessed
marmoset:Subpallium-GABA:319,cluster,cross_species_WB,marmoset,#68203C,Not assessed
marmoset:Subpallium-GABA:32,cluster,cross_species_WB,marmoset,#0008F8,Not assessed
marmoset:Subpallium-GABA:320,cluster,cross_species_WB,marmoset,#651F3B,Not assessed
marmoset:Subpallium-GABA:321,cluster,cross_species_WB,marmoset,#98F2FF,Not assessed
marmoset:Subpallium-GABA:322,cluster,cross_species_WB,marmoset,#9AF2FF,Not assessed
marmoset:Subpallium-GABA:323,cluster,cross_species_WB,marmoset,#FFE999,Not assessed
marmoset:Subpallium-GABA:324,cluster,cross_species_WB,marmoset,#C10E3B,Not assessed
marmoset:Subpallium-GABA:325,cluster,cross_species_WB,marmoset,#98F2FF,Not assessed
marmoset:Subpallium-GABA:326,cluster,cross_species_WB,marmoset,#0203FF,Not assessed
marmoset:Subpallium-GABA:327,cluster,cross_species_WB,marmoset,#671F3B,Not assessed
marmoset:Subpallium-GABA:328,cluster,cross_species_WB,marmoset,#FF7A02,Not assessed
marmoset:Subpallium-GABA:329,cluster,cross_species_WB,marmoset,#FE7700,Not assessed
marmoset:Subpallium-GABA:33,cluster,cross_species_WB,marmoset,#38FE58,Not assessed
marmoset:Subpallium-GABA:330,cluster,cross_species_WB,marmoset,#661F3B,Not assessed
marmoset:Subpallium-GABA:331,cluster,cross_species_WB,marmoset,#683F48,Not assessed
marmoset:Subpallium-GABA:332,cluster,cross_species_WB,marmoset,#2EFE4A,Not assessed
marmoset:Subpallium-GABA:333,cluster,cross_species_WB,marmoset,#21FF37,Not assessed
marmoset:Subpallium-GABA:334,cluster,cross_species_WB,marmoset,#653C46,Not assessed
marmoset:Subpallium-GABA:335,cluster,cross_species_WB,marmoset,#2BFF45,Not assessed
marmoset:Subpallium-GABA:336,cluster,cross_species_WB,marmoset,#24FF3C,Not assessed
marmoset:Subpallium-GABA:337,cluster,cross_species_WB,marmoset,#673E48,Not assessed
marmoset:Subpallium-GABA:338,cluster,cross_species_WB,marmoset,#653C47,Not assessed
marmoset:Subpallium-GABA:339,cluster,cross_species_WB,marmoset,#673E47,Not assessed
marmoset:Subpallium-GABA:34,cluster,cross_species_WB,marmoset,#01677B,Not assessed
marmoset:Subpallium-GABA:340,cluster,cross_species_WB,marmoset,#663D47,Not assessed
marmoset:Subpallium-GABA:341,cluster,cross_species_WB,marmoset,#1F6625,Not assessed
marmoset:Subpallium-GABA:342,cluster,cross_species_WB,marmoset,#005861,Not assessed
marmoset:Subpallium-GABA:343,cluster,cross_species_WB,marmoset,#005E6A,Not assessed
marmoset:Subpallium-GABA:344,cluster,cross_species_WB,marmoset,#CB1039,Not assessed
marmoset:Subpallium-GABA:345,cluster,cross_species_WB,marmoset,#9AF2FF,Not assessed
marmoset:Subpallium-GABA:346,cluster,cross_species_WB,marmoset,#C40F3A,Not assessed
marmoset:Subpallium-GABA:347,cluster,cross_species_WB,marmoset,#99F2FF,Not assessed
marmoset:Subpallium-GABA:348,cluster,cross_species_WB,marmoset,#CC39CA,Not assessed
marmoset:Subpallium-GABA:349,cluster,cross_species_WB,marmoset,#CC41C8,Not assessed
marmoset:Subpallium-GABA:35,cluster,cross_species_WB,marmoset,#5E1C38,Not assessed
marmoset:Subpallium-GABA:350,cluster,cross_species_WB,marmoset,#C80F3A,Not assessed
marmoset:Subpallium-GABA:351,cluster,cross_species_WB,marmoset,#6A3E30,Not assessed
marmoset:Subpallium-GABA:352,cluster,cross_species_WB,marmoset,#63382B,Not assessed
marmoset:Subpallium-GABA:353,cluster,cross_species_WB,marmoset,#80C2FE,Not assessed
marmoset:Subpallium-GABA:354,cluster,cross_species_WB,marmoset,#69C1FF,Not assessed
marmoset:Subpallium-GABA:355,cluster,cross_species_WB,marmoset,#693D2F,Not assessed
marmoset:Subpallium-GABA:356,cluster,cross_species_WB,marmoset,#7DC2FF,Not assessed
marmoset:Subpallium-GABA:357,cluster,cross_species_WB,marmoset,#9A0092,Not assessed
marmoset:Subpallium-GABA:358,cluster,cross_species_WB,marmoset,#6CC1FF,Not assessed
marmoset:Subpallium-GABA:359,cluster,cross_species_WB,marmoset,#005962,Not assessed
marmoset:Subpallium-GABA:36,cluster,cross_species_WB,marmoset,#FE870F,Not assessed
marmoset:Subpallium-GABA:360,cluster,cross_species_WB,marmoset,#7BC2FF,Not assessed
marmoset:Subpallium-GABA:361,cluster,cross_species_WB,marmoset,#6EC1FF,Not assessed
marmoset:Subpallium-GABA:362,cluster,cross_species_WB,marmoset,#4BFFF9,Not assessed
marmoset:Subpallium-GABA:363,cluster,cross_species_WB,marmoset,#4FFFFB,Not assessed
marmoset:Subpallium-GABA:364,cluster,cross_species_WB,marmoset,#199B00,Not assessed
marmoset:Subpallium-GABA:365,cluster,cross_species_WB,marmoset,#199800,Not assessed
marmoset:Subpallium-GABA:366,cluster,cross_species_WB,marmoset,#199A00,Not assessed
marmoset:Subpallium-GABA:367,cluster,cross_species_WB,marmoset,#CC3CC9,Not assessed
marmoset:Subpallium-GABA:368,cluster,cross_species_WB,marmoset,#78C1FF,Not assessed
marmoset:Subpallium-GABA:369,cluster,cross_species_WB,marmoset,#71C1FF,Not assessed
marmoset:Subpallium-GABA:37,cluster,cross_species_WB,marmoset,#704333,Not assessed
marmoset:Subpallium-GABA:370,cluster,cross_species_WB,marmoset,#76C1FF,Not assessed
marmoset:Subpallium-GABA:371,cluster,cross_species_WB,marmoset,#73C1FF,Not assessed
marmoset:Subpallium-GABA:372,cluster,cross_species_WB,marmoset,#CC3EC9,Not assessed
marmoset:Subpallium-GABA:373,cluster,cross_species_WB,marmoset,#987E09,Not assessed
marmoset:Subpallium-GABA:374,cluster,cross_species_WB,marmoset,#967B09,Not assessed
marmoset:Subpallium-GABA:375,cluster,cross_species_WB,marmoset,#005D69,Not assessed
marmoset:Subpallium-GABA:376,cluster,cross_species_WB,marmoset,#FF744C,Not assessed
marmoset:Subpallium-GABA:377,cluster,cross_species_WB,marmoset,#005963,Not assessed
marmoset:Subpallium-GABA:378,cluster,cross_species_WB,marmoset,#FF7901,Not assessed
marmoset:Subpallium-GABA:379,cluster,cross_species_WB,marmoset,#005D68,Not assessed
marmoset:Subpallium-GABA:38,cluster,cross_species_WB,marmoset,#004C51,Not assessed
marmoset:Subpallium-GABA:380,cluster,cross_species_WB,marmoset,#28FF40,Not assessed
marmoset:Subpallium-GABA:381,cluster,cross_species_WB,marmoset,#65392C,Not assessed
marmoset:Subpallium-GABA:382,cluster,cross_species_WB,marmoset,#673B2E,Not assessed
marmoset:Subpallium-GABA:383,cluster,cross_species_WB,marmoset,#FF784E,Not assessed
marmoset:Subpallium-GABA:384,cluster,cross_species_WB,marmoset,#005A64,Not assessed
marmoset:Subpallium-GABA:385,cluster,cross_species_WB,marmoset,#005C67,Not assessed
marmoset:Subpallium-GABA:386,cluster,cross_species_WB,marmoset,#005B65,Not assessed
marmoset:Subpallium-GABA:387,cluster,cross_species_WB,marmoset,#005B66,Not assessed
marmoset:Subpallium-GABA:39,cluster,cross_species_WB,marmoset,#5D3641,Not assessed
marmoset:Subpallium-GABA:4,cluster,cross_species_WB,marmoset,#01AC73,Not assessed
marmoset:Subpallium-GABA:40,cluster,cross_species_WB,marmoset,#6F444D,Not assessed
marmoset:Subpallium-GABA:41,cluster,cross_species_WB,marmoset,#319F32,Not assessed
marmoset:Subpallium-GABA:42,cluster,cross_species_WB,marmoset,#2F972D,Not assessed
marmoset:Subpallium-GABA:43,cluster,cross_species_WB,marmoset,#5E3742,Not assessed
marmoset:Subpallium-GABA:44,cluster,cross_species_WB,marmoset,#2F9B2F,Not assessed
marmoset:Subpallium-GABA:45,cluster,cross_species_WB,marmoset,#18FF28,Not assessed
marmoset:Subpallium-GABA:46,cluster,cross_species_WB,marmoset,#FC0073,Not assessed
marmoset:Subpallium-GABA:47,cluster,cross_species_WB,marmoset,#A9D599,Not assessed
marmoset:Subpallium-GABA:48,cluster,cross_species_WB,marmoset,#FF0473,Not assessed
marmoset:Subpallium-GABA:49,cluster,cross_species_WB,marmoset,#01677A,Not assessed
marmoset:Subpallium-GABA:5,cluster,cross_species_WB,marmoset,#FE8B5F,Not assessed
marmoset:Subpallium-GABA:50,cluster,cross_species_WB,marmoset,#004D52,Not assessed
marmoset:Subpallium-GABA:51,cluster,cross_species_WB,marmoset,#016679,Not assessed
marmoset:Subpallium-GABA:52,cluster,cross_species_WB,marmoset,#004E53,Not assessed
marmoset:Subpallium-GABA:53,cluster,cross_species_WB,marmoset,#0DFEDA,Not assessed
marmoset:Subpallium-GABA:54,cluster,cross_species_WB,marmoset,#00F7C3,Not assessed
marmoset:Subpallium-GABA:55,cluster,cross_species_WB,marmoset,#016678,Not assessed
marmoset:Subpallium-GABA:56,cluster,cross_species_WB,marmoset,#F26B00,Not assessed
marmoset:Subpallium-GABA:57,cluster,cross_species_WB,marmoset,#004F54,Not assessed
marmoset:Subpallium-GABA:58,cluster,cross_species_WB,marmoset,#016577,Not assessed
marmoset:Subpallium-GABA:59,cluster,cross_species_WB,marmoset,#FE860E,Not assessed
marmoset:Subpallium-GABA:6,cluster,cross_species_WB,marmoset,#FF633F,Not assessed
marmoset:Subpallium-GABA:60,cluster,cross_species_WB,marmoset,#ED9B24,Not assessed
marmoset:Subpallium-GABA:61,cluster,cross_species_WB,marmoset,#EDAB36,Not assessed
marmoset:Subpallium-GABA:62,cluster,cross_species_WB,marmoset,#ED9D27,Not assessed
marmoset:Subpallium-GABA:63,cluster,cross_species_WB,marmoset,#004F55,Not assessed
marmoset:Subpallium-GABA:64,cluster,cross_species_WB,marmoset,#016576,Not assessed
marmoset:Subpallium-GABA:65,cluster,cross_species_WB,marmoset,#005056,Not assessed
marmoset:Subpallium-GABA:66,cluster,cross_species_WB,marmoset,#F46C00,Not assessed
marmoset:Subpallium-GABA:67,cluster,cross_species_WB,marmoset,#01795C,Not assessed
marmoset:Subpallium-GABA:68,cluster,cross_species_WB,marmoset,#00593D,Not assessed
marmoset:Subpallium-GABA:69,cluster,cross_species_WB,marmoset,#D28D5F,Not assessed
marmoset:Subpallium-GABA:7,cluster,cross_species_WB,marmoset,#FE885C,Not assessed
marmoset:Subpallium-GABA:70,cluster,cross_species_WB,marmoset,#017356,Not assessed
marmoset:Subpallium-GABA:71,cluster,cross_species_WB,marmoset,#005F43,Not assessed
marmoset:Subpallium-GABA:72,cluster,cross_species_WB,marmoset,#63BCCD,Not assessed
marmoset:Subpallium-GABA:73,cluster,cross_species_WB,marmoset,#006C4F,Not assessed
marmoset:Subpallium-GABA:74,cluster,cross_species_WB,marmoset,#09FED7,Not assessed
marmoset:Subpallium-GABA:75,cluster,cross_species_WB,marmoset,#006649,Not assessed
marmoset:Subpallium-GABA:76,cluster,cross_species_WB,marmoset,#00FAC8,Not assessed
marmoset:Subpallium-GABA:77,cluster,cross_species_WB,marmoset,#5ABCCC,Not assessed
marmoset:Subpallium-GABA:78,cluster,cross_species_WB,marmoset,#8D7008,Not assessed
marmoset:Subpallium-GABA:79,cluster,cross_species_WB,marmoset,#5E3328,Not assessed
marmoset:Subpallium-GABA:8,cluster,cross_species_WB,marmoset,#FF6741,Not assessed
marmoset:Subpallium-GABA:80,cluster,cross_species_WB,marmoset,#6E4232,Not assessed
marmoset:Subpallium-GABA:81,cluster,cross_species_WB,marmoset,#016475,Not assessed
marmoset:Subpallium-GABA:82,cluster,cross_species_WB,marmoset,#005157,Not assessed
marmoset:Subpallium-GABA:83,cluster,cross_species_WB,marmoset,#8B008A,Not assessed
marmoset:Subpallium-GABA:84,cluster,cross_species_WB,marmoset,#016474,Not assessed
marmoset:Subpallium-GABA:85,cluster,cross_species_WB,marmoset,#005258,Not assessed
marmoset:Subpallium-GABA:86,cluster,cross_species_WB,marmoset,#016373,Not assessed
marmoset:Subpallium-GABA:87,cluster,cross_species_WB,marmoset,#005259,Not assessed
marmoset:Subpallium-GABA:88,cluster,cross_species_WB,marmoset,#016372,Not assessed
marmoset:Subpallium-GABA:89,cluster,cross_species_WB,marmoset,#00535A,Not assessed
marmoset:Subpallium-GABA:9,cluster,cross_species_WB,marmoset,#FE8559,Not assessed
marmoset:Subpallium-GABA:90,cluster,cross_species_WB,marmoset,#CE48C6,Not assessed
marmoset:Subpallium-GABA:91,cluster,cross_species_WB,marmoset,#016271,Not assessed
marmoset:Subpallium-GABA:92,cluster,cross_species_WB,marmoset,#8DF4FF,Not assessed
marmoset:Subpallium-GABA:93,cluster,cross_species_WB,marmoset,#FE850D,Not assessed
marmoset:Subpallium-GABA:94,cluster,cross_species_WB,marmoset,#35FE54,Not assessed
marmoset:Subpallium-GABA:95,cluster,cross_species_WB,marmoset,#F56D00,Not assessed
marmoset:Subpallium-GABA:96,cluster,cross_species_WB,marmoset,#00545B,Not assessed
marmoset:Subpallium-GABA:97,cluster,cross_species_WB,marmoset,#5CFCFE,Not assessed
marmoset:Subpallium-GABA:98,cluster,cross_species_WB,marmoset,#42FFF3,Not assessed
marmoset:Subpallium-GABA:99,cluster,cross_species_WB,marmoset,#59FDFE,Not assessed
marmoset:TH-EPI-Glut:1,cluster,cross_species_WB,marmoset,#52E281,Not assessed
marmoset:TH-EPI-Glut:10,cluster,cross_species_WB,marmoset,#558ED0,Not assessed
marmoset:TH-EPI-Glut:100,cluster,cross_species_WB,marmoset,#5E3751,Not assessed
marmoset:TH-EPI-Glut:101,cluster,cross_species_WB,marmoset,#5A8396,Not assessed
marmoset:TH-EPI-Glut:102,cluster,cross_species_WB,marmoset,#6E435D,Not assessed
marmoset:TH-EPI-Glut:103,cluster,cross_species_WB,marmoset,#70E59E,Not assessed
marmoset:TH-EPI-Glut:104,cluster,cross_species_WB,marmoset,#633B55,Not assessed
marmoset:TH-EPI-Glut:105,cluster,cross_species_WB,marmoset,#693F59,Not assessed
marmoset:TH-EPI-Glut:106,cluster,cross_species_WB,marmoset,#B2FFCF,Not assessed
marmoset:TH-EPI-Glut:107,cluster,cross_species_WB,marmoset,#2DF4BD,Not assessed
marmoset:TH-EPI-Glut:108,cluster,cross_species_WB,marmoset,#056E00,Not assessed
marmoset:TH-EPI-Glut:109,cluster,cross_species_WB,marmoset,#B3FFD2,Not assessed
marmoset:TH-EPI-Glut:11,cluster,cross_species_WB,marmoset,#3088C1,Not assessed
marmoset:TH-EPI-Glut:110,cluster,cross_species_WB,marmoset,#9EF7E7,Not assessed
marmoset:TH-EPI-Glut:111,cluster,cross_species_WB,marmoset,#B2FFCF,Not assessed
marmoset:TH-EPI-Glut:112,cluster,cross_species_WB,marmoset,#31F4BF,Not assessed
marmoset:TH-EPI-Glut:113,cluster,cross_species_WB,marmoset,#B3FFD1,Not assessed
marmoset:TH-EPI-Glut:114,cluster,cross_species_WB,marmoset,#A2F7E9,Not assessed
marmoset:TH-EPI-Glut:115,cluster,cross_species_WB,marmoset,#21FFFB,Not assessed
marmoset:TH-EPI-Glut:116,cluster,cross_species_WB,marmoset,#2BFDFF,Not assessed
marmoset:TH-EPI-Glut:117,cluster,cross_species_WB,marmoset,#82FCFF,Not assessed
marmoset:TH-EPI-Glut:118,cluster,cross_species_WB,marmoset,#7FFDFF,Not assessed
marmoset:TH-EPI-Glut:119,cluster,cross_species_WB,marmoset,#24FFFD,Not assessed
marmoset:TH-EPI-Glut:12,cluster,cross_species_WB,marmoset,#528DCF,Not assessed
marmoset:TH-EPI-Glut:120,cluster,cross_species_WB,marmoset,#29FFFF,Not assessed
marmoset:TH-EPI-Glut:121,cluster,cross_species_WB,marmoset,#B2FFCF,Not assessed
marmoset:TH-EPI-Glut:122,cluster,cross_species_WB,marmoset,#B3FFD1,Not assessed
marmoset:TH-EPI-Glut:123,cluster,cross_species_WB,marmoset,#26FFFE,Not assessed
marmoset:TH-EPI-Glut:124,cluster,cross_species_WB,marmoset,#B2FFD0,Not assessed
marmoset:TH-EPI-Glut:125,cluster,cross_species_WB,marmoset,#FF6B7E,Not assessed
marmoset:TH-EPI-Glut:126,cluster,cross_species_WB,marmoset,#5E879C,Not assessed
marmoset:TH-EPI-Glut:127,cluster,cross_species_WB,marmoset,#FF7C89,Not assessed
marmoset:TH-EPI-Glut:128,cluster,cross_species_WB,marmoset,#5B8498,Not assessed
marmoset:TH-EPI-Glut:129,cluster,cross_species_WB,marmoset,#61E390,Not assessed
marmoset:TH-EPI-Glut:13,cluster,cross_species_WB,marmoset,#3188C4,Not assessed
marmoset:TH-EPI-Glut:130,cluster,cross_species_WB,marmoset,#5D869A,Not assessed
marmoset:TH-EPI-Glut:131,cluster,cross_species_WB,marmoset,#6FE59E,Not assessed
marmoset:TH-EPI-Glut:132,cluster,cross_species_WB,marmoset,#086000,Not assessed
marmoset:TH-EPI-Glut:133,cluster,cross_species_WB,marmoset,#62E491,Not assessed
marmoset:TH-EPI-Glut:134,cluster,cross_species_WB,marmoset,#6EE59D,Not assessed
marmoset:TH-EPI-Glut:135,cluster,cross_species_WB,marmoset,#63E492,Not assessed
marmoset:TH-EPI-Glut:136,cluster,cross_species_WB,marmoset,#6DE49C,Not assessed
marmoset:TH-EPI-Glut:137,cluster,cross_species_WB,marmoset,#64E493,Not assessed
marmoset:TH-EPI-Glut:138,cluster,cross_species_WB,marmoset,#6CE49B,Not assessed
marmoset:TH-EPI-Glut:139,cluster,cross_species_WB,marmoset,#1E009C,Not assessed
marmoset:TH-EPI-Glut:14,cluster,cross_species_WB,marmoset,#4F8CCE,Not assessed
marmoset:TH-EPI-Glut:140,cluster,cross_species_WB,marmoset,#1C0099,Not assessed
marmoset:TH-EPI-Glut:141,cluster,cross_species_WB,marmoset,#65E494,Not assessed
marmoset:TH-EPI-Glut:142,cluster,cross_species_WB,marmoset,#6BE49A,Not assessed
marmoset:TH-EPI-Glut:143,cluster,cross_species_WB,marmoset,#66E495,Not assessed
marmoset:TH-EPI-Glut:144,cluster,cross_species_WB,marmoset,#066C00,Not assessed
marmoset:TH-EPI-Glut:145,cluster,cross_species_WB,marmoset,#6AE499,Not assessed
marmoset:TH-EPI-Glut:146,cluster,cross_species_WB,marmoset,#CC799D,Not assessed
marmoset:TH-EPI-Glut:147,cluster,cross_species_WB,marmoset,#CC7B9D,Not assessed
marmoset:TH-EPI-Glut:148,cluster,cross_species_WB,marmoset,#67E496,Not assessed
marmoset:TH-EPI-Glut:149,cluster,cross_species_WB,marmoset,#69E498,Not assessed
marmoset:TH-EPI-Glut:15,cluster,cross_species_WB,marmoset,#3289C7,Not assessed
marmoset:TH-EPI-Glut:150,cluster,cross_species_WB,marmoset,#B3FFD0,Not assessed
marmoset:TH-EPI-Glut:151,cluster,cross_species_WB,marmoset,#68E497,Not assessed
marmoset:TH-EPI-Glut:152,cluster,cross_species_WB,marmoset,#68E497,Not assessed
marmoset:TH-EPI-Glut:153,cluster,cross_species_WB,marmoset,#B2FFD0,Not assessed
marmoset:TH-EPI-Glut:154,cluster,cross_species_WB,marmoset,#086300,Not assessed
marmoset:TH-EPI-Glut:155,cluster,cross_species_WB,marmoset,#066900,Not assessed
marmoset:TH-EPI-Glut:156,cluster,cross_species_WB,marmoset,#076600,Not assessed
marmoset:TH-EPI-Glut:16,cluster,cross_species_WB,marmoset,#CF85A2,Not assessed
marmoset:TH-EPI-Glut:17,cluster,cross_species_WB,marmoset,#4B8CCE,Not assessed
marmoset:TH-EPI-Glut:18,cluster,cross_species_WB,marmoset,#2A01AA,Not assessed
marmoset:TH-EPI-Glut:19,cluster,cross_species_WB,marmoset,#3489C9,Not assessed
marmoset:TH-EPI-Glut:2,cluster,cross_species_WB,marmoset,#3CF4C8,Not assessed
marmoset:TH-EPI-Glut:20,cluster,cross_species_WB,marmoset,#037701,Not assessed
marmoset:TH-EPI-Glut:21,cluster,cross_species_WB,marmoset,#26F4B7,Not assessed
marmoset:TH-EPI-Glut:22,cluster,cross_species_WB,marmoset,#62899F,Not assessed
marmoset:TH-EPI-Glut:23,cluster,cross_species_WB,marmoset,#0A5700,Not assessed
marmoset:TH-EPI-Glut:24,cluster,cross_species_WB,marmoset,#037401,Not assessed
marmoset:TH-EPI-Glut:25,cluster,cross_species_WB,marmoset,#095A00,Not assessed
marmoset:TH-EPI-Glut:26,cluster,cross_species_WB,marmoset,#38F4C5,Not assessed
marmoset:TH-EPI-Glut:27,cluster,cross_species_WB,marmoset,#2AF4BA,Not assessed
marmoset:TH-EPI-Glut:28,cluster,cross_species_WB,marmoset,#34F4C2,Not assessed
marmoset:TH-EPI-Glut:29,cluster,cross_species_WB,marmoset,#53E282,Not assessed
marmoset:TH-EPI-Glut:3,cluster,cross_species_WB,marmoset,#7DE6AB,Not assessed
marmoset:TH-EPI-Glut:30,cluster,cross_species_WB,marmoset,#B3FFD3,Not assessed
marmoset:TH-EPI-Glut:31,cluster,cross_species_WB,marmoset,#B2FFCE,Not assessed
marmoset:TH-EPI-Glut:32,cluster,cross_species_WB,marmoset,#B3FFD2,Not assessed
marmoset:TH-EPI-Glut:33,cluster,cross_species_WB,marmoset,#B2FFCE,Not assessed
marmoset:TH-EPI-Glut:34,cluster,cross_species_WB,marmoset,#1DFFF9,Not assessed
marmoset:TH-EPI-Glut:35,cluster,cross_species_WB,marmoset,#B3FFD2,Not assessed
marmoset:TH-EPI-Glut:36,cluster,cross_species_WB,marmoset,#30FAFE,Not assessed
marmoset:TH-EPI-Glut:37,cluster,cross_species_WB,marmoset,#1FFFFA,Not assessed
marmoset:TH-EPI-Glut:38,cluster,cross_species_WB,marmoset,#2EFCFE,Not assessed
marmoset:TH-EPI-Glut:39,cluster,cross_species_WB,marmoset,#7CFEFF,Not assessed
marmoset:TH-EPI-Glut:4,cluster,cross_species_WB,marmoset,#D18BA5,Not assessed
marmoset:TH-EPI-Glut:40,cluster,cross_species_WB,marmoset,#7CE6AA,Not assessed
marmoset:TH-EPI-Glut:41,cluster,cross_species_WB,marmoset,#54E383,Not assessed
marmoset:TH-EPI-Glut:42,cluster,cross_species_WB,marmoset,#A5F7EA,Not assessed
marmoset:TH-EPI-Glut:43,cluster,cross_species_WB,marmoset,#7BE6A9,Not assessed
marmoset:TH-EPI-Glut:44,cluster,cross_species_WB,marmoset,#55E384,Not assessed
marmoset:TH-EPI-Glut:45,cluster,cross_species_WB,marmoset,#047101,Not assessed
marmoset:TH-EPI-Glut:46,cluster,cross_species_WB,marmoset,#7AE6A8,Not assessed
marmoset:TH-EPI-Glut:47,cluster,cross_species_WB,marmoset,#56E385,Not assessed
marmoset:TH-EPI-Glut:48,cluster,cross_species_WB,marmoset,#7AE6A7,Not assessed
marmoset:TH-EPI-Glut:49,cluster,cross_species_WB,marmoset,#57E386,Not assessed
marmoset:TH-EPI-Glut:5,cluster,cross_species_WB,marmoset,#C86B98,Not assessed
marmoset:TH-EPI-Glut:50,cluster,cross_species_WB,marmoset,#79E6A7,Not assessed
marmoset:TH-EPI-Glut:51,cluster,cross_species_WB,marmoset,#13008A,Not assessed
marmoset:TH-EPI-Glut:52,cluster,cross_species_WB,marmoset,#2701A7,Not assessed
marmoset:TH-EPI-Glut:53,cluster,cross_species_WB,marmoset,#15008D,Not assessed
marmoset:TH-EPI-Glut:54,cluster,cross_species_WB,marmoset,#2501A4,Not assessed
marmoset:TH-EPI-Glut:55,cluster,cross_species_WB,marmoset,#160090,Not assessed
marmoset:TH-EPI-Glut:56,cluster,cross_species_WB,marmoset,#2301A2,Not assessed
marmoset:TH-EPI-Glut:57,cluster,cross_species_WB,marmoset,#180093,Not assessed
marmoset:TH-EPI-Glut:58,cluster,cross_species_WB,marmoset,#58E387,Not assessed
marmoset:TH-EPI-Glut:59,cluster,cross_species_WB,marmoset,#78E5A6,Not assessed
marmoset:TH-EPI-Glut:6,cluster,cross_species_WB,marmoset,#D089A4,Not assessed
marmoset:TH-EPI-Glut:60,cluster,cross_species_WB,marmoset,#87D76B,Not assessed
marmoset:TH-EPI-Glut:61,cluster,cross_species_WB,marmoset,#99DD89,Not assessed
marmoset:TH-EPI-Glut:62,cluster,cross_species_WB,marmoset,#8DD975,Not assessed
marmoset:TH-EPI-Glut:63,cluster,cross_species_WB,marmoset,#93DB7F,Not assessed
marmoset:TH-EPI-Glut:64,cluster,cross_species_WB,marmoset,#59E388,Not assessed
marmoset:TH-EPI-Glut:65,cluster,cross_species_WB,marmoset,#77E5A5,Not assessed
marmoset:TH-EPI-Glut:66,cluster,cross_species_WB,marmoset,#5AE389,Not assessed
marmoset:TH-EPI-Glut:67,cluster,cross_species_WB,marmoset,#76E5A4,Not assessed
marmoset:TH-EPI-Glut:68,cluster,cross_species_WB,marmoset,#5BE38A,Not assessed
marmoset:TH-EPI-Glut:69,cluster,cross_species_WB,marmoset,#095D00,Not assessed
marmoset:TH-EPI-Glut:7,cluster,cross_species_WB,marmoset,#C96D98,Not assessed
marmoset:TH-EPI-Glut:70,cluster,cross_species_WB,marmoset,#20009F,Not assessed
marmoset:TH-EPI-Glut:71,cluster,cross_species_WB,marmoset,#1A0096,Not assessed
marmoset:TH-EPI-Glut:72,cluster,cross_species_WB,marmoset,#75E5A3,Not assessed
marmoset:TH-EPI-Glut:73,cluster,cross_species_WB,marmoset,#5CE38B,Not assessed
marmoset:TH-EPI-Glut:74,cluster,cross_species_WB,marmoset,#74E5A3,Not assessed
marmoset:TH-EPI-Glut:75,cluster,cross_species_WB,marmoset,#5DE38C,Not assessed
marmoset:TH-EPI-Glut:76,cluster,cross_species_WB,marmoset,#CA719A,Not assessed
marmoset:TH-EPI-Glut:77,cluster,cross_species_WB,marmoset,#CE83A1,Not assessed
marmoset:TH-EPI-Glut:78,cluster,cross_species_WB,marmoset,#73E5A2,Not assessed
marmoset:TH-EPI-Glut:79,cluster,cross_species_WB,marmoset,#CA739A,Not assessed
marmoset:TH-EPI-Glut:8,cluster,cross_species_WB,marmoset,#CF87A3,Not assessed
marmoset:TH-EPI-Glut:80,cluster,cross_species_WB,marmoset,#CE81A0,Not assessed
marmoset:TH-EPI-Glut:81,cluster,cross_species_WB,marmoset,#CB759B,Not assessed
marmoset:TH-EPI-Glut:82,cluster,cross_species_WB,marmoset,#5DE38D,Not assessed
marmoset:TH-EPI-Glut:83,cluster,cross_species_WB,marmoset,#CD7F9F,Not assessed
marmoset:TH-EPI-Glut:84,cluster,cross_species_WB,marmoset,#CB779C,Not assessed
marmoset:TH-EPI-Glut:85,cluster,cross_species_WB,marmoset,#CD7D9E,Not assessed
marmoset:TH-EPI-Glut:86,cluster,cross_species_WB,marmoset,#488BCD,Not assessed
marmoset:TH-EPI-Glut:87,cluster,cross_species_WB,marmoset,#72E5A1,Not assessed
marmoset:TH-EPI-Glut:88,cluster,cross_species_WB,marmoset,#3689CB,Not assessed
marmoset:TH-EPI-Glut:89,cluster,cross_species_WB,marmoset,#448BCD,Not assessed
marmoset:TH-EPI-Glut:9,cluster,cross_species_WB,marmoset,#C96F99,Not assessed
marmoset:TH-EPI-Glut:90,cluster,cross_species_WB,marmoset,#398ACC,Not assessed
marmoset:TH-EPI-Glut:91,cluster,cross_species_WB,marmoset,#418ACC,Not assessed
marmoset:TH-EPI-Glut:92,cluster,cross_species_WB,marmoset,#3D8ACC,Not assessed
marmoset:TH-EPI-Glut:93,cluster,cross_species_WB,marmoset,#5EE38E,Not assessed
marmoset:TH-EPI-Glut:94,cluster,cross_species_WB,marmoset,#72E5A0,Not assessed
marmoset:TH-EPI-Glut:95,cluster,cross_species_WB,marmoset,#5FE38E,Not assessed
marmoset:TH-EPI-Glut:96,cluster,cross_species_WB,marmoset,#71E59F,Not assessed
marmoset:TH-EPI-Glut:97,cluster,cross_species_WB,marmoset,#588294,Not assessed
marmoset:TH-EPI-Glut:98,cluster,cross_species_WB,marmoset,#60889D,Not assessed
marmoset:TH-EPI-Glut:99,cluster,cross_species_WB,marmoset,#60E38F,Not assessed
001 IT-ET Glut_csHBc,class,cross_species_WB,multi,#FA0087,Not assessed
002 NP-CT-L6b Glut_csHBc,class,cross_species_WB,multi,#61E2A4,Not assessed
003 OB-CR Glut_csHBc,class,cross_species_WB,multi,#D00000,Not assessed
004 DG-IMN Glut_csHBc,class,cross_species_WB,multi,#16F2F2,Not assessed
005 OB-IMN GABA_csHBc,class,cross_species_WB,multi,#1B4332,Not assessed
006 CTX-CGE GABA_csHBc,class,cross_species_WB,multi,#CCFF33,Not assessed
007 CTX-MGE GABA_csHBc,class,cross_species_WB,multi,#F954EE,Not assessed
008 CNU-MGE GABA_csHBc,class,cross_species_WB,multi,#70E000,Not assessed
009 CNU-LGE GABA_csHBc,class,cross_species_WB,multi,#B199FF,Not assessed
010 LSX GABA_csHBc,class,cross_species_WB,multi,#3283FE,Not assessed
011 CNU-HYa GABA_csHBc,class,cross_species_WB,multi,#450099,Not assessed
012 HY GABA_csHBc,class,cross_species_WB,multi,#FF6600,Not assessed
013 HY GABA Glut_csHBc,class,cross_species_WB,multi,#CC3300,Not assessed
014 CNU-HYa Glut_csHBc,class,cross_species_WB,multi,#90E0EF,Not assessed
015 HYp-MBav Glut_csHBc,class,cross_species_WB,multi,#AA0DFE,Not assessed
016 HY Gnrh1 Glut_csHBc,class,cross_species_WB,multi,#F28266,Not assessed
017 HY MM Glut_csHBc,class,cross_species_WB,multi,#01D669,Not assessed
018 MH-LH Glut_csHBc,class,cross_species_WB,multi,#FAA307,Not assessed
019 TH Glut_csHBc,class,cross_species_WB,multi,#0D47A1,Not assessed
020 MB Glut_csHBc,class,cross_species_WB,multi,#006200,Not assessed
021 MB-TH-P GABA_csHBc,class,cross_species_WB,multi,#9EF01A,Not assessed
022 MB Dopa_csHBc,class,cross_species_WB,multi,#389000,Not assessed
023 MB-HB Sero_csHBc,class,cross_species_WB,multi,#6CB067,Not assessed
024 P-MB Glut_csHBc,class,cross_species_WB,multi,#6B5CA5,Not assessed
025 MY-P sen Glut_csHBc,class,cross_species_WB,multi,#F0A0FF,Not assessed
026 MY-P mot Glut_csHBc,class,cross_species_WB,multi,#C070FF,Not assessed
027 PG-TRN-LRN Glut_csHBc,class,cross_species_WB,multi,#9B7ACC,Not assessed
028 IO Glut_csHBc,class,cross_species_WB,multi,#9040FF,Not assessed
029 DMX Chol_csHBc,class,cross_species_WB,multi,#6010FF,Not assessed
030 HB Calcb Chol_csHBc,class,cross_species_WB,multi,#3000FF,Not assessed
031 P-MB GABA_csHBc,class,cross_species_WB,multi,#72195A,Not assessed
032 MY-P sen GABA_csHBc,class,cross_species_WB,multi,#00B8C8,Not assessed
033 MY-P mot GABA_csHBc,class,cross_species_WB,multi,#0096C7,Not assessed
034 CB-DCO GABA_csHBc,class,cross_species_WB,multi,#FFFB46,Not assessed
035 CB-CN Glut_csHBc,class,cross_species_WB,multi,#9D0208,Not assessed
036 Pineal Glut_csHBc,class,cross_species_WB,multi,#086375,Not assessed
037 Astro-Epen_csHBc,class,cross_species_WB,multi,#594A26,Not assessed
038 CHOR_csHBc,class,cross_species_WB,multi,#806A28,Not assessed
039 OPC-Oligo_csHBc,class,cross_species_WB,multi,#03045E,Not assessed
040 OEC_csHBc,class,cross_species_WB,multi,#996B2E,Not assessed
041 Vascular_csHBc,class,cross_species_WB,multi,#858881,Not assessed
042 Immune_csHBc,class,cross_species_WB,multi,#825F45,Not assessed
043 Pituitary_csHBc,class,cross_species_WB,multi,#5080C2,Not assessed
HY-EA-Glut-GABA_csHBn,neighborhood,cross_species_WB,multi,#FF6600,Not assessed
MB-HB_csHBn,neighborhood,cross_species_WB,multi,"",Not assessed
NN-IMN_csHBn,neighborhood,cross_species_WB,multi,#03045E,Not assessed
Pallium-Glut_csHBn,neighborhood,cross_species_WB,multi,#FA0087,Not assessed
Subpallium-GABA_csHBn,neighborhood,cross_species_WB,multi,#B199FF,Not assessed
TH-EPI-Glut_csHBn,neighborhood,cross_species_WB,multi,#1283FF,Not assessed
001 L2/3-IT-RSP_Glut_csHBs,subclass,cross_species_WB,multi,#999145,Not assessed
002 L2/3-IT-CTX_Glut_csHBs,subclass,cross_species_WB,multi,#E9530F,Not assessed
003 L4/5-IT-CTX_Glut_csHBs,subclass,cross_species_WB,multi,#3DCCB7,Not assessed
004 L5-IT-CTX_Glut_csHBs,subclass,cross_species_WB,multi,#660F38,Not assessed
005 L6-IT-CTX_Glut_csHBs,subclass,cross_species_WB,multi,#C0FF4D,Not assessed
006 L5/6-IT-TPE-ENT_Glut_csHBs,subclass,cross_species_WB,multi,#C400FF,Not assessed
007 CLA-EPd-CTX_Car3_Glut_csHBs,subclass,cross_species_WB,multi,#64C2FC,Not assessed
008 IT-EP-CLA_Osr1_Glut_csHBs,subclass,cross_species_WB,multi,#1F665D,Not assessed
009 IT-AON-TT-DP_Glut_csHBs,subclass,cross_species_WB,multi,#FF004B,Not assessed
010 IT-AON-an_Glut_csHBs,subclass,cross_species_WB,multi,#F85C00,Not assessed
011 L2-IT-PIR-ENTl_Glut_csHBs,subclass,cross_species_WB,multi,#940099,Not assessed
012 L2-IT-ENT-po_Glut_csHBs,subclass,cross_species_WB,multi,#00FFC4,Not assessed
013 L2-IT-ENTm_Glut_csHBs,subclass,cross_species_WB,multi,#7C5E99,Not assessed
014 L3-IT-ENT_Glut_csHBs,subclass,cross_species_WB,multi,#1F46CC,Not assessed
015 ENTmv-HATA_Glut_csHBs,subclass,cross_species_WB,multi,#B6CC7A,Not assessed
016 LA-BLA-BMA-PA_Glut_csHBs,subclass,cross_species_WB,multi,#BBFF73,Not assessed
017 MEA_Zic5:Krt2_Glut_csHBs,subclass,cross_species_WB,multi,#456C99,Not assessed
018 COAp_Grxcr2_Glut_csHBs,subclass,cross_species_WB,multi,#61CC5C,Not assessed
019 L2-IT-PPP-APr_Glut_csHBs,subclass,cross_species_WB,multi,#0F6632,Not assessed
020 L2/3-IT-PPP-an_Glut_csHBs,subclass,cross_species_WB,multi,#925C99,Not assessed
021 L2/3-IT-PPP-po_Glut_csHBs,subclass,cross_species_WB,multi,#602599,Not assessed
022 L4-RSP-ACA_Glut_csHBs,subclass,cross_species_WB,multi,#FFF226,Not assessed
023 L5-ET-CTX_Glut_csHBs,subclass,cross_species_WB,multi,#99A2FF,Not assessed
024 L5-ET-CTX_Chrna6_Glut_csHBs,subclass,cross_species_WB,multi,#B285EA,Not assessed
025 L5-PPP_Glut_csHBs,subclass,cross_species_WB,multi,#6B995C,Not assessed
026 SUB-ProS_Glut_csHBs,subclass,cross_species_WB,multi,#FF9999,Not assessed
027 CA1-ProS_Glut_csHBs,subclass,cross_species_WB,multi,#0F3466,Not assessed
028 CA2-FC-IG_Glut_csHBs,subclass,cross_species_WB,multi,#FF7391,Not assessed
029 CA3_Glut_csHBs,subclass,cross_species_WB,multi,#C973FF,Not assessed
030 DG-po_Mossy_Glut_csHBs,subclass,cross_species_WB,multi,#DE5BE4,Not assessed
032 L6b-EPd_Glut_csHBs,subclass,cross_species_WB,multi,#CC827A,Not assessed
033 L6b/CT-ENT_Glut_csHBs,subclass,cross_species_WB,multi,#CC0098,Not assessed
034 L6b-CTX_Glut_csHBs,subclass,cross_species_WB,multi,#9EFF99,Not assessed
035 L6-CT-CTX_Glut_csHBs,subclass,cross_species_WB,multi,#34661F,Not assessed
036 CT-SUB_Glut_csHBs,subclass,cross_species_WB,multi,#440066,Not assessed
037 L5-NP-CTX_Glut_csHBs,subclass,cross_species_WB,multi,#7B7ACC,Not assessed
038 NP-SUB_Glut_csHBs,subclass,cross_species_WB,multi,#99CAFF,Not assessed
039 NP-PPP_Glut_csHBs,subclass,cross_species_WB,multi,#B8FF26,Not assessed
040 OB_Eomes:Sall1_Glut_csHBs,subclass,cross_species_WB,multi,#7F1FCC,Not assessed
041 OB_Eomes:Lhx1_Glut_csHBs,subclass,cross_species_WB,multi,#AF0DC6,Not assessed
042 HPF_CR_Glut_csHBs,subclass,cross_species_WB,multi,#919900,Not assessed
043 DG_Glut_csHBs,subclass,cross_species_WB,multi,#CC2400,Not assessed
044 DG_Glut-IMN_csHBs,subclass,cross_species_WB,multi,#3D53CC,Not assessed
045 PIR_Glut-IMN_csHBs,subclass,cross_species_WB,multi,#7E25C6,Not assessed
046 OB_Meis2:Thsd7b_Gaba_csHBs,subclass,cross_species_WB,multi,#FF99F7,Not assessed
047 OB-in_Trdn_Gaba_csHBs,subclass,cross_species_WB,multi,#684599,Not assessed
048 OB-in_Frmd7:Cpa6_Gaba_csHBs,subclass,cross_species_WB,multi,#FF0073,Not assessed
049 OB-out_Frmd7:Apold1_Gaba_csHBs,subclass,cross_species_WB,multi,#CC6D3D,Not assessed
051 OB-mi_Frmd7:Vip_Gaba_csHBs,subclass,cross_species_WB,multi,#FF99A7,Not assessed
052 OB-out_Trh_Dopa-Gaba_csHBs,subclass,cross_species_WB,multi,#96CC7A,Not assessed
053 OB-STR-CTX_Mex3a_Gaba-IMN_csHBs,subclass,cross_species_WB,multi,#819945,Not assessed
054 Vip_Gaba_csHBs,subclass,cross_species_WB,multi,#663D47,Not assessed
055 Sncg_Gaba_csHBs,subclass,cross_species_WB,multi,#FFE999,Not assessed
056 RHP-COA_Ndnf_Gaba_csHBs,subclass,cross_species_WB,multi,#0003FF,Not assessed
057 Lamp5_Gaba_csHBs,subclass,cross_species_WB,multi,#FF764D,Not assessed
058 Lamp5-Lhx6_Gaba_csHBs,subclass,cross_species_WB,multi,#26FF3E,Not assessed
059 Pvalb-chandelier_Gaba_csHBs,subclass,cross_species_WB,multi,#2F992E,Not assessed
060 Pvalb_Gaba_csHBs,subclass,cross_species_WB,multi,#661F3B,Not assessed
061 Sst_Gaba_csHBs,subclass,cross_species_WB,multi,#99F2FF,Not assessed
062 Sst:Chodl_Gaba_csHBs,subclass,cross_species_WB,multi,#EDA32D,Not assessed
063 NDB-SI-MA-STRv_Lhx8_Gaba_csHBs,subclass,cross_species_WB,multi,#199900,Not assessed
064 STR_Prox1:Lhx6_Gaba_csHBs,subclass,cross_species_WB,multi,#C60F3A,Not assessed
065 STR_Lhx8_Gaba_csHBs,subclass,cross_species_WB,multi,#CC3DC9,Not assessed
066 PAL-STR_Lhx8_Gaba-Chol_csHBs,subclass,cross_species_WB,multi,#4DFFFA,Not assessed
067 CEA-BST_Pgm5:Pde11a_Gaba_csHBs,subclass,cross_species_WB,multi,#CC5E5C,Not assessed
068 CEA-BST_Gal:Avp_Gaba_csHBs,subclass,cross_species_WB,multi,#2E6637,Not assessed
069 CEA-BST_Ebf1:Pdyn_Gaba_csHBs,subclass,cross_species_WB,multi,#CC885C,Not assessed
070 BST-SI-AAA_Six3:Slc22a3_Gaba_csHBs,subclass,cross_species_WB,multi,#881FCC,Not assessed
071 CEA-AAA-BST_Six3:Pax6_Gaba_csHBs,subclass,cross_species_WB,multi,#990091,Not assessed
072 CEA-BST_Six3:Cyp26b1_Gaba_csHBs,subclass,cross_species_WB,multi,#73C1FF,Not assessed
073 STR_D2_Gaba_csHBs,subclass,cross_species_WB,multi,#FF7800,Not assessed
074 STR_D1_Gaba_csHBs,subclass,cross_species_WB,multi,#005B66,Not assessed
075 OT_D3:Folh1_Gaba_csHBs,subclass,cross_species_WB,multi,#66580F,Not assessed
076 ACB-BST-FS_D1_Gaba_csHBs,subclass,cross_species_WB,multi,#FF4026,Not assessed
077 STR_D1:Sema5a_Gaba_csHBs,subclass,cross_species_WB,multi,#663A2D,Not assessed
078 STR-PAL_Chst9_Gaba_csHBs,subclass,cross_species_WB,multi,#967B09,Not assessed
079 IA_Mgp_Gaba_csHBs,subclass,cross_species_WB,multi,#00995F,Not assessed
080 GPe-SI_Sox6:Cyp26b1_Gaba_csHBs,subclass,cross_species_WB,multi,#5CCC85,Not assessed
081 NDB-SI-ant_Pax6_Gaba_csHBs,subclass,cross_species_WB,multi,#5CBCCC,Not assessed
082 LSX_Prdm12:Slit2_Gaba_csHBs,subclass,cross_species_WB,multi,#0067FF,Not assessed
083 LSX_Prdm12:Zeb2_Gaba_csHBs,subclass,cross_species_WB,multi,#1F6625,Not assessed
084 LSX_Atf5_Gaba_csHBs,subclass,cross_species_WB,multi,#CCA43D,Not assessed
085 LSX_Sall3:Lmo1_Gaba_csHBs,subclass,cross_species_WB,multi,#00FFD0,Not assessed
086 LSX_Sall3:Pax6_Gaba_csHBs,subclass,cross_species_WB,multi,#006649,Not assessed
087 LSX_Otx2_Gaba_csHBs,subclass,cross_species_WB,multi,#229917,Not assessed
088 LSX_Spp1_Gaba_csHBs,subclass,cross_species_WB,multi,#9244F1,Not assessed
089 LSX_Nkx2-1_Gaba_csHBs,subclass,cross_species_WB,multi,#BBB144,Not assessed
090 MEA-BST_Lhx6:Nfib_Gaba_csHBs,subclass,cross_species_WB,multi,#990063,Not assessed
091 MEA-BST_Lhx6:Nr2e1:Tox3_Gaba_csHBs,subclass,cross_species_WB,multi,#995C70,Not assessed
092 MEA-BST_Lhx6:Nr2e1:Sp9_Gaba_csHBs,subclass,cross_species_WB,multi,#FCFF4D,Not assessed
093 MEA-BST_Sox6_Gaba_csHBs,subclass,cross_species_WB,multi,#66360F,Not assessed
094 SI-MPO-LPO_Lhx8:Gbx2_Gaba_csHBs,subclass,cross_species_WB,multi,#26FFAD,Not assessed
095 MPO-ADP_Lhx8:Isl1_Gaba_csHBs,subclass,cross_species_WB,multi,#FF004F,Not assessed
096 LHA-BST-AHN-MPN_Lhx6:Zfhx3_Gaba_csHBs,subclass,cross_species_WB,multi,#26C2FF,Not assessed
097 MPN-BST_Satb2_Gaba_csHBs,subclass,cross_species_WB,multi,#C6FC3F,Not assessed
098 BST-LHA_Tac2_Gaba_csHBs,subclass,cross_species_WB,multi,#71FF4D,Not assessed
099 BST-MPN-AHN_Six3:Cmbl_Gaba_csHBs,subclass,cross_species_WB,multi,#996600,Not assessed
100 ADP-BST_Six3:Sp8_Gaba_csHBs,subclass,cross_species_WB,multi,#969A00,Not assessed
101 PVR_Six3:Sox3_Gaba_csHBs,subclass,cross_species_WB,multi,#4DFFB4,Not assessed
102 MEPO-AVPV-SFO_Hmx2:Nfib_Gaba_csHBs,subclass,cross_species_WB,multi,#2AFFF1,Not assessed
103 SCH_Six6:Cdc14a_Gaba_csHBs,subclass,cross_species_WB,multi,#FFBC4D,Not assessed
104 SBPV-PVa_Six6:Satb2_Gaba_csHBs,subclass,cross_species_WB,multi,#99FF4D,Not assessed
105 ARH_Six6:Satb2_Dopa-Gaba_csHBs,subclass,cross_species_WB,multi,#6000FF,Not assessed
107 AHN_Onecut3_Gaba_csHBs,subclass,cross_species_WB,multi,#553D66,Not assessed
108 AHN-SBPV-PVHd_Pdrm12_Gaba_csHBs,subclass,cross_species_WB,multi,#BB7ACC,Not assessed
109 PVHd-SBPV_Sp8:Prox1_Gaba_csHBs,subclass,cross_species_WB,multi,#2E3D66,Not assessed
111 ZI_Pax6:Pou6f2:Dlk1_Gaba_csHBs,subclass,cross_species_WB,multi,#90EEAE,Not assessed
112 ZI_Pax6:Pou6f2:Meis2_Gaba_csHBs,subclass,cross_species_WB,multi,#73CFCF,Not assessed
113 ZI_Pax6:Dscaml1_Gaba_csHBs,subclass,cross_species_WB,multi,#54AFF3,Not assessed
114 LGv-ZI_Otx2_Gaba_csHBs,subclass,cross_species_WB,multi,#664DFF,Not assessed
115 RT-ZI_Creb5_Gaba_csHBs,subclass,cross_species_WB,multi,#CCB65C,Not assessed
116 PVHd-DMH_Lhx6_Gaba_csHBs,subclass,cross_species_WB,multi,#73F8FF,Not assessed
117 DMH-LHA_Gsx1_Gaba_csHBs,subclass,cross_species_WB,multi,#992A00,Not assessed
118 TU-ARH_Otp:Prox1_Gaba_csHBs,subclass,cross_species_WB,multi,#2E0F66,Not assessed
119 TU-ARH_Otp:Bsx_Gaba_csHBs,subclass,cross_species_WB,multi,#4E0053,Not assessed
120 ARH-PVp_Tbx3:Crapb1_Gaba_csHBs,subclass,cross_species_WB,multi,#CC3D76,Not assessed
121 DMH_Hmx2:Gal_Gaba_csHBs,subclass,cross_species_WB,multi,#FFB473,Not assessed
122 TMd-DMH_Bsx:Foxd2_Gaba_csHBs,subclass,cross_species_WB,multi,#3DCC9E,Not assessed
123 DMH_Prdm13_Gaba_csHBs,subclass,cross_species_WB,multi,#179972,Not assessed
124 TMv-PMv_Tbx3_Hist-Gaba_csHBs,subclass,cross_species_WB,multi,#2E664D,Not assessed
125 PVpo-VMPO-MPN_Hmx2:Foxg1_Gaba_csHBs,subclass,cross_species_WB,multi,#3D4566,Not assessed
126 MPN-MPO-PVpo_Hmx2:Lhx9_Glut_csHBs,subclass,cross_species_WB,multi,#CC1F92,Not assessed
127 MPN-MPO-PVpo_Skor2_Glut_csHBs,subclass,cross_species_WB,multi,#FF447C,Not assessed
128 ARH-PVp_Tbx3_Glut_csHBs,subclass,cross_species_WB,multi,#CC4B1F,Not assessed
129 DMH_Hmx2:Onecut3_Glut_csHBs,subclass,cross_species_WB,multi,#2F6600,Not assessed
130 DMH_Nkx2-4:Nr2e1_Glut_csHBs,subclass,cross_species_WB,multi,#FF73C8,Not assessed
131 DMH-LHA_Rfx4:Vgll2_Glut_csHBs,subclass,cross_species_WB,multi,#391799,Not assessed
132 VMH_Fezf1_Glut_csHBs,subclass,cross_species_WB,multi,#00CBFF,Not assessed
133 VMH_Nr5a1_Glut_csHBs,subclass,cross_species_WB,multi,#5CCCB1,Not assessed
134 TU_Nr5a1:Prdm13_Glut_csHBs,subclass,cross_species_WB,multi,#76E1D9,Not assessed
135 LHA_Pmch_Glut_csHBs,subclass,cross_species_WB,multi,#B100CC,Not assessed
136 MS-SF_Bsx:Onecut2_Glut_csHBs,subclass,cross_species_WB,multi,#1F6641,Not assessed
137 AHN-RCH-LHA_Otp:Fezf1_Glut_csHBs,subclass,cross_species_WB,multi,#2E9957,Not assessed
138 LHA-AHN-PVH_Otp:Trh_Glut_csHBs,subclass,cross_species_WB,multi,#7ABACC,Not assessed
139 LHA-MEA_Otp:Sim1:Lhx2_Glut_csHBs,subclass,cross_species_WB,multi,#1FCCCA,Not assessed
140 MEA-BST_Otp:Sim1:Zic2_Glut_csHBs,subclass,cross_species_WB,multi,#6100CC,Not assessed
141 MEA_Otp:Foxp2_Glut_csHBs,subclass,cross_species_WB,multi,#894599,Not assessed
142 MEA-COA-BMA_Ccdc42_Glut_csHBs,subclass,cross_species_WB,multi,#660F5A,Not assessed
143 COAa-PAA-MEA_Barhl2:Egr3_Glut_csHBs,subclass,cross_species_WB,multi,#EDFF99,Not assessed
144 AVPV-MEPO-SFO_Gng8_Glut_csHBs,subclass,cross_species_WB,multi,#1100CC,Not assessed
145 GPi_Tbr1:Cngb3_Gaba-Glut_csHBs,subclass,cross_species_WB,multi,#008ECC,Not assessed
146 LHA_Barhl2_Glut_csHBs,subclass,cross_species_WB,multi,#5C9995,Not assessed
147 ADP-MPO_Trp73_Glut_csHBs,subclass,cross_species_WB,multi,#00CC6A,Not assessed
148 SI-MA-LPO-LHA_Skor1_Glut_csHBs,subclass,cross_species_WB,multi,#352E66,Not assessed
149 BST-po_Ebf2:Iigp1_Glut_csHBs,subclass,cross_species_WB,multi,#973DCC,Not assessed
150 TRS-BAC_Sln_Glut_csHBs,subclass,cross_species_WB,multi,#500F66,Not assessed
151 PH-ant-LHA_Otp:Bsx_Glut_csHBs,subclass,cross_species_WB,multi,#660010,Not assessed
152 PVH-SO-PVa_Otp:Fezf2_Glut_csHBs,subclass,cross_species_WB,multi,#0059CA,Not assessed
153 PVH-SO-PVa_Otp:Nkx2-2_Glut_csHBs,subclass,cross_species_WB,multi,#603DCC,Not assessed
154 PH-an_Pitx2:Nkx2-4_Glut_csHBs,subclass,cross_species_WB,multi,#66441F,Not assessed
155 PMd-LHA_Foxb1:Emx2_Glut_csHBs,subclass,cross_species_WB,multi,#5C9965,Not assessed
156 PH-LHA_Foxb1:Onecut2_Glut_csHBs,subclass,cross_species_WB,multi,#583F96,Not assessed
157 PH-LHA_Foxb1:E2f7_Glut_csHBs,subclass,cross_species_WB,multi,#7C2E99,Not assessed
158 PHd-ZI_Nkx2-2_Glut_csHBs,subclass,cross_species_WB,multi,#912C8D,Not assessed
159 PH_Pitx2:Dmrta2_Glut_csHBs,subclass,cross_species_WB,multi,#5C6D99,Not assessed
160 PMv-TMv_Pitx2:Irx3_Glut_csHBs,subclass,cross_species_WB,multi,#3D5566,Not assessed
161 STN-PSTN_Pitx2:Foxa1_Glut_csHBs,subclass,cross_species_WB,multi,#CC0048,Not assessed
162 PH-SUM_Pitx2:Nr4a2_Glut_csHBs,subclass,cross_species_WB,multi,#991793,Not assessed
163 MB-ant-ve_Dmrta2:Emx2_Glut_csHBs,subclass,cross_species_WB,multi,#766AA0,Not assessed
164 PAG_Ucn_Glut_csHBs,subclass,cross_species_WB,multi,#009923,Not assessed
165 ND-INC_Foxd2_Glut_csHBs,subclass,cross_species_WB,multi,#997817,Not assessed
166 RN_Dmrta2:C1ql2_Glut_csHBs,subclass,cross_species_WB,multi,#FF514D,Not assessed
167 MRN-PAG_Nkx6-1:Sim1_Glut_csHBs,subclass,cross_species_WB,multi,#3D6566,Not assessed
168 PRC-PAG_Pax6:Tcf7l2_Glut_csHBs,subclass,cross_species_WB,multi,#316773,Not assessed
169 IF-RL-CLI-PAG_Dmrta2:Sim1_Glut_csHBs,subclass,cross_species_WB,multi,#63FF26,Not assessed
171 HY_Gnrh1_Glut_csHBs,subclass,cross_species_WB,multi,#7A9ACC,Not assessed
172 MM-ant_Foxb1:Gpc6_Glut_csHBs,subclass,cross_species_WB,multi,#66662E,Not assessed
173 MM_Foxb1:Sall3_Glut_csHBs,subclass,cross_species_WB,multi,#FF2677,Not assessed
174 MH_Tac2_Glut_csHBs,subclass,cross_species_WB,multi,#3D8ACC,Not assessed
175 LH_Pou4f1:Sox1_Glut_csHBs,subclass,cross_species_WB,multi,#CC7A9D,Not assessed
176 AD_Serpinb7_Glut_csHBs,subclass,cross_species_WB,multi,#FF7383,Not assessed
177 AV_Col27a1_Glut_csHBs,subclass,cross_species_WB,multi,#16F2F2,Not assessed
178 AM-IAD_Col27a1:Calb1_Glut_csHBs,subclass,cross_species_WB,multi,#90DA7A,Not assessed
179 PVT-PT_Ntrk1_Glut_csHBs,subclass,cross_species_WB,multi,#5C8599,Not assessed
180 CM-IAD-CL-PCN_Sema5b_Glut_csHBs,subclass,cross_species_WB,multi,#076600,Not assessed
181 TH_Prkcd:Grin2c:Hs3st1_Glut_csHBs,subclass,cross_species_WB,multi,#68E497,Not assessed
182 TH_Prkch:Adamts9_Glut_csHBs,subclass,cross_species_WB,multi,#2FF4BE,Not assessed
183 RE-Xi_Nox4_Glut_csHBs,subclass,cross_species_WB,multi,#663D57,Not assessed
184 PF_Fzd5_Glut_csHBs,subclass,cross_species_WB,multi,#1C0099,Not assessed
185 PIL-SPFp-MRN_Sp9:Gbx2:Etv1_Glut_csHBs,subclass,cross_species_WB,multi,#E0FFEC,Not assessed
186 SPA-PVT-RE-Xi_Sp9:Gbx2:Sox5_Glut_csHBs,subclass,cross_species_WB,multi,#A0F7E8,Not assessed
187 PIL-PP-MRN_Sp9:Nkx2-2_Glut_csHBs,subclass,cross_species_WB,multi,#26FFFE,Not assessed
188 MRN-PAG_Neurod2_Glut_csHBs,subclass,cross_species_WB,multi,#7FFDFF,Not assessed
189 APN-MRN_C1ql2:Esrrb_Glut_csHBs,subclass,cross_species_WB,multi,#5C64CC,Not assessed
190 APN-MRN_Tfap2d:Irx2_Glut_csHBs,subclass,cross_species_WB,multi,#889917,Not assessed
191 PAG-SC_Neurod2:Barhl1:Nfib_Glut_csHBs,subclass,cross_species_WB,multi,#2E7799,Not assessed
192 PAG_Pou4f3_Glut_csHBs,subclass,cross_species_WB,multi,#CC3DA3,Not assessed
193 PAG_Pou4f2:Mesi2_Glut_csHBs,subclass,cross_species_WB,multi,#5FCC5C,Not assessed
194 PAG_Pou4f1:Barhl1:Lef1_Glut_csHBs,subclass,cross_species_WB,multi,#990027,Not assessed
195 PAG_Pou4f1:Barhl1:Adamtsl1_Glut_csHBs,subclass,cross_species_WB,multi,#F2FF73,Not assessed
196 PAG-MRN_C1ql4:Nxph4_Glut_csHBs,subclass,cross_species_WB,multi,#FF9D26,Not assessed
197 SCm-MRN_Pou4f1:Meis2_Glut_csHBs,subclass,cross_species_WB,multi,#311FCC,Not assessed
198 PAG_Pou4f1:Bnc2_Glut_csHBs,subclass,cross_species_WB,multi,#8B00CD,Not assessed
200 PAG-MRN_Bnc2_Glut_csHBs,subclass,cross_species_WB,multi,#997045,Not assessed
201 PAG-MRN_Bnc2:Tfap2b_Glut_csHBs,subclass,cross_species_WB,multi,#82995C,Not assessed
202 SCdg-PAG_Bnc2_Glut_csHBs,subclass,cross_species_WB,multi,#7ACCBE,Not assessed
203 SCiw_Pitx2_Glut_csHBs,subclass,cross_species_WB,multi,#50662E,Not assessed
204 SCig_Foxb1:Otx2_Glut_csHBs,subclass,cross_species_WB,multi,#5C73CC,Not assessed
205 SCig-an-PPT_Foxb1:Nr2f2_Glut_csHBs,subclass,cross_species_WB,multi,#453D66,Not assessed
206 SCig_Foxb1:Zeb2_Glut_csHBs,subclass,cross_species_WB,multi,#47FF26,Not assessed
207 SCig_Pou4f2:Etv1_Glut_csHBs,subclass,cross_species_WB,multi,#002099,Not assessed
208 SCop_Neurod2:Barhl1:Bcl11b_Glut_csHBs,subclass,cross_species_WB,multi,#FF73FF,Not assessed
209 SC_Bnc2:Zeb2_Glut_csHBs,subclass,cross_species_WB,multi,#CC3D9D,Not assessed
210 SCsg_Pde5a_Glut_csHBs,subclass,cross_species_WB,multi,#B899FF,Not assessed
211 SCop_Sln_Glut_csHBs,subclass,cross_species_WB,multi,#73FF98,Not assessed
212 IC_En1:Maf_Glut_csHBs,subclass,cross_species_WB,multi,#6C1799,Not assessed
213 CUN_Evx2:Otx2_Glut_csHBs,subclass,cross_species_WB,multi,#CCC27A,Not assessed
214 SNr_Six3_Gaba_csHBs,subclass,cross_species_WB,multi,#7A5C99,Not assessed
215 IC_Six3 En2_Gaba_csHBs,subclass,cross_species_WB,multi,#C2FF26,Not assessed
216 MRN_Six3:H2:Q2_Gaba_csHBs,subclass,cross_species_WB,multi,#7AFF5A,Not assessed
217 PAG-RN_Nkx2-2:Otx1_Gaba_csHBs,subclass,cross_species_WB,multi,#4DCF4D,Not assessed
218 PRT_Mecom_Gaba_csHBs,subclass,cross_species_WB,multi,#CC6B3D,Not assessed
219 PAG_Tcf7l2:Tfap2b_Gaba_csHBs,subclass,cross_species_WB,multi,#474599,Not assessed
220 LGv-SPFp-SPFm_Nkx2-2:Nfib_Gaba_csHBs,subclass,cross_species_WB,multi,#FFC199,Not assessed
221 LGv_Nkx2-2:Zic4_Gaba_csHBs,subclass,cross_species_WB,multi,#FFD389,Not assessed
222 PAG-MRN_Nkx2-2:Rln3_Gaba_csHBs,subclass,cross_species_WB,multi,#CC7400,Not assessed
223 PRT_Tcf7l2:Nr4a2_Gaba_csHBs,subclass,cross_species_WB,multi,#5D2B82,Not assessed
224 PAG-ND-PCG_Otx1:Onecut1_Gaba_csHBs,subclass,cross_species_WB,multi,#000799,Not assessed
225 SC-PAG_Lef1:Emx2_Gaba_csHBs,subclass,cross_species_WB,multi,#4D79FF,Not assessed
226 SCm-PAG_Tfap2b:Cdh23_Gaba_csHBs,subclass,cross_species_WB,multi,#CC5C69,Not assessed
227 SCs_Lef1:Gli3_Gaba_csHBs,subclass,cross_species_WB,multi,#FFA300,Not assessed
228 SCs_Lef1:Otx2_Gaba_csHBs,subclass,cross_species_WB,multi,#994F45,Not assessed
229 SCs_Lef1:Nfib_Gaba_csHBs,subclass,cross_species_WB,multi,#CC1F66,Not assessed
230 SC_Gli3:Tnnt1_Gaba_csHBs,subclass,cross_species_WB,multi,#76CC5C,Not assessed
231 SCsg_Gabrr2_Gaba_csHBs,subclass,cross_species_WB,multi,#0E0163,Not assessed
232 SCs_Dmbx1:Foxp2_Gaba_csHBs,subclass,cross_species_WB,multi,#4CCC3D,Not assessed
233 SCs_Dmbx1:Pax7_Gaba_csHBs,subclass,cross_species_WB,multi,#00DB74,Not assessed
234 SCs_Otx2:Maf_Gaba_csHBs,subclass,cross_species_WB,multi,#99685C,Not assessed
235 SNr-VTA_Pax5:Npas1_Gaba_csHBs,subclass,cross_species_WB,multi,#2E8799,Not assessed
236 PAG-PPN_Pax5:Sox21_Gaba_csHBs,subclass,cross_species_WB,multi,#1D0066,Not assessed
237 MRN-VTN-PPN_Pax5:Cdh23_Gaba_csHBs,subclass,cross_species_WB,multi,#82CC1F,Not assessed
238 LDT_Pax5:Fgf7_Gaba_csHBs,subclass,cross_species_WB,multi,#3D1153,Not assessed
239 CS-PRNr-DR_Ikzf1_Gaba_csHBs,subclass,cross_species_WB,multi,#1F5366,Not assessed
240 PAG-MRN-RN_Foxa2_Gaba_csHBs,subclass,cross_species_WB,multi,#AB1DD6,Not assessed
241 PAG-ND-PCG_Onecut1_Gaba_csHBs,subclass,cross_species_WB,multi,#59008C,Not assessed
242 LDT-PCG-CS_Ebf3:Foxp2_Gaba_csHBs,subclass,cross_species_WB,multi,#830099,Not assessed
243 LDT-DTN_Sp9:Nfix_Gaba_csHBs,subclass,cross_species_WB,multi,#AAE6ED,Not assessed
244 PCG_Pax6:Nfix_Gaba_csHBs,subclass,cross_species_WB,multi,#991761,Not assessed
245 PCG_Pax6:Foxp2_Gaba_csHBs,subclass,cross_species_WB,multi,#B64845,Not assessed
246 SNc-VTA-RAmb_Foxa1_Gaba_csHBs,subclass,cross_species_WB,multi,#00EE88,Not assessed
247 SNc-VTA-RAmb_Foxa1_Dopa_csHBs,subclass,cross_species_WB,multi,#00FF00,Not assessed
248 MB-MY_Tph2_Glut-Sero_csHBs,subclass,cross_species_WB,multi,#99FFE4,Not assessed
249 PB_Evx2:Nr2f1_Glut_csHBs,subclass,cross_species_WB,multi,#1F8ACC,Not assessed
250 CUN-PPN_Evx2:Bnc2_Glut_csHBs,subclass,cross_species_WB,multi,#CC7A7E,Not assessed
251 PPN-LDT_Evx2:Irx4_Glut_csHBs,subclass,cross_species_WB,multi,#B87258,Not assessed
252 B-PB_Evx2:Onecut3_Glut_csHBs,subclass,cross_species_WB,multi,#4FF7DE,Not assessed
253 PB_Evx2:Tnc_Glut_csHBs,subclass,cross_species_WB,multi,#5F74D2,Not assessed
254 PBG_Ikzf1:Mtnr1a_Glut-Chol_csHBs,subclass,cross_species_WB,multi,#00CC7F,Not assessed
255 PCG-PRNr_Nkx6-1:Onecut2_Glut_csHBs,subclass,cross_species_WB,multi,#006C9E,Not assessed
256 PCG-PRNr_Nkx6-1:Sox2_Glut_csHBs,subclass,cross_species_WB,multi,#175B99,Not assessed
257 IPN-LDT_Nkx6-1:Pou4f1_Glut_csHBs,subclass,cross_species_WB,multi,#994546,Not assessed
258 LDT-PCG_Vsx2:Sox1:Gpr101_Glut_csHBs,subclass,cross_species_WB,multi,#FF4DC7,Not assessed
259 LDT-PCG_Vsx2:Pax5_Glut_csHBs,subclass,cross_species_WB,multi,#45994B,Not assessed
260 PRNc-NI-SG-RPO_Vsx2:Nr4a3:Nfib_Glut_csHBs,subclass,cross_species_WB,multi,#FC5DA2,Not assessed
261 PRNc-NI-SG-RPO_Vsx2:Nr4a3:Zfhx4_Glut_csHBs,subclass,cross_species_WB,multi,#559917,Not assessed
262 PB_Lmx1b:Pax5_Glut_csHBs,subclass,cross_species_WB,multi,#84FF73,Not assessed
263 PB_Lmx1a_Glut_csHBs,subclass,cross_species_WB,multi,#0F5666,Not assessed
264 MEV_Runx1:Ppp1r1c_Glut_csHBs,subclass,cross_species_WB,multi,#0F6610,Not assessed
265 PB-SUT_Tlx3:Lhx2_Glut_csHBs,subclass,cross_species_WB,multi,#5AFFB4,Not assessed
266 SOC_Mafb:Irx2_Glut_csHBs,subclass,cross_species_WB,multi,#FFFF5E,Not assessed
267 NLL_Prdm6:Foxp2_Glut_csHBs,subclass,cross_species_WB,multi,#CCFF4D,Not assessed
268 PSV_Neurod2:Pou3f1:Trpv6_Glut_csHBs,subclass,cross_species_WB,multi,#FC003F,Not assessed
269 PSV_Vmn1r196_Glut_csHBs,subclass,cross_species_WB,multi,#556B1E,Not assessed
270 PSV_Foxb1:Nat8f6_Glut_csHBs,subclass,cross_species_WB,multi,#2A662E,Not assessed
271 PSV_Dytn_Glut_csHBs,subclass,cross_species_WB,multi,#68771E,Not assessed
272 PB-NTS_Phox2b:Six2_Glut_csHBs,subclass,cross_species_WB,multi,#AB5CCC,Not assessed
273 IRN_Phox2b_Glut_csHBs,subclass,cross_species_WB,multi,#8DC18C,Not assessed
274 NTS_Phox2b:Pou3f1_Glut_csHBs,subclass,cross_species_WB,multi,#6AAC9F,Not assessed
275 NTS_Phox2b:Tfap2b_Glut_csHBs,subclass,cross_species_WB,multi,#439AA3,Not assessed
276 NTS_Phox2b:Gal_Glut_csHBs,subclass,cross_species_WB,multi,#2277AD,Not assessed
277 NTS_Dbh:Etv1_Glut-NE_csHBs,subclass,cross_species_WB,multi,#221F66,Not assessed
278 NTS-LC-PRN_Dbh:Sall3_Glut-NE_csHBs,subclass,cross_species_WB,multi,#5D005D,Not assessed
279 SPVO_Tlx3:Mafa:Fn1_Glut_csHBs,subclass,cross_species_WB,multi,#CC8E1F,Not assessed
280 SPVC_Prrxl1:Mafa_Glut_csHBs,subclass,cross_species_WB,multi,#805CCC,Not assessed
281 SPVC_Prrxl1:Ccdc172_Glut_csHBs,subclass,cross_species_WB,multi,#580099,Not assessed
282 SPVC_Prrxl1:Nmu_Glut_csHBs,subclass,cross_species_WB,multi,#99805C,Not assessed
283 SPVI-SPVC_Tlx3:Serpinb1b_Glut_csHBs,subclass,cross_species_WB,multi,#A2B90E,Not assessed
284 SPVI-SPVC_Tlx3:Bnc2_Glut_csHBs,subclass,cross_species_WB,multi,#84CC3D,Not assessed
285 SPVI-SPVC_Lmx1b:Pou4f1_Glut_csHBs,subclass,cross_species_WB,multi,#4AE56F,Not assessed
286 CU-ECU-SPVI_Lhx2:Foxb1_Glut_csHBs,subclass,cross_species_WB,multi,#5A1F66,Not assessed
287 MV-SPIV_Phox2b:Lbx1_Glut_csHBs,subclass,cross_species_WB,multi,#3DC2CC,Not assessed
288 SPVO-PSV_Tlx1_Glut_csHBs,subclass,cross_species_WB,multi,#F4FF94,Not assessed
289 MDRN_Lmx1b:Abcc9_Glut_csHBs,subclass,cross_species_WB,multi,#C7F785,Not assessed
290 MDRN-PARN_Prdm6_Glut_csHBs,subclass,cross_species_WB,multi,#99FB7F,Not assessed
291 MDRN-NTS_Foxd3:Aldh1a2_Glut_csHBs,subclass,cross_species_WB,multi,#F22693,Not assessed
292 MDRN_Foxd3:Vip_Glut_csHBs,subclass,cross_species_WB,multi,#8C5CCC,Not assessed
293 MV-SPIV_Foxd3:Ebf3_Glut_csHBs,subclass,cross_species_WB,multi,#85CC00,Not assessed
294 MV-SPIV_Bnc2:Hoxc4_Glut_csHBs,subclass,cross_species_WB,multi,#3CD052,Not assessed
295 CBN_Neurod2:Pvalb_Glut_csHBs,subclass,cross_species_WB,multi,#26FF93,Not assessed
296 MV-SPIV_Barhl1:Slc6a2_Glut_csHBs,subclass,cross_species_WB,multi,#99985C,Not assessed
298 VCO_Mafa:Meis2_Glut_csHBs,subclass,cross_species_WB,multi,#00CC7C,Not assessed
299 DCO_Evx2:Mycn_Glut_csHBs,subclass,cross_species_WB,multi,#10BFE8,Not assessed
300 PCG-PRNr_Vsx2:Nkx6-1_Glut_csHBs,subclass,cross_species_WB,multi,#545090,Not assessed
301 MDRNv_Vsx2:Crp_Glut_csHBs,subclass,cross_species_WB,multi,#1FCC43,Not assessed
302 PRN-GRN_Vsx2:Lhx4_Glut_csHBs,subclass,cross_species_WB,multi,#C6FF99,Not assessed
303 MARN-GRN_Nkx6-2:Pyy_Glut_csHBs,subclass,cross_species_WB,multi,#458499,Not assessed
304 GRN_Otp:Tcf7l2:C1ql4_Glut_csHBs,subclass,cross_species_WB,multi,#EE306A,Not assessed
305 PCG-PDT_Otp:Skor2_Glut_csHBs,subclass,cross_species_WB,multi,#FF6426,Not assessed
306 PCG-CS-NI_Otp:Vmn1r206_Glut_csHBs,subclass,cross_species_WB,multi,#CC7900,Not assessed
307 GRN-MDRN_Otp_Glut_csHBs,subclass,cross_species_WB,multi,#BFFFA6,Not assessed
308 MV_Otp:Onecut1_Glut_csHBs,subclass,cross_species_WB,multi,#9AC999,Not assessed
309 PRN_Otp_Glut_csHBs,subclass,cross_species_WB,multi,#EA7400,Not assessed
311 PHY_Dmbx1_Glut_csHBs,subclass,cross_species_WB,multi,#996E45,Not assessed
312 IRN_Hmx2:Vip_Glut_csHBs,subclass,cross_species_WB,multi,#66593D,Not assessed
313 MDRN_Hmx2_Glut_csHBs,subclass,cross_species_WB,multi,#A5FFB1,Not assessed
314 PG-TRN-LRN_Fat2_Glut_csHBs,subclass,cross_species_WB,multi,#9B7ACC,Not assessed
315 IO_Hoxd1:Fgl2_Glut_csHBs,subclass,cross_species_WB,multi,#99322E,Not assessed
316 DMX-VII_Tbx20_Chol_csHBs,subclass,cross_species_WB,multi,#566600,Not assessed
317 HB_Calcb_Chol_csHBs,subclass,cross_species_WB,multi,#EAFF4D,Not assessed
318 PDTg_Otp:Shroom3_Gaba_csHBs,subclass,cross_species_WB,multi,#5BFF00,Not assessed
319 IPN_Otp:Crisp1_Gaba_csHBs,subclass,cross_species_WB,multi,#BCCC3D,Not assessed
320 DTN-LDT-IPN_Otp:Vmn1r209_Gaba_csHBs,subclass,cross_species_WB,multi,#1F3766,Not assessed
321 PCG-LDT_Otp:Satb2_Gaba_csHBs,subclass,cross_species_WB,multi,#456499,Not assessed
322 PCG-CS_Otp:Pax3:Nfia_Gaba_csHBs,subclass,cross_species_WB,multi,#4121F7,Not assessed
323 PDTg_Otp:Olig3_Gaba_csHBs,subclass,cross_species_WB,multi,#0F1266,Not assessed
324 PPN-CUN-PCG_Otp:Pax7:En1_Gaba_csHBs,subclass,cross_species_WB,multi,#DF99FF,Not assessed
325 MRN-PPN-CUN_Otp:Pax8_Gaba_csHBs,subclass,cross_species_WB,multi,#3DCC66,Not assessed
326 CS-PRNr-PCG_Otp:Npas1_Gaba_csHBs,subclass,cross_species_WB,multi,#3D6647,Not assessed
327 CS-RPO_Otp:Meis2_Gaba_csHBs,subclass,cross_species_WB,multi,#B6CC5C,Not assessed
328 POR-SOC_Gata3:En1_Gly-Gaba_csHBs,subclass,cross_species_WB,multi,#E57300,Not assessed
329 POR_Gata3:En1:Sox2_Gly-Gaba_csHBs,subclass,cross_species_WB,multi,#00CC1B,Not assessed
330 SOC_Gata3:Sall3_Gly-Gaba_csHBs,subclass,cross_species_WB,multi,#A9FF89,Not assessed
332 NLL_Gata3:En1:Hoxb3_Gly-Gaba_csHBs,subclass,cross_species_WB,multi,#E18C00,Not assessed
333 POR_Nkx6-1_Gly-Gaba_csHBs,subclass,cross_species_WB,multi,#35CC00,Not assessed
334 PSV_Erg:Pax2_Gly-Gaba_csHBs,subclass,cross_species_WB,multi,#D2B8F2,Not assessed
335 PB_Pax2:Sst_Gly-Gaba_csHBs,subclass,cross_species_WB,multi,#F44D00,Not assessed
336 NTS_Gbx2:Zic4_Gly-Gaba_csHBs,subclass,cross_species_WB,multi,#CC3D70,Not assessed
337 MDRN-SPV_Gbx2:Lhx1_Gly-Gaba_csHBs,subclass,cross_species_WB,multi,#BA3D35,Not assessed
338 NTS-PARN_Neurod2_Gly-Gaba_csHBs,subclass,cross_species_WB,multi,#FF1400,Not assessed
339 SPVI-SPVC_Sall3:Lhx1_Gly-Gaba_csHBs,subclass,cross_species_WB,multi,#FF73EA,Not assessed
340 SPVI-SPVC_Sall3:Nfib_Gly-Gaba_csHBs,subclass,cross_species_WB,multi,#66140F,Not assessed
341 NTS-MDRNd_Neurog2:Zic1_Gly-Gaba_csHBs,subclass,cross_species_WB,multi,#990004,Not assessed
342 PARN-PGRNI_Neurod2:Cyp26b1_Gly-Gaba_csHBs,subclass,cross_species_WB,multi,#6FF754,Not assessed
343 PAS-MV_Hoxa5:Ebf2_Gly-Gaba_csHBs,subclass,cross_species_WB,multi,#2E3399,Not assessed
344 MV_Pax6:Slc1a5_Gly-Gaba_csHBs,subclass,cross_species_WB,multi,#66502E,Not assessed
345 CU-ECU_Foxb1:Ceacam10_Gly-Gaba_csHBs,subclass,cross_species_WB,multi,#2E6799,Not assessed
346 MV_Nkx6-1_Gly-Gaba_csHBs,subclass,cross_species_WB,multi,#CC3D91,Not assessed
347 MDRN_Hoxb5:Irx3:Ebf2_Gly-Gaba_csHBs,subclass,cross_species_WB,multi,#660038,Not assessed
348 MV-SPIV-PRP_Dmbx1_Gly-Gaba_csHBs,subclass,cross_species_WB,multi,#00BBE2,Not assessed
350 CBN_Dmbx1:Bnc2_Gaba_csHBs,subclass,cross_species_WB,multi,#00FF6C,Not assessed
351 MV_Gbx2:Nr4a2_Gly-Gaba_csHBs,subclass,cross_species_WB,multi,#EFDA4F,Not assessed
353 PRNc_Otp:Npas1_Gly-Gaba_csHBs,subclass,cross_species_WB,multi,#AFFBD0,Not assessed
355 PRNc_Otp:Foxd3:Pax8_Gly-Gaba_csHBs,subclass,cross_species_WB,multi,#4DFFFF,Not assessed
356 PRNc_Otp:Foxd3_Gly-Gaba_csHBs,subclass,cross_species_WB,multi,#23CCE2,Not assessed
357 PRNc_Otp:Prox1:Brs3_Gly-Gaba_csHBs,subclass,cross_species_WB,multi,#A8FFFF,Not assessed
358 PRNc_Ikzf1:Nkx6-1_Gly-Gaba_csHBs,subclass,cross_species_WB,multi,#0EFAE4,Not assessed
359 PRP_Otp:Foxd3:Neurdo2_Gly-Gaba_csHBs,subclass,cross_species_WB,multi,#B56157,Not assessed
360 PRP_Otp:Neurod2:Prox1_Gly-Gaba_csHBs,subclass,cross_species_WB,multi,#9B5941,Not assessed
361 PRP_Otp:Prrxl1_Gly-Gaba_csHBs,subclass,cross_species_WB,multi,#793C2E,Not assessed
362 PRP_Otp:Hmx2_Gly-Gaba_csHBs,subclass,cross_species_WB,multi,#8D5400,Not assessed
363 PRP_Otp:Onecut3_Gly-Gaba_csHBs,subclass,cross_species_WB,multi,#986D13,Not assessed
364 MDRNd_Foxd3:Sp8_Gaba_csHBs,subclass,cross_species_WB,multi,#4E5B48,Not assessed
365 MY_Otp:Hoxb5_Gaba_csHBs,subclass,cross_species_WB,multi,#E700A5,Not assessed
366 MY_Foxd3:Onecut2_Gly-Gaba_csHBs,subclass,cross_species_WB,multi,#E7009B,Not assessed
367 CSF-cNs_Pkd2l1_Gaba_csHBs,subclass,cross_species_WB,multi,#26FFE8,Not assessed
368 PRP_Gata3:Tmem233_Gly-Gaba_csHBs,subclass,cross_species_WB,multi,#00FF08,Not assessed
369 RPA_Gata3:Pax6:Hoxb5_Gly-Gaba_csHBs,subclass,cross_species_WB,multi,#3426FF,Not assessed
370 MARN-PPY_Gata3:Sall1_Gly-Gaba_csHBs,subclass,cross_species_WB,multi,#F21C9E,Not assessed
371 MY_Gata3:Hoxc4_Gly-Gaba_csHBs,subclass,cross_species_WB,multi,#E60087,Not assessed
372 PPY-PGRNl_Vip_Gly-Gaba_csHBs,subclass,cross_species_WB,multi,#CC5C81,Not assessed
373 MV-PRP_Dmbx1:Meis2_Gly-Gaba_csHBs,subclass,cross_species_WB,multi,#98BAFF,Not assessed
374 IRN_Dmbx1:Hoxb5_Gly-Gaba_csHBs,subclass,cross_species_WB,multi,#5C997D,Not assessed
375 MY_Hoxb5:Tfap2b_Gly-Gaba_csHBs,subclass,cross_species_WB,multi,#F20985,Not assessed
376 MY_Sox6:Skor1_Gly-Gaba_csHBs,subclass,cross_species_WB,multi,#B70375,Not assessed
377 MY_Lbx1:Lhx1_Gly-Gaba_csHBs,subclass,cross_species_WB,multi,#8C0F73,Not assessed
378 MY_Nkx6-1:Pax2_Gly-Gaba_csHBs,subclass,cross_species_WB,multi,#9A476A,Not assessed
379 MY_Nkx6-1:Hmga2_Gly-Gaba_csHBs,subclass,cross_species_WB,multi,#D53242,Not assessed
380 GRN-IRN-MDRNd_Ikzf1:Prrxl1_Gly-Gaba_csHBs,subclass,cross_species_WB,multi,#659900,Not assessed
381 DCO_Il22_Gly-Gaba_csHBs,subclass,cross_species_WB,multi,#994517,Not assessed
382 CB_PLI_Gly-Gaba_csHBs,subclass,cross_species_WB,multi,#009899,Not assessed
383 CBX_MLI:Cdh22_Gaba_csHBs,subclass,cross_species_WB,multi,#45996C,Not assessed
384 CBX_MLI:Megf11_Gaba_csHBs,subclass,cross_species_WB,multi,#8BCC5C,Not assessed
385 CBX_Golgi_Gly-Gaba_csHBs,subclass,cross_species_WB,multi,#003366,Not assessed
386 CBX_Purkinje_Gaba_csHBs,subclass,cross_species_WB,multi,#511799,Not assessed
387 CB_Granule_Glut_csHBs,subclass,cross_species_WB,multi,#FF4826,Not assessed
388 DCO_UBC_Glut_csHBs,subclass,cross_species_WB,multi,#1FCC87,Not assessed
389 Pineal_Crx_Glut_csHBs,subclass,cross_species_WB,multi,#0F6654,Not assessed
390 Bergmann_NN_csHBs,subclass,cross_species_WB,multi,#8E2600,Not assessed
391 Astro-CB_NN_csHBs,subclass,cross_species_WB,multi,#CC4E00,Not assessed
392 Astro-NT_NN_csHBs,subclass,cross_species_WB,multi,#AD5CCC,Not assessed
393 Astro-TE_NN_csHBs,subclass,cross_species_WB,multi,#3DCCB1,Not assessed
394 Astro-OLF_NN_csHBs,subclass,cross_species_WB,multi,#FF73CF,Not assessed
395 Astroependymal_NN_csHBs,subclass,cross_species_WB,multi,#0833CE,Not assessed
396 Tanycyte_NN_csHBs,subclass,cross_species_WB,multi,#FF26A1,Not assessed
397 Ependymal_NN_csHBs,subclass,cross_species_WB,multi,#D8FF00,Not assessed
398 Hypendymal_NN_csHBs,subclass,cross_species_WB,multi,#3F2E99,Not assessed
399 CHOR_NN_csHBs,subclass,cross_species_WB,multi,#2D9917,Not assessed
400 OPC_NN_csHBs,subclass,cross_species_WB,multi,#FF26CB,Not assessed
401 Oligo_NN_csHBs,subclass,cross_species_WB,multi,#99FFBC,Not assessed
402 OEC_NN_csHBs,subclass,cross_species_WB,multi,#FF99CF,Not assessed
403 ABC_NN_csHBs,subclass,cross_species_WB,multi,#CC5CC1,Not assessed
404 VLMC_NN_csHBs,subclass,cross_species_WB,multi,#653D66,Not assessed
405 Peri_NN_csHBs,subclass,cross_species_WB,multi,#82992E,Not assessed
406 SMC_NN_csHBs,subclass,cross_species_WB,multi,#FF9F73,Not assessed
407 Endo_NN_csHBs,subclass,cross_species_WB,multi,#994567,Not assessed
408 Microglia_NN_csHBs,subclass,cross_species_WB,multi,#CC1F4E,Not assessed
409 BAM_NN_csHBs,subclass,cross_species_WB,multi,#66493D,Not assessed
410 DC_NN_csHBs,subclass,cross_species_WB,multi,#CCA27A,Not assessed
412 Lymphoid_NN_csHBs,subclass,cross_species_WB,multi,#3D5766,Not assessed
414 Pit_Six1_NN_csHBs,subclass,cross_species_WB,multi,#A5A3D9,Not assessed
